ticker,date,actual,predicted
ACN,2025-01-02,0.1707392083199965,0.2478093104182975
ACN,2025-01-03,0.1641374508068608,0.2477569290754975
ACN,2025-01-06,0.159840232206235,0.252424463500253
ACN,2025-01-07,0.1546260476176697,0.2519104264576702
ACN,2025-01-08,0.156080147598721,0.2474342653308401
ACN,2025-01-10,0.1472405111810375,0.2469943002865412
ACN,2025-01-13,0.1422365665266236,0.2484520008631067
ACN,2025-01-14,0.1668918629669488,0.2477910662101199
ACN,2025-01-15,0.1699397888862037,0.2476735104769782
ACN,2025-01-16,0.1696886377745177,0.2506405082437787
ACN,2025-01-17,0.1745646964984512,0.2466197917911821
ACN,2025-01-21,0.1786494040272649,0.2466769620108325
ACN,2025-01-22,0.1819198790966962,0.2464581372005753
ACN,2025-01-23,0.2635018877753924,0.2462136058644476
ACN,2025-01-24,0.2646587622143224,0.2464114342348827
ACN,2025-01-27,0.2318924130183295,0.2461483928495024
ACN,2025-01-28,0.2263513551723822,0.2487977814835022
ACN,2025-01-29,0.2166696516552278,0.2483351998973705
ACN,2025-01-30,0.2042168069766458,0.2484698891716038
ACN,2025-01-31,0.2001230739318441,0.2491077378190925
ACN,2025-02-03,0.2003580292788985,0.2491317374408811
ACN,2025-02-04,0.1841055900728581,0.2481904826708614
ACN,2025-02-05,0.1677824549307449,0.2482831013061213
ACN,2025-02-06,0.2895511814574331,0.2487973663028032
ACN,2025-02-07,0.2904830222071009,0.2507290813410536
ACN,2025-02-10,0.2875817330960256,0.2495581321935061
ACN,2025-02-11,0.2771402249422742,0.2494917284520031
ACN,2025-02-12,0.2765868975030684,0.2496217854168215
ACN,2025-02-13,0.2794505951269608,0.249428884068346
ACN,2025-02-14,0.2767028542895866,0.2491704489862354
ACN,2025-02-18,0.2808800772494612,0.2488697730048907
ACN,2025-02-19,0.2814415250072015,0.2478684188219883
ACN,2025-02-20,0.2836101685407816,0.2480152829965262
ACN,2025-02-21,0.15571314789428,0.248497963645163
ACN,2025-02-24,0.1671760760492309,0.2569657062670171
ACN,2025-02-25,0.1783907250420013,0.2532097963105413
ACN,2025-02-26,0.1778511900066282,0.2520862981867449
ACN,2025-02-27,0.1849581928932296,0.2520121860936058
ACN,2025-02-28,0.1904037791900934,0.2519423407279684
ACN,2025-03-03,0.2431222109657213,0.2534065061583295
ACN,2025-03-04,0.2390866999215354,0.2533262581942394
ACN,2025-03-05,0.2313652562124499,0.2531203278772496
ACN,2025-03-06,0.414031002962636,0.2381073089888784
ACN,2025-03-07,0.4318416928554364,0.2383434099452623
ACN,2025-03-10,0.4368754106153367,0.237707317306331
ACN,2025-03-11,0.4347219004674684,0.2380701080850626
ACN,2025-03-12,0.4386013071535838,0.2386719233914983
ACN,2025-03-13,0.4275069847027093,0.2383036747752034
ACN,2025-03-14,0.4280229991324126,0.2387666578307268
ACN,2025-03-17,0.4345585046400014,0.2380721340454016
ACN,2025-03-18,0.4369462218011685,0.238269570790797
ACN,2025-03-19,0.4407247485527679,0.2374107305393221
ACN,2025-03-20,0.3191259014166362,0.2364880474420354
ACN,2025-03-21,0.412718036759202,0.2481218036186657
ACN,2025-03-24,0.4079230563591435,0.2475856611865032
ACN,2025-03-25,0.4014780488081953,0.2466835329778044
ACN,2025-03-26,0.5425859492775922,0.2461123573319187
ACN,2025-03-27,0.5819238284324321,0.2848381357549147
ACN,2025-03-28,0.5811222712187565,0.2833055008728671
ACN,2025-03-31,0.5727473184062715,0.2454397496631877
ACN,2025-04-01,0.5693474813467571,0.2463002980723329
ACN,2025-04-02,0.5619624459055931,0.2457961894167748
ACN,2025-04-03,0.520289054963396,0.2898513439863536
ACN,2025-04-04,0.4428509410490576,0.296428977579131
ACN,2025-04-07,0.4523877603029209,0.3066222308423803
ACN,2025-04-08,0.4522392209922407,0.3038918448781939
ACN,2025-04-09,0.3076257885988555,0.2560530309933507
ACN,2025-04-10,0.1939978724471919,0.3125125252750356
ACN,2025-04-11,0.1922025581807457,0.3169110933704127
ACN,2025-04-14,0.1891887061452578,0.3246041096619797
ACN,2025-04-15,0.1854214097071277,0.3228395675234428
ACN,2025-04-16,0.1641033925860712,0.3396204159834952
ACN,2025-04-17,0.1467937806669305,0.3383514659924512
ACN,2025-04-21,0.1025207525925538,0.335730288346422
ACN,2025-04-22,0.1443240160198161,0.3329028039011251
ACN,2025-04-23,0.1376264631989625,0.3310182877709961
ACN,2025-04-24,0.1357775041604149,0.328640926907238
ACN,2025-04-25,0.1428325270873074,0.3258576185048991
ACN,2025-04-28,0.2431501938115988,0.3228224327570025
ACN,2025-04-29,0.2413854736494604,0.3215313760113044
ACN,2025-04-30,0.2509392010998453,0.3230734225548431
ACN,2025-05-01,0.2507475958514886,0.3199231371266204
ACN,2025-05-02,0.2730654443367438,0.3211841814364083
ACN,2025-05-05,0.272391536930641,0.3195558383600625
ACN,2025-05-06,0.2568145405607691,0.3172738145414845
ACN,2025-05-07,0.2643256253635623,0.3148496545743894
ACN,2025-05-08,0.2650740362757328,0.3135300834149919
ACN,2025-05-09,0.2915973470436174,0.3111810174299875
ACN,2025-05-12,0.1919917439483204,0.3111134215791979
ACN,2025-05-13,0.1922084213397355,0.3146474734035974
ACN,2025-05-14,0.1937735747188358,0.3156025538007173
ACN,2025-05-15,0.1863862281746554,0.3122317378531579
ACN,2025-05-16,0.1697320292434816,0.2731682960838001
ACN,2025-05-19,0.1668034299239409,0.2708187848385678
ACN,2025-05-20,0.1786120408960463,0.269437108967156
ACN,2025-05-21,0.175415116995681,0.2693415390194106
ACN,2025-05-22,0.1785339234526772,0.2693464699215024
ACN,2025-05-23,0.1315489582357173,0.2690628352832741
ACN,2025-05-27,0.1147596764955827,0.2721627267454617
ACN,2025-05-28,0.1200653038707772,0.2719092664771928
ACN,2025-05-29,0.1190968022287552,0.2701663639727804
ACN,2025-05-30,0.1576557097486992,0.2698761717227212
ACN,2025-06-02,0.161259641421558,0.2695698740213423
ACN,2025-06-03,0.1636833697513665,0.2696389829628537
ACN,2025-06-04,0.1726241852678332,0.2677301022209935
ACN,2025-06-05,0.3817288363983556,0.2683456810087233
ACN,2025-06-06,0.4333492259182391,0.2677817042627537
ACN,2025-06-09,0.4535550428542216,0.2672094734960109
ACN,2025-06-10,0.4465234797310404,0.2667945705338109
ACN,2025-06-11,0.4516024258005652,0.2681138549177452
ACN,2025-06-12,0.4519881749897181,0.2586982977417408
ACN,2025-06-13,0.4546975211882751,0.2568076834770653
ACN,2025-06-16,0.4582551780425751,0.258008878435936
ACN,2025-06-17,0.4579748056138504,0.2576462087200324
ACN,2025-06-18,0.4527857136213023,0.2563931538358799
ACN,2025-06-20,0.2485363635231679,0.2573800566420283
ACN,2025-06-23,0.1966203972834892,0.3126430274334463
ACN,2025-06-24,0.2026656844449703,0.3126521945918059
ACN,2025-06-25,0.2181266171097107,0.2766314443915595
ACN,2025-06-26,0.2446144572973821,0.2780732867520551
ACN,2025-06-27,0.2442527451851759,0.2718598396103026
ACN,2025-06-30,0.2294523950103922,0.2715845533638648
ACN,2025-07-01,0.2308061289285045,0.2734636840604068
ACN,2025-07-02,0.2469914953146899,0.2737704105546082
ACN,2025-07-03,0.236099243042324,0.271508807985828
ACN,2025-07-07,0.2351383419911037,0.2724444239916311
ACN,2025-07-08,0.2488252282157463,0.2743167798413958
ACN,2025-07-09,0.2349414179799919,0.2731830459995536
ACN,2025-07-10,0.2113382394548362,0.2772174157797227
ACN,2025-07-11,0.1683826587094486,0.2823314097587955
ACN,2025-07-14,0.2027555812742343,0.2837141402435396
ACN,2025-07-15,0.1918859531145117,0.274377196462276
ACN,2025-07-16,0.2000848418964967,0.2774593311665836
ACN,2025-07-17,0.2171395906326713,0.2735286859427902
ACN,2025-07-18,0.2901673545552228,0.3221151983407465
ACN,2025-07-21,0.3099967998314047,0.3161741250472921
ACN,2025-07-22,0.3283852558544172,0.3137842705463556
ACN,2025-07-23,0.3344553440030799,0.3127329427167633
ACN,2025-07-24,0.3377558221420796,0.3105032416651148
ACN,2025-07-25,0.3199851388644404,0.3095713799771418
ACN,2025-07-28,0.3262849872399683,0.2702345011763163
ACN,2025-07-29,0.3114743684386158,0.2762307917849009
ACN,2025-07-30,0.393721066014793,0.2708404405508404
ACN,2025-07-31,0.3893234777968794,0.2742702102796498
ACN,2025-08-01,0.3331572362131411,0.2792823622734027
ACN,2025-08-04,0.3273684253153759,0.3039641825564627
ACN,2025-08-05,0.2602841000723107,0.2788700287908053
ACN,2025-08-06,0.2624468395888024,0.3076806339955424
ACN,2025-08-07,0.2216992151612851,0.2799015474791142
ACN,2025-08-08,0.2155988808199047,0.2856447160861985
ACN,2025-08-11,0.233895993544985,0.3213701459594711
ACN,2025-08-12,0.233135177864809,0.2788975864421381
ACN,2025-08-13,0.1864145639203804,0.2789067756092389
ACN,2025-08-14,0.1907322434650743,0.2905791043803293
ACN,2025-08-15,0.1981000448333858,0.2799129557265481
ACN,2025-08-18,0.220039718471583,0.2796857267801221
ACN,2025-08-19,0.1794614357094429,0.2804789689571824
ACN,2025-08-20,0.1802336965579217,0.2874763107340185
ACN,2025-08-21,0.184136116728389,0.2803370801941821
ACN,2025-08-22,0.1480402155480247,0.2803360598376968
ACN,2025-08-25,0.151975717008301,0.2844904710914001
ACN,2025-08-26,0.2298859224757992,0.2821365483465227
ACN,2025-08-27,0.2268386426651204,0.280704457693975
ACN,2025-08-28,0.2438602182379295,0.2810241344304651
ACN,2025-08-29,0.2139023960411503,0.2806323413156696
ACN,2025-09-02,0.2122519649183001,0.2825971608311472
ACN,2025-09-03,0.2501911863201028,0.2827886375969518
ACN,2025-09-04,0.2503364686790721,0.2813528042244977
ACN,2025-09-05,0.2419838567077083,0.2809688103600584
ACN,2025-09-08,0.240845282418051,0.2813940791935163
ACN,2025-09-09,0.2463215779693466,0.2808454740566188
ACN,2025-09-10,0.2074931868800184,0.2826443383510857
ACN,2025-09-11,0.2410587711293097,0.293669620218775
ACN,2025-09-12,0.2651278906787646,0.2832052868017735
ACN,2025-09-15,0.3109556367383458,0.2874655797234242
ACN,2025-09-16,0.3091692531412854,0.2832938455150337
ACN,2025-09-17,0.3068592922186418,0.2834005744969607
ACN,2025-09-18,0.303576022359964,0.2862203781129332
ACN,2025-09-19,0.3036276318508338,0.2843664671779281
ACN,2025-09-22,0.3069899136847964,0.2793127297656075
ACN,2025-09-23,0.2826659209482453,0.2793006600558885
ACN,2025-09-24,0.2786382620419652,0.2826335745580332
ACN,2025-09-25,0.2178196377772947,0.2819314214327455
ACN,2025-09-26,0.3185508246675126,0.2871733772018524
ACN,2025-09-29,0.2716666399058086,0.2885097866818347
ACN,2025-09-30,0.2724059105316034,0.2988619037508351
ACN,2025-10-01,0.281882305329082,0.2799269001781689
ACN,2025-10-02,0.3016335155754084,0.2811559376745019
ACN,2025-10-03,0.3209887546056754,0.2795604567359463
ACN,2025-10-06,0.3269436615521108,0.2797041135275602
ACN,2025-10-07,0.369265756548857,0.2809751656710366
ACN,2025-10-08,0.3677200736509984,0.2811110639313307
ACN,2025-10-09,0.3680569001700796,0.2800807822776022
ACN,2025-10-10,0.2808656954811823,0.2794203304326054
ACN,2025-10-13,0.2823629136159002,0.3007213859418733
ACN,2025-10-14,0.2847171697984481,0.2830172166294033
ACN,2025-10-15,0.2935149780165544,0.2819779380487088
ACN,2025-10-16,0.2508557122024719,0.2853260734626021
ACN,2025-10-17,0.2415800307824532,0.2881392955260637
ACN,2025-10-20,0.2392726120982152,0.2865198263751075
ACN,2025-10-21,0.1965417184632607,0.2859577071623082
ACN,2025-10-22,0.2272259011549947,0.295122255899414
ACN,2025-10-23,0.2604500420195671,0.2859329528593171
ACN,2025-10-24,0.2794858117274174,0.285779762736317
ACN,2025-10-27,0.2698214019587182,0.2862183717650226
ACN,2025-10-28,0.2611546890048186,0.2871431264094183
ACN,2025-10-29,0.2585117617780746,0.2864066924812324
ACN,2025-10-30,0.2573800749579953,0.2900197362124296
ACN,2025-10-31,0.2598561641807914,0.2864810445355268
ACN,2025-11-03,0.2685842466151473,0.2870733436623011
ACN,2025-11-04,0.2463925987931125,0.2834934958309413
ACN,2025-11-05,0.2197485969372943,0.2885396374004742
ACN,2025-11-06,0.1754630130924921,0.2881004836272296
ACN,2025-11-07,0.2763537254307576,0.2920545227204962
ACN,2025-11-10,0.3289890845940041,0.2896743373815764
ACN,2025-11-11,0.3447571909243103,0.2850359920527334
ACN,2025-11-12,0.3381148159410603,0.2853656914689459
ACN,2025-11-13,0.3401866771892629,0.2874779121740597
ACN,2025-11-14,0.3616890535231278,0.2848478819124006
ACN,2025-11-17,0.3441867971895538,0.2858444528145945
ACN,2025-11-18,0.3791668063061583,0.2866602406271446
ACN,2025-11-19,0.399465355032372,0.2834377215198876
ACN,2025-11-20,0.4097247959455594,0.2825740369603799
ACN,2025-11-21,0.3625826783589554,0.2823511866190649
ACN,2025-11-24,0.2906651143788024,0.3025225973387838
ACN,2025-11-25,0.2820255378765458,0.2973682659651617
ACN,2025-11-26,0.2838991455615963,0.2925916551490748
ACN,2025-11-28,0.2847228351946315,0.2878429785263875
ACN,2025-12-01,0.260895545222039,0.288270794016074
ACN,2025-12-02,0.2687614077698795,0.2962693844750381
ACN,2025-12-03,0.1518729107991465,0.2907087717577917
ACN,2025-12-04,0.1542725902898669,0.3078189646051027
ACN,2025-12-05,0.1470641314759369,0.2941636799883423
ACN,2025-12-08,0.1520988107716585,0.2927836794241984
ACN,2025-12-09,0.1420390262179479,0.2912609975760218
ACN,2025-12-10,0.1323650440037556,0.2924503603649636
ACN,2025-12-11,0.1298504455796036,0.2921070936589758
ACN,2025-12-12,0.1279173689200501,0.2916344053791957
ACN,2025-12-15,0.112354133028317,0.2912968436210728
ACN,2025-12-16,0.107011529595033,0.2923720984369583
ADBE,2025-01-02,0.2849704782294188,0.3773492456947503
ADBE,2025-01-03,0.2692821637199954,0.3770001948847803
ADBE,2025-01-06,0.269317271288064,0.3771624506663086
ADBE,2025-01-07,0.2420918432372747,0.3764365335025759
ADBE,2025-01-08,0.2389475900520865,0.3762921844428795
ADBE,2025-01-10,0.1223963728420083,0.3759281662274612
ADBE,2025-01-13,0.1224495746390094,0.3768759314072811
ADBE,2025-01-14,0.1326607562194893,0.3763137503311398
ADBE,2025-01-15,0.131671021604328,0.3758850748333395
ADBE,2025-01-16,0.1547212418301351,0.3754256384181209
ADBE,2025-01-17,0.1525189724637752,0.3755391612102666
ADBE,2025-01-21,0.1359207809503066,0.3749597767718742
ADBE,2025-01-22,0.1397805170354599,0.3733796402004299
ADBE,2025-01-23,0.1421919370593412,0.3740359834103475
ADBE,2025-01-24,0.1430612153112639,0.3720102951696947
ADBE,2025-01-27,0.2517948658309419,0.3718821442753566
ADBE,2025-01-28,0.2599306401193501,0.3716015307062786
ADBE,2025-01-29,0.258555141913474,0.3708284878346249
ADBE,2025-01-30,0.2637167434786081,0.3705508765805441
ADBE,2025-01-31,0.2332154763561592,0.369777767591092
ADBE,2025-02-03,0.2333782899051389,0.3702688245248111
ADBE,2025-02-04,0.2565394183655916,0.3699179504554303
ADBE,2025-02-05,0.2556501177916521,0.3695783164593152
ADBE,2025-02-06,0.2871809541731426,0.3694554988763867
ADBE,2025-02-07,0.2845096033605441,0.3688474692099339
ADBE,2025-02-10,0.1885486219235481,0.3675340663913298
ADBE,2025-02-11,0.1571360022369535,0.369524448631083
ADBE,2025-02-12,0.1429643882480329,0.3699120112483263
ADBE,2025-02-13,0.1489124845609778,0.3432970247052544
ADBE,2025-02-14,0.153134225323928,0.3424720905358728
ADBE,2025-02-18,0.1619156649782951,0.3416276765424755
ADBE,2025-02-19,0.1651438400719104,0.3411350153350035
ADBE,2025-02-20,0.1774000817906599,0.3623227836356663
ADBE,2025-02-21,0.1433705476137686,0.3599540004873823
ADBE,2025-02-24,0.2213947204332696,0.360593992292793
ADBE,2025-02-25,0.2214699259068404,0.3605325246556096
ADBE,2025-02-26,0.2310458143418789,0.3603447544656283
ADBE,2025-02-27,0.7834623980502814,0.3593806856206717
ADBE,2025-02-28,0.8340988970120297,0.3592861187025829
ADBE,2025-03-03,0.8382198789555366,0.3365356100950273
ADBE,2025-03-04,0.8302654079603297,0.3360338466925159
ADBE,2025-03-05,0.8194970478146358,0.3354554760845243
ADBE,2025-03-06,0.8253914806752444,0.3346778739585081
ADBE,2025-03-07,0.8163357264395392,0.3338288156010799
ADBE,2025-03-10,0.8256481942286761,0.3330922196004007
ADBE,2025-03-11,0.8418175769510452,0.3334450374465804
ADBE,2025-03-12,0.8358954928616406,0.3320971437537257
ADBE,2025-03-13,0.3114724997817011,0.3307818659351917
ADBE,2025-03-14,0.2610514776685054,0.3635274976348852
ADBE,2025-03-17,0.2494380980437205,0.3646086220814605
ADBE,2025-03-18,0.2327730177464328,0.3628056604518941
ADBE,2025-03-19,0.2331806765235883,0.3611465082005545
ADBE,2025-03-20,0.334623251051276,0.35973998639217
ADBE,2025-03-21,0.4033857996133619,0.4260302416123971
ADBE,2025-03-24,0.3738179254443452,0.4212540795398434
ADBE,2025-03-25,0.3205780468926946,0.4202039546867511
ADBE,2025-03-26,0.5432411801449076,0.4178272907611773
ADBE,2025-03-27,0.5654010496209771,0.4111163155108303
ADBE,2025-03-28,0.566702403235445,0.4061802368089422
ADBE,2025-03-31,0.5669397054662199,0.4060803484286316
ADBE,2025-04-01,0.5666910535567682,0.4027026448263265
ADBE,2025-04-02,0.5610582687646818,0.3996144245023037
ADBE,2025-04-03,0.5299945851437057,0.3967183419086739
ADBE,2025-04-04,0.4718498270678462,0.4055143937626934
ADBE,2025-04-07,0.4641025829715532,0.4172677516831484
ADBE,2025-04-08,0.4635447799855453,0.4123267119882945
ADBE,2025-04-09,0.3138749460931812,0.4099536655437386
ADBE,2025-04-10,0.2347725015144497,0.439438856621192
ADBE,2025-04-11,0.2347912151428233,0.4427976962420188
ADBE,2025-04-14,0.2295098400206797,0.3801002656552044
ADBE,2025-04-15,0.2271584196635638,0.4405767758323907
ADBE,2025-04-16,0.188447474554476,0.427100174546626
ADBE,2025-04-17,0.1914218128256966,0.4277836848523821
ADBE,2025-04-21,0.1428413876538404,0.4252231583131853
ADBE,2025-04-22,0.1358978059247762,0.4300530003391037
ADBE,2025-04-23,0.1363701949816939,0.4385477893017392
ADBE,2025-04-24,0.1134316450318498,0.4299595292773482
ADBE,2025-04-25,0.0955414957629034,0.4437397262094586
ADBE,2025-04-28,0.1703721162855132,0.4437721833558022
ADBE,2025-04-29,0.171250333271442,0.4390337569755473
ADBE,2025-04-30,0.1700192228636645,0.3826039643382694
ADBE,2025-05-01,0.1677163380311153,0.4292928062383905
ADBE,2025-05-02,0.1991949713185385,0.4242785279603861
ADBE,2025-05-05,0.1935011015909896,0.4247949919289844
ADBE,2025-05-06,0.2113094650884738,0.4210256761485546
ADBE,2025-05-07,0.2283164586509508,0.4176149760185297
ADBE,2025-05-08,0.2249383163491666,0.3775084408424028
ADBE,2025-05-09,0.2516513328576987,0.3769670930584457
ADBE,2025-05-12,0.2103766518738021,0.3764400101823245
ADBE,2025-05-13,0.2128027789715194,0.3774114244184486
ADBE,2025-05-14,0.2126651379636575,0.3769742592635666
ADBE,2025-05-15,0.2060677506254941,0.376554798565048
ADBE,2025-05-16,0.1957369742889159,0.3744263945887577
ADBE,2025-05-19,0.2286036823108578,0.3754882500239552
ADBE,2025-05-20,0.2279226401645149,0.3749286922112396
ADBE,2025-05-21,0.2243743653393956,0.3749577659975627
ADBE,2025-05-22,0.2252137989402379,0.3750580322654017
ADBE,2025-05-23,0.2058650006058188,0.3750389812773131
ADBE,2025-05-27,0.1964433556092047,0.3753852939509733
ADBE,2025-05-28,0.200729475768044,0.3755780462202164
ADBE,2025-05-29,0.2005059579824791,0.3633297623264661
ADBE,2025-05-30,0.3374882601693512,0.3619647120254217
ADBE,2025-06-02,0.344105023842843,0.3604886154547926
ADBE,2025-06-03,0.3935496249081707,0.3603013343203659
ADBE,2025-06-04,0.3891848599318012,0.3706488786667145
ADBE,2025-06-05,0.3850336920933685,0.3705374004544511
ADBE,2025-06-06,0.3899504097003443,0.3703166460403209
ADBE,2025-06-09,0.3957526736340423,0.3697370376003426
ADBE,2025-06-10,0.4097122414659572,0.3560438163671894
ADBE,2025-06-11,0.4096977836883386,0.3545323211141155
ADBE,2025-06-12,0.4098543723070965,0.3531510708445688
ADBE,2025-06-13,0.3126416737153646,0.3516124508668462
ADBE,2025-06-16,0.2891008921341049,0.3544710153809646
ADBE,2025-06-17,0.2320572678504022,0.3536653785146759
ADBE,2025-06-18,0.2239027939697433,0.3551925091505693
ADBE,2025-06-20,0.2258910845990934,0.3996075583772985
ADBE,2025-06-23,0.2332778234945093,0.3966386061098151
ADBE,2025-06-24,0.2595784860380337,0.3941144272644292
ADBE,2025-06-25,0.2440087464662934,0.3513798039315889
ADBE,2025-06-26,0.2598703021520237,0.3896684543752096
ADBE,2025-06-27,0.2692367671797208,0.3874159271103836
ADBE,2025-06-30,0.2659247971169665,0.3506442020828334
ADBE,2025-07-01,0.2429192878371873,0.3506254276473158
ADBE,2025-07-02,0.2093286196521393,0.3605352473717134
ADBE,2025-07-03,0.2073646236777386,0.3836209427640738
ADBE,2025-07-07,0.2111734730567929,0.3535724001926536
ADBE,2025-07-08,0.2112339321918681,0.364447900706221
ADBE,2025-07-09,0.1759587648480507,0.3780464861672591
ADBE,2025-07-10,0.1741532348009627,0.3777050841158643
ADBE,2025-07-11,0.125835628194554,0.3758902347934875
ADBE,2025-07-14,0.1199595181698742,0.3754766516407467
ADBE,2025-07-15,0.1108633574164662,0.3739386019772219
ADBE,2025-07-16,0.1454202282965223,0.3724452398491222
ADBE,2025-07-17,0.1534604002076481,0.370891743328495
ADBE,2025-07-18,0.1999755746884308,0.3697952100137252
ADBE,2025-07-21,0.2161684426596332,0.3681849703547677
ADBE,2025-07-22,0.1846527848030974,0.3667561811041557
ADBE,2025-07-23,0.235636097786053,0.3517923918530375
ADBE,2025-07-24,0.2432063978513664,0.3514939085032114
ADBE,2025-07-25,0.2572684003969129,0.3514242259218832
ADBE,2025-07-28,0.2640499150699549,0.351071849491826
ADBE,2025-07-29,0.284554491384183,0.3499729641773285
ADBE,2025-07-30,0.3589807340066119,0.3499798389648269
ADBE,2025-07-31,0.3514576808424396,0.350177621444205
ADBE,2025-08-01,0.333382777971431,0.3504214477163913
ADBE,2025-08-04,0.29441878569908,0.3518793513332927
ADBE,2025-08-05,0.293678522413097,0.3519663280061964
ADBE,2025-08-06,0.312369338974844,0.3513176598963543
ADBE,2025-08-07,0.283995386065951,0.3501736091956353
ADBE,2025-08-08,0.300887062976693,0.3493738424653414
ADBE,2025-08-11,0.2591976137779841,0.3490384134252827
ADBE,2025-08-12,0.3005458010094115,0.3500294182417359
ADBE,2025-08-13,0.2425797091100078,0.3593158548998202
ADBE,2025-08-14,0.2422012081299882,0.3607560132565978
ADBE,2025-08-15,0.2280539573948809,0.3597881301227204
ADBE,2025-08-18,0.2749465859743677,0.3507828644784068
ADBE,2025-08-19,0.2719462809001051,0.3505535251542227
ADBE,2025-08-20,0.2587605992697125,0.3578840029064401
ADBE,2025-08-21,0.271071155378365,0.357603391055793
ADBE,2025-08-22,0.2797746599166897,0.3566648406264981
ADBE,2025-08-25,0.2847863342303239,0.3566067178729412
ADBE,2025-08-26,0.2662514867947905,0.3507063043919051
ADBE,2025-08-27,0.2649901699851088,0.3515249403765908
ADBE,2025-08-28,0.2637241605596944,0.3511873260048809
ADBE,2025-08-29,0.2597302961902039,0.3512655406594039
ADBE,2025-09-02,0.2186450838723302,0.3510364441962773
ADBE,2025-09-03,0.2491736906993955,0.3528591893841475
ADBE,2025-09-04,0.2373485488584818,0.3519660275722846
ADBE,2025-09-05,0.2394846464618536,0.3521264882882929
ADBE,2025-09-08,0.2066373698412147,0.3523581571613496
ADBE,2025-09-09,0.1961761087298865,0.3537156932063326
ADBE,2025-09-10,0.228032911777209,0.3533521539611857
ADBE,2025-09-11,0.2281810717489673,0.3534002699058272
ADBE,2025-09-12,0.2404188553647335,0.3478845256020851
ADBE,2025-09-15,0.236867987645512,0.3465855183897818
ADBE,2025-09-16,0.2491762100141063,0.3452540107682725
ADBE,2025-09-17,0.2328507667962714,0.3440829826592036
ADBE,2025-09-18,0.2531807612523502,0.3433670548324968
ADBE,2025-09-19,0.2572758021517878,0.3421505991462163
ADBE,2025-09-22,0.268314982722101,0.3417967204720919
ADBE,2025-09-23,0.2680928408924483,0.3415652282646182
ADBE,2025-09-24,0.244189055482407,0.3480302165021517
ADBE,2025-09-25,0.2434817357321436,0.3482182408006027
ADBE,2025-09-26,0.2519896225519042,0.3474961318058119
ADBE,2025-09-29,0.2585684151635054,0.3472404954770242
ADBE,2025-09-30,0.2498728562745255,0.3411963944914455
ADBE,2025-10-01,0.2305840485136917,0.3412502516067424
ADBE,2025-10-02,0.1787841071575573,0.3424679598006795
ADBE,2025-10-03,0.1962617869872693,0.3430331421394129
ADBE,2025-10-06,0.2536764492676941,0.3418124615730072
ADBE,2025-10-07,0.3292033066791169,0.3418511280187077
ADBE,2025-10-08,0.3350394152489033,0.3418134288259898
ADBE,2025-10-09,0.3339109913635974,0.3417197713290529
ADBE,2025-10-10,0.2878995117896117,0.3393748013333731
ADBE,2025-10-13,0.2903098767607915,0.3407950478271339
ADBE,2025-10-14,0.277516608517847,0.340173835993762
ADBE,2025-10-15,0.4402455336696909,0.3398450440617876
ADBE,2025-10-16,0.4388343672422325,0.3399297315692185
ADBE,2025-10-17,0.4358824004453037,0.3437402133929242
ADBE,2025-10-20,0.4088799251750251,0.3434758256987091
ADBE,2025-10-21,0.3346431240164217,0.3443915972861904
ADBE,2025-10-22,0.3357601411264186,0.343425847431982
ADBE,2025-10-23,0.3472852283812986,0.3423317508905731
ADBE,2025-10-24,0.3475284303839247,0.3422170165513201
ADBE,2025-10-27,0.3388540089491573,0.3420956696626235
ADBE,2025-10-28,0.3493461571117742,0.3420084488325984
ADBE,2025-10-29,0.1743233839454864,0.3419476414116522
ADBE,2025-10-30,0.1792106881566481,0.3504467897614976
ADBE,2025-10-31,0.1791489730734902,0.3477903628205748
ADBE,2025-11-03,0.1944143948468765,0.3476978344602818
ADBE,2025-11-04,0.1940588093805479,0.3478242916408897
ADBE,2025-11-05,0.2090703805907213,0.3473999754191619
ADBE,2025-11-06,0.1941132780087664,0.3472370553230945
ADBE,2025-11-07,0.2863238681167488,0.348456776268444
ADBE,2025-11-10,0.2942531293362245,0.3479336412553915
ADBE,2025-11-11,0.2823342410512777,0.3460092022338896
ADBE,2025-11-12,0.268569839181181,0.3462545176726536
ADBE,2025-11-13,0.2761560640671568,0.2483860042495914
ADBE,2025-11-14,0.2822485459789101,0.3440526280262733
ADBE,2025-11-17,0.2680025031122801,0.3431712441365684
ADBE,2025-11-18,0.2755150932209859,0.3430163734509032
ADBE,2025-11-19,0.2510944513644471,0.3416755884432862
ADBE,2025-11-20,0.3206352911936803,0.3403678857853716
ADBE,2025-11-21,0.3170353303930343,0.3407151919851752
ADBE,2025-11-24,0.2964694663817083,0.3434951896226667
ADBE,2025-11-25,0.30091771158001,0.2559386062485142
ADBE,2025-11-26,0.2979648392527687,0.2538592724020916
ADBE,2025-11-28,0.299842406006183,0.2521840168957759
ADBE,2025-12-01,0.3266078371417179,0.250993647935375
ADBE,2025-12-02,0.3364541958583611,0.2499904397079474
ADBE,2025-12-03,0.3410654696338416,0.2480804107892761
ADBE,2025-12-04,0.3418346396933541,0.2482117095574893
ADBE,2025-12-05,0.2381750716139722,0.2474159711370463
ADBE,2025-12-08,0.1986305692354409,0.3189300491122512
ADBE,2025-12-09,0.2123299947487384,0.3188651449604706
ADBE,2025-12-10,0.2099763155394775,0.3180551041257797
ADBE,2025-12-11,0.183897892333688,0.3168411154354428
ADBE,2025-12-12,0.1608068106240255,0.3161076784236888
ADBE,2025-12-15,0.1411142238678836,0.3148042443439102
ADBE,2025-12-16,0.1373282455286721,0.3128038977171614
AMD,2025-01-02,0.5097415956699977,0.4056165691398625
AMD,2025-01-03,0.4667972204603227,0.47627464785604
AMD,2025-01-06,0.4331842378152693,0.477238924684224
AMD,2025-01-07,0.427546006967097,0.4113979178955357
AMD,2025-01-08,0.3627427933738697,0.4044092058319513
AMD,2025-01-10,0.4317436711757438,0.4773318385221251
AMD,2025-01-13,0.4274178319746584,0.4195886834894561
AMD,2025-01-14,0.4499510758361029,0.4147440779244604
AMD,2025-01-15,0.4207276597730837,0.4196875765115214
AMD,2025-01-16,0.4343221514894392,0.4490775579799366
AMD,2025-01-17,0.4094966520723151,0.4209236743814563
AMD,2025-01-21,0.4810848060078332,0.4134685022222782
AMD,2025-01-22,0.5642865375697794,0.4702126005162295
AMD,2025-01-23,0.5646604555275317,0.4692055903839526
AMD,2025-01-24,0.5653063057385797,0.4681911280213708
AMD,2025-01-27,0.5129136043241854,0.4671297749461752
AMD,2025-01-28,0.514678212800676,0.4701436145357588
AMD,2025-01-29,0.4898372662649773,0.4694017807851628
AMD,2025-01-30,0.4813328437424369,0.4698865187052742
AMD,2025-01-31,0.4763368172194474,0.4699842924404648
AMD,2025-02-03,0.4750609404882191,0.4695510420374353
AMD,2025-02-04,0.4064953250627193,0.469077525481348
AMD,2025-02-05,0.2284916670172729,0.4704899604737785
AMD,2025-02-06,0.2643701970690366,0.4735524188578621
AMD,2025-02-07,0.2671419484502731,0.4732915835427856
AMD,2025-02-10,0.2896360854772412,0.4725897122659898
AMD,2025-02-11,0.2919019291997501,0.4729971099772678
AMD,2025-02-12,0.360595638552418,0.4325349683464347
AMD,2025-02-13,0.3634411267548177,0.4326529198935359
AMD,2025-02-14,0.3407729491697754,0.4528569363608428
AMD,2025-02-18,0.3771629915524104,0.4536245655191183
AMD,2025-02-19,0.3847190171234064,0.4528165889624121
AMD,2025-02-20,0.3900160648513971,0.4524805147958296
AMD,2025-02-21,0.4047549269778612,0.4520408997408488
AMD,2025-02-24,0.4220687854711348,0.4525629038749389
AMD,2025-02-25,0.395163980964046,0.453237691116461
AMD,2025-02-26,0.4598894439633095,0.4112288173616811
AMD,2025-02-27,0.4024229142116222,0.4074363166264496
AMD,2025-02-28,0.4300433017849216,0.4551250409667878
AMD,2025-03-03,0.4487946241483875,0.4551076880807521
AMD,2025-03-04,0.4420890110966373,0.454565600282659
AMD,2025-03-05,0.4567523050788549,0.4541583789068821
AMD,2025-03-06,0.4192087117260549,0.4542337529780472
AMD,2025-03-07,0.4233531251385012,0.4542034403654273
AMD,2025-03-10,0.4488690056680497,0.4532237368648327
AMD,2025-03-11,0.4436114743099332,0.4541233386938681
AMD,2025-03-12,0.5070096534377777,0.4253506505395917
AMD,2025-03-13,0.5189749582925087,0.4538513254193168
AMD,2025-03-14,0.5424788307031907,0.45367914158691
AMD,2025-03-17,0.5105081029088959,0.4533951527916233
AMD,2025-03-18,0.5082889420109098,0.4534727122380565
AMD,2025-03-19,0.4868347989926671,0.4538634284948138
AMD,2025-03-20,0.6567250970331554,0.4538197663959405
AMD,2025-03-21,0.7574765391428562,0.4518853397883496
AMD,2025-03-24,0.5735188560237662,0.4524766278352108
AMD,2025-03-25,0.5538303106924474,0.4570197230647313
AMD,2025-03-26,1.3797325802163585,0.4565366715381986
AMD,2025-03-27,1.4287256977727711,0.4565145205422674
AMD,2025-03-28,1.4673421604441128,0.4576093323215712
AMD,2025-03-31,1.4713045931888724,0.458755933831421
AMD,2025-04-01,1.4731641113678755,0.4591004087642
AMD,2025-04-02,1.5109594411431622,0.4511389254070315
AMD,2025-04-03,1.4473409935214887,0.4503354478599343
AMD,2025-04-04,1.3775128209397376,0.4600391263382259
AMD,2025-04-07,1.370842365465188,0.4682692540460954
AMD,2025-04-08,1.3260088670006671,0.469355740105801
AMD,2025-04-09,0.7691318386534278,0.4751474728903011
AMD,2025-04-10,0.6094073326740697,1.063809995612518
AMD,2025-04-11,0.5610592998639276,1.0495383952939192
AMD,2025-04-14,0.559739240321452,0.9822276972787336
AMD,2025-04-15,0.5619784658913127,0.8922740684736344
AMD,2025-04-16,0.3642015420450323,0.5203262469317316
AMD,2025-04-17,0.3543238471912005,0.822679525268397
AMD,2025-04-21,0.2974381593994735,0.7351725779266658
AMD,2025-04-22,0.3474042039710091,0.630858007141044
AMD,2025-04-23,0.295918238601379,0.5412425222686574
AMD,2025-04-24,0.2309631649561714,0.5561793475686002
AMD,2025-04-25,0.2160714575987017,0.5619189522152287
AMD,2025-04-28,0.3008925220300573,0.538742499640075
AMD,2025-04-29,0.3177024129395723,0.5191130121023743
AMD,2025-04-30,0.3506429597903878,0.5058593864822327
AMD,2025-05-01,0.3917337454671056,0.4988306936782404
AMD,2025-05-02,0.3910016473054228,0.491538033216378
AMD,2025-05-05,0.4348253529735117,0.4929643259084437
AMD,2025-05-06,0.4177451570172284,0.4861729576952462
AMD,2025-05-07,0.4380548425622148,0.4866369978095742
AMD,2025-05-08,0.4527142754295422,0.4843720307716722
AMD,2025-05-09,0.4563407544452734,0.480034495582319
AMD,2025-05-12,0.4271634975610512,0.4781307040225989
AMD,2025-05-13,0.3933140867120147,0.5139933264639185
AMD,2025-05-14,0.3027538333977969,0.5232748121558947
AMD,2025-05-15,0.2978531617690604,0.5369493463129398
AMD,2025-05-16,0.3391677566567936,0.5243575350104198
AMD,2025-05-19,0.3430199614925243,0.5132160352044745
AMD,2025-05-20,0.3371709990544072,0.5070342947121509
AMD,2025-05-21,0.358612446732197,0.4986379861423847
AMD,2025-05-22,0.3483110841362228,0.49418986096879
AMD,2025-05-23,0.4013291134894726,0.4912004336467964
AMD,2025-05-27,0.3708654526683816,0.4871436870710668
AMD,2025-05-28,0.3747719401534748,0.505028787993
AMD,2025-05-29,0.4022009216342304,0.4981251173667104
AMD,2025-05-30,0.4011304528366548,0.4898771677499499
AMD,2025-06-02,0.5536600490465283,0.4904502590549642
AMD,2025-06-03,0.5487994419574013,0.5022086211802986
AMD,2025-06-04,0.5509465513707468,0.501097302987618
AMD,2025-06-05,0.5224614189410252,0.4942301067101257
AMD,2025-06-06,0.5214011773705755,0.4966751769359224
AMD,2025-06-09,0.5660015377774762,0.4892694937634662
AMD,2025-06-10,0.5770153571203718,0.5152868881759256
AMD,2025-06-11,0.5545451929665006,0.5041814144371897
AMD,2025-06-12,0.520150391952285,0.4990464137414113
AMD,2025-06-13,0.5071258868697732,0.4972715547470719
AMD,2025-06-16,0.4506664743454239,0.4961504785717364
AMD,2025-06-17,0.4533091985760589,0.5840896580168847
AMD,2025-06-18,0.4547600049172643,0.5500552511173334
AMD,2025-06-20,0.4801808609336667,0.5279998437237342
AMD,2025-06-23,0.4874630470585716,0.5149607568389286
AMD,2025-06-24,0.3557528956992795,0.506300510172493
AMD,2025-06-25,0.3715294931559374,0.5538970963635935
AMD,2025-06-26,0.3791857172234707,0.5470062498746512
AMD,2025-06-27,0.3794921768855606,0.5278705646655791
AMD,2025-06-30,0.4732540617397717,0.515236178418668
AMD,2025-07-01,0.3846786321676133,0.5088489874632427
AMD,2025-07-02,0.3909879450989509,0.5228284515712298
AMD,2025-07-03,0.4225976371488413,0.5148910305122174
AMD,2025-07-07,0.3820460593368368,0.505680260741339
AMD,2025-07-08,0.4072125328669347,0.5055113192238692
AMD,2025-07-09,0.4101642865443816,0.5040697337660506
AMD,2025-07-10,0.3853667800095204,0.4978019088467501
AMD,2025-07-11,0.3922336330017926,0.5135423206315937
AMD,2025-07-14,0.4090146799794373,0.5038043573891423
AMD,2025-07-15,0.326677703029617,0.4944588968265131
AMD,2025-07-16,0.3154961161923,0.5346990455968653
AMD,2025-07-17,0.346717520496751,0.5261696682065923
AMD,2025-07-18,0.3597396237373083,0.5090169123215221
AMD,2025-07-21,0.3691259706353085,0.5026988184885738
AMD,2025-07-22,0.3680133581566401,0.4946368736824634
AMD,2025-07-23,0.5279333302539815,0.4905950377934525
AMD,2025-07-24,0.5855829108076941,0.4932912631881547
AMD,2025-07-25,0.5745697590960246,0.4921190472085852
AMD,2025-07-28,0.5328766896231721,0.4945095329623908
AMD,2025-07-29,0.5265131879409837,0.5126266024387212
AMD,2025-07-30,0.5914219053967723,0.5052402912152171
AMD,2025-07-31,0.5924297861585677,0.4944230367160785
AMD,2025-08-01,0.5834563400735118,0.4889338683169827
AMD,2025-08-04,0.5668879859047136,0.4904967707123718
AMD,2025-08-05,0.6307177115244018,0.492328174875056
AMD,2025-08-06,0.5308057211901798,0.4861748072886054
AMD,2025-08-07,0.4373663986422776,0.5394769644346494
AMD,2025-08-08,0.4614804538340819,0.5551622139978993
AMD,2025-08-11,0.4764738406315882,0.5233720159974031
AMD,2025-08-12,0.4822730687014003,0.5033375162112435
AMD,2025-08-13,0.3668341755653729,0.494144115373441
AMD,2025-08-14,0.3736975502787076,0.5240773868095597
AMD,2025-08-15,0.3975737973667728,0.509367861546181
AMD,2025-08-18,0.3990660266438745,0.5002288334176601
AMD,2025-08-19,0.2969916056770218,0.4901423077947544
AMD,2025-08-20,0.2954323435089424,0.5257645199274752
AMD,2025-08-21,0.4451449401645749,0.5067435680257679
AMD,2025-08-22,0.4122501079198702,0.4949945615061497
AMD,2025-08-25,0.4432161333932367,0.4948021309221462
AMD,2025-08-26,0.4495191991161844,0.496018631122017
AMD,2025-08-27,0.4580842564666405,0.4923446525390149
AMD,2025-08-28,0.4700288785019027,0.4843967193990742
AMD,2025-08-29,0.4498728859559037,0.4803748745249906
AMD,2025-09-02,0.4501923719498769,0.4940640686299646
AMD,2025-09-03,0.4515555661815223,0.4835416759333391
AMD,2025-09-04,0.4525569648931574,0.475286343753906
AMD,2025-09-05,0.2689671334749875,0.4696289266922545
AMD,2025-09-08,0.274114780746838,0.5330061468280597
AMD,2025-09-09,0.2421663775737434,0.5080160441984924
AMD,2025-09-10,0.2138812070796356,0.5038113229796617
AMD,2025-09-11,0.1603858908430482,0.4973358231331624
AMD,2025-09-12,0.1521869662931717,0.4938514564618829
AMD,2025-09-15,0.1407939739408084,0.4875837383682292
AMD,2025-09-16,0.1389396477879815,0.4821824470144412
AMD,2025-09-17,0.142546875697162,0.4762135361600709
AMD,2025-09-18,0.1986759836687451,0.4731130294152987
AMD,2025-09-19,0.2713718409861938,0.4707494574620499
AMD,2025-09-22,1.0840841325839754,0.4678077226237894
AMD,2025-09-23,1.0812559937889417,0.4686619000277577
AMD,2025-09-24,1.1384983033046847,0.4635405057290661
AMD,2025-09-25,1.1526618700032651,0.461706322880568
AMD,2025-09-26,1.2786217034041896,0.4602161069891925
AMD,2025-09-29,1.2807366458717535,0.4608939036858065
AMD,2025-09-30,1.2780490562420084,0.4607887313813323
AMD,2025-10-01,1.3079058552046607,0.4575708363363633
AMD,2025-10-02,1.33652711192144,0.458933398220097
AMD,2025-10-03,1.3102717233376513,0.4779110879329277
AMD,2025-10-06,0.8590333443331788,0.4846987246854015
AMD,2025-10-07,0.8601607127431599,1.1431429646837898
AMD,2025-10-08,0.6955726675558351,0.5975426247909013
AMD,2025-10-09,0.7022462490575704,0.7898730238748065
AMD,2025-10-10,0.6240941656443902,0.6002352902677699
AMD,2025-10-13,0.623608232719271,0.7203524155582454
AMD,2025-10-14,0.6342031440988126,0.6163354203160478
AMD,2025-10-15,0.4920963782979602,0.5718414318738381
AMD,2025-10-16,0.530599176172539,0.7161197330431631
AMD,2025-10-17,0.5248719008271652,0.6350021973298279
AMD,2025-10-20,0.5112245576685465,0.5903033577032151
AMD,2025-10-21,0.5545215033377682,0.5837431977475692
AMD,2025-10-22,0.5178276747253844,0.5631797154360748
AMD,2025-10-23,0.6691509371634162,0.5730756581291557
AMD,2025-10-24,0.5363557260931989,0.5645969385111456
AMD,2025-10-27,0.5733442471305918,0.6508575052567188
AMD,2025-10-28,0.5826141609343088,0.6092109388745774
AMD,2025-10-29,0.7408241166609021,0.576772148889199
AMD,2025-10-30,0.7500685957316695,0.5686091926906799
AMD,2025-10-31,0.7488414788900812,0.5763333741833383
AMD,2025-11-03,0.7494108315383696,0.5522150416503114
AMD,2025-11-04,0.7564362420420333,0.539972127410963
AMD,2025-11-05,0.7390707625143036,0.5579512546731684
AMD,2025-11-06,0.7540974678969606,0.5538414922346723
AMD,2025-11-07,0.7540158919544697,0.6400528857351654
AMD,2025-11-10,0.7768806193743327,0.5969699375105129
AMD,2025-11-11,0.7886573899847161,0.6003627705326825
AMD,2025-11-12,0.6416949157171741,0.582652781855696
AMD,2025-11-13,0.6469306059485166,0.6876147648682353
AMD,2025-11-14,0.6565791646113547,0.6550647393524472
AMD,2025-11-17,0.6540108037092791,0.6050462517170547
AMD,2025-11-18,0.6353728453992256,0.5874874379000763
AMD,2025-11-19,0.6214735251890676,0.5981660322592769
AMD,2025-11-20,0.4430389575688633,0.5875530673687812
AMD,2025-11-21,0.4346423784559451,0.6816547959250928
AMD,2025-11-24,0.3522018636153443,0.6249384887890487
AMD,2025-11-25,0.2490341427591566,0.6387545896402754
AMD,2025-11-26,0.1777813264995238,0.6287235677663573
AMD,2025-11-28,0.3056179245326483,0.6183331160497288
AMD,2025-12-01,0.3011998524668277,0.5924435905525901
AMD,2025-12-02,0.2950768242104157,0.575428619202249
AMD,2025-12-03,0.3794875339816762,0.5711597286019963
AMD,2025-12-04,0.398587266719186,0.5640907143257676
AMD,2025-12-05,0.5190724829284333,0.5584972496025142
AMD,2025-12-08,0.5139294703683416,0.5563834380776956
AMD,2025-12-09,0.513378064051132,0.5571298613535599
AMD,2025-12-10,0.5136217489856186,0.5537076942379807
AMD,2025-12-11,0.5135787054934274,0.5509407043115202
AMD,2025-12-12,0.4438094111858469,0.5454328464495641
AMD,2025-12-15,0.4337321159716208,0.5891461964360943
AMD,2025-12-16,0.4353778602631519,0.5741482992362691
NVDA,2025-01-02,0.5560782036088595,0.5034349801479526
NVDA,2025-01-03,0.5180169507781893,0.5088759555081455
NVDA,2025-01-06,0.5386848258428127,0.5241119210569328
NVDA,2025-01-07,0.4108071638833011,0.5268706707291009
NVDA,2025-01-08,0.4504396586210925,0.5596421344784975
NVDA,2025-01-10,1.0453874129210878,0.53968572940044
NVDA,2025-01-13,1.1561177059845236,0.5360499199203973
NVDA,2025-01-14,1.1721917569594826,0.5280891796664698
NVDA,2025-01-15,1.1547261360219925,0.5197865152106204
NVDA,2025-01-16,1.1627582163092285,0.5243231376191536
NVDA,2025-01-17,1.1418835068204507,0.5202429726116942
NVDA,2025-01-21,1.136957044801848,0.5232979001189269
NVDA,2025-01-22,1.1485612544428092,0.5212125685299712
NVDA,2025-01-23,1.17027346521324,0.5331125155557391
NVDA,2025-01-24,1.1703113014295747,0.5233187345618698
NVDA,2025-01-27,0.638796201964311,0.526719568335564
NVDA,2025-01-28,0.4924746122267787,0.7452570768186721
NVDA,2025-01-29,0.4366723362155909,0.7114244551881592
NVDA,2025-01-30,0.4549581940429047,0.6338878740953964
NVDA,2025-01-31,0.3824852752690812,0.5704760053247745
NVDA,2025-02-03,0.3063025091290963,0.5709814901622411
NVDA,2025-02-04,0.3209619407029522,0.5687684323236902
NVDA,2025-02-05,0.2573707907561184,0.5654166844803734
NVDA,2025-02-06,0.3469070946927077,0.5730000293991526
NVDA,2025-02-07,0.3885104454929308,0.5690490526015571
NVDA,2025-02-10,0.3783515372897423,0.5646709765700857
NVDA,2025-02-11,0.4315433246450081,0.5661969752362389
NVDA,2025-02-12,0.6168288058899942,0.5638589162065358
NVDA,2025-02-13,0.6319680918054695,0.5632453604552081
NVDA,2025-02-14,0.7222239882378751,0.5666176548123428
NVDA,2025-02-18,0.7366942930822032,0.566669306897552
NVDA,2025-02-19,0.7473908744863478,0.5485643918268498
NVDA,2025-02-20,0.7619086295154733,0.5391722420276934
NVDA,2025-02-21,0.7826234765265118,0.5308466939297163
NVDA,2025-02-24,0.7994324420888153,0.5399651399087806
NVDA,2025-02-25,0.8173262415004239,0.5436494061645403
NVDA,2025-02-26,0.8721722883202415,0.5431999685612557
NVDA,2025-02-27,0.7623442474886987,0.5486215115618597
NVDA,2025-02-28,0.7841019252448914,0.6117153519656289
NVDA,2025-03-03,0.6227271678418473,0.5929255348222348
NVDA,2025-03-04,0.6481676008929169,0.6592288667887518
NVDA,2025-03-05,0.6524245048136071,0.610893964163591
NVDA,2025-03-06,0.5624941075071136,0.5800827996713506
NVDA,2025-03-07,0.5620762921803482,0.600100936129193
NVDA,2025-03-10,0.4770906781662703,0.5784621342174849
NVDA,2025-03-11,0.4852723337030259,0.5901601493266226
NVDA,2025-03-12,0.5042779744273623,0.5707173846666138
NVDA,2025-03-13,0.5131507459914896,0.5959245031672136
NVDA,2025-03-14,0.4124868753849877,0.5733963763025927
NVDA,2025-03-17,0.4105958802810677,0.5946112089297874
NVDA,2025-03-18,0.403159536934219,0.5756107338239912
NVDA,2025-03-19,0.3859457607232927,0.5753225401099548
NVDA,2025-03-20,0.5271989738244741,0.5632717732456378
NVDA,2025-03-21,0.6061965797267964,0.5535367234387203
NVDA,2025-03-24,0.6154117389445698,0.5475813009382062
NVDA,2025-03-25,0.6109915452841278,0.5534084134500359
NVDA,2025-03-26,1.1147808808847346,0.5481268597500366
NVDA,2025-03-27,1.1538383108985515,0.576760243895406
NVDA,2025-03-28,1.1635502903968526,0.5678859725146859
NVDA,2025-03-31,1.1615240315192006,0.5608853991833491
NVDA,2025-04-01,1.160650355918647,0.5556328315840474
NVDA,2025-04-02,1.2170753983553817,0.553912800440197
NVDA,2025-04-03,1.1526292588238738,0.5507681482883067
NVDA,2025-04-04,1.105749829468633,0.5952807881848348
NVDA,2025-04-07,1.096375693310908,0.619482433229006
NVDA,2025-04-08,1.1071317863210066,0.6016422087824136
NVDA,2025-04-09,0.6585992000185118,0.5840036787645139
NVDA,2025-04-10,0.6253244109636142,0.8780266738344964
NVDA,2025-04-11,0.6150215190286482,0.8179341387605004
NVDA,2025-04-14,0.6154679022290445,0.7455502830813782
NVDA,2025-04-15,0.6099326298630021,0.6812202125326438
NVDA,2025-04-16,0.4868993427555962,0.6422700666182996
NVDA,2025-04-17,0.4506008463329502,0.6783697984818574
NVDA,2025-04-21,0.3356071231380836,0.6520029200016495
NVDA,2025-04-22,0.3469032379046041,0.6444890779405918
NVDA,2025-04-23,0.3343195235549437,0.6197496438151597
NVDA,2025-04-24,0.31241803164001,0.6176854809385689
NVDA,2025-04-25,0.2624673941231448,0.6128019568035749
NVDA,2025-04-28,0.3159090561418372,0.6154497214744622
NVDA,2025-04-29,0.3742911554909749,0.6016100456581348
NVDA,2025-04-30,0.3752453415988403,0.5871453422130393
NVDA,2025-05-01,0.3957053518467791,0.5768523163485121
NVDA,2025-05-02,0.4001238655298607,0.5772091334340261
NVDA,2025-05-05,0.3901712156415991,0.5780186352596615
NVDA,2025-05-06,0.4004357176439675,0.5701653862562989
NVDA,2025-05-07,0.4300007792799559,0.5638276600836091
NVDA,2025-05-08,0.427684549706089,0.5717158444736502
NVDA,2025-05-09,0.4351934860201208,0.5642147060604825
NVDA,2025-05-12,0.3892641752846364,0.5602979500427356
NVDA,2025-05-13,0.3009309360466344,0.5946996199044957
NVDA,2025-05-14,0.2723796902995863,0.6179251955396956
NVDA,2025-05-15,0.317044921596981,0.6174904481540883
NVDA,2025-05-16,0.3272282508268294,0.5987987067440853
NVDA,2025-05-19,0.3524716087321933,0.5866047180109285
NVDA,2025-05-20,0.3450618287691933,0.5779347018339223
NVDA,2025-05-21,0.3346087890073976,0.5715757674145489
NVDA,2025-05-22,0.3360283821156321,0.5694598080191345
NVDA,2025-05-23,0.3206061552284239,0.5622865403462424
NVDA,2025-05-27,0.2936890177263748,0.5560128841099994
NVDA,2025-05-28,0.2968652036295586,0.5666110902184559
NVDA,2025-05-29,0.2656038512440979,0.5571202556790595
NVDA,2025-05-30,0.2373776237190433,0.5673748447044019
NVDA,2025-06-02,0.2410347582860904,0.5716693609304163
NVDA,2025-06-03,0.2088896731766622,0.5646246905007641
NVDA,2025-06-04,0.2117946290294707,0.5679055218003499
NVDA,2025-06-05,0.2069017273486001,0.5571497862190087
NVDA,2025-06-06,0.1999391313164341,0.5514268433139689
NVDA,2025-06-09,0.2328653840649091,0.5472044840867849
NVDA,2025-06-10,0.3039615380003373,0.5401114924897205
NVDA,2025-06-11,0.2932869763189278,0.5368831106282156
NVDA,2025-06-12,0.2950889930351236,0.5328510020198324
NVDA,2025-06-13,0.2500713490882748,0.5329195205264926
NVDA,2025-06-16,0.3170646317683698,0.5379070215751784
NVDA,2025-06-17,0.3260128249851801,0.5386507243077344
NVDA,2025-06-18,0.3267935975660132,0.5291259357196871
NVDA,2025-06-20,0.3198725541762623,0.5219028479773049
NVDA,2025-06-23,0.3172820668412693,0.5163424631539596
NVDA,2025-06-24,0.3092549466706857,0.5071778003045019
NVDA,2025-06-25,0.2495260087353954,0.5222695582523816
NVDA,2025-06-26,0.2494648374771918,0.5659870238490066
NVDA,2025-06-27,0.2466925003973384,0.5424856677694336
NVDA,2025-06-30,0.3037923259320426,0.5363117844379869
NVDA,2025-07-01,0.2220144961275124,0.521157973856247
NVDA,2025-07-02,0.2071984588567851,0.5380673836046588
NVDA,2025-07-03,0.2156090973925328,0.5410727382357629
NVDA,2025-07-07,0.2138542268778457,0.5282795504887962
NVDA,2025-07-08,0.271027778992427,0.513912279436421
NVDA,2025-07-09,0.2779275423633843,0.5056946778640052
NVDA,2025-07-10,0.2847970814130815,0.5036612180716741
NVDA,2025-07-11,0.2870348519829554,0.4906395491764739
NVDA,2025-07-14,0.2880460308287159,0.4777914173201436
NVDA,2025-07-15,0.2318893543320888,0.4659942402687445
NVDA,2025-07-16,0.2497973315482362,0.5273497037007921
NVDA,2025-07-17,0.2552249235663363,0.5040846151261958
NVDA,2025-07-18,0.2870819799884505,0.4892599281275331
NVDA,2025-07-21,0.3318721846708252,0.4738333609588384
NVDA,2025-07-22,0.2985982658943476,0.4659835448327475
NVDA,2025-07-23,0.2856070803259646,0.4830418621355475
NVDA,2025-07-24,0.2780135464572033,0.486559263718614
NVDA,2025-07-25,0.2780765448995348,0.4807117687434853
NVDA,2025-07-28,0.2702759025285148,0.4617872783351083
NVDA,2025-07-29,0.26463929479775,0.4676475144901493
NVDA,2025-07-30,0.2533022373141091,0.4520385864548359
NVDA,2025-07-31,0.2481352203465995,0.4631445964161469
NVDA,2025-08-01,0.2133332195937365,0.4545272142773138
NVDA,2025-08-04,0.1263903159201909,0.4626354913985782
NVDA,2025-08-05,0.2204541678197308,0.500482193436327
NVDA,2025-08-06,0.2159871781685606,0.4770853749950676
NVDA,2025-08-07,0.2090657796190422,0.4596530098726469
NVDA,2025-08-08,0.2230541311411866,0.442548378768229
NVDA,2025-08-11,0.2319121516303801,0.4292596912318516
NVDA,2025-08-12,0.2373367559320802,0.3974478681355108
NVDA,2025-08-13,0.2333251298903581,0.374889694535768
NVDA,2025-08-14,0.2360968487671911,0.357787790833551
NVDA,2025-08-15,0.2871261166160852,0.3334891585209676
NVDA,2025-08-18,0.2887786948411754,0.3269038896870636
NVDA,2025-08-19,0.2385026364956995,0.3067493738017079
NVDA,2025-08-20,0.2427320600747348,0.4432782846443003
NVDA,2025-08-21,0.273886534231126,0.3893705698752328
NVDA,2025-08-22,0.2565923998700758,0.3653146223443868
NVDA,2025-08-25,0.2647223545367898,0.3623333923745918
NVDA,2025-08-26,0.3353368551531156,0.3471811373427119
NVDA,2025-08-27,0.3353486483407146,0.3359189561403825
NVDA,2025-08-28,0.3351205026115209,0.3160024610657479
NVDA,2025-08-29,0.2821685005711116,0.3034705712650477
NVDA,2025-09-02,0.275196392309308,0.3837405079372409
NVDA,2025-09-03,0.3115919431926769,0.3923401257698696
NVDA,2025-09-04,0.3565698178648896,0.3524707828859663
NVDA,2025-09-05,0.3152482077996243,0.3436576436763337
NVDA,2025-09-08,0.3562592119691977,0.3625599824969011
NVDA,2025-09-09,0.3997606052942162,0.3466178046398154
NVDA,2025-09-10,0.3566482731830269,0.3423689656092668
NVDA,2025-09-11,0.357248427885954,0.4013921674714065
NVDA,2025-09-12,0.3570489952359604,0.3766223058731563
NVDA,2025-09-15,0.3709587457040662,0.3611285325469944
NVDA,2025-09-16,0.371976122628341,0.3478968903766257
NVDA,2025-09-17,0.3247151613707957,0.3461829195088237
NVDA,2025-09-18,0.2938124177432036,0.3667438760753779
NVDA,2025-09-19,0.3012679867728895,0.4072378335052153
NVDA,2025-09-22,0.249985936630673,0.3855749329314144
NVDA,2025-09-23,0.1907014647193858,0.4350581500471192
NVDA,2025-09-24,0.1977622778342607,0.4483110779898811
NVDA,2025-09-25,0.2051107568389921,0.425712020919191
NVDA,2025-09-26,0.3579355567213343,0.4042477526728376
NVDA,2025-09-29,0.3699354507411545,0.387041348296125
NVDA,2025-09-30,0.4183125086969331,0.3880967010292686
NVDA,2025-10-01,0.4167509657024842,0.3990055705390688
NVDA,2025-10-02,0.4187628627515243,0.3800508645988083
NVDA,2025-10-03,0.4222187658777994,0.3656284190594285
NVDA,2025-10-06,0.4194666496855744,0.3524025098664138
NVDA,2025-10-07,0.4207605998429866,0.3427002533726156
NVDA,2025-10-08,0.3991295723936998,0.3286866695794982
NVDA,2025-10-09,0.3884172607483591,0.3404807165275474
NVDA,2025-10-10,0.319874372446448,0.3426621743948772
NVDA,2025-10-13,0.3196680504826346,0.4481881332824678
NVDA,2025-10-14,0.2798585865246426,0.4554201835926404
NVDA,2025-10-15,0.2847451187047645,0.5168879670053876
NVDA,2025-10-16,0.33330659136495,0.4826478834739818
NVDA,2025-10-17,0.3394497771333086,0.4574969001854153
NVDA,2025-10-20,0.3351737660385965,0.4355350461258488
NVDA,2025-10-21,0.4192501082909011,0.4147263065459073
NVDA,2025-10-22,0.4359027458532565,0.3976701823864592
NVDA,2025-10-23,0.4905350058578327,0.3802228204542633
NVDA,2025-10-24,0.4788896479568655,0.3714216570077845
NVDA,2025-10-27,0.5410677875255192,0.378005739191193
NVDA,2025-10-28,0.5015613587269899,0.3981081165274889
NVDA,2025-10-29,0.4688389980110575,0.4800581453527588
NVDA,2025-10-30,0.4886997595967674,0.4878245430151838
NVDA,2025-10-31,0.505257804269193,0.4755768468189632
NVDA,2025-11-03,0.4834142154011934,0.4484259879357653
NVDA,2025-11-04,0.4660521808357164,0.4447008642028259
NVDA,2025-11-05,0.4980098935091916,0.4919254226823396
NVDA,2025-11-06,0.4891047272825817,0.4737596404976562
NVDA,2025-11-07,0.4892007648456042,0.5055480525075638
NVDA,2025-11-10,0.385025054376324,0.4716458138341414
NVDA,2025-11-11,0.3795693199476465,0.5784725947366021
NVDA,2025-11-12,0.3917284740733767,0.5709465511299457
NVDA,2025-11-13,0.3633192439339558,0.5281441561166208
NVDA,2025-11-14,0.3612444844210872,0.5460746594797242
NVDA,2025-11-17,0.359007444777765,0.521399939115443
NVDA,2025-11-18,0.3333013389614897,0.5028785740377226
NVDA,2025-11-19,0.3174857542064016,0.50604057201568
NVDA,2025-11-20,0.2709011331906172,0.5057603230400043
NVDA,2025-11-21,0.2745267202085819,0.5328212141905163
NVDA,2025-11-24,0.2595477465489773,0.4888020923278761
NVDA,2025-11-25,0.2160334887668109,0.4771469082521278
NVDA,2025-11-26,0.2265466120315681,0.4939215501584748
NVDA,2025-11-28,0.2693827459202629,0.4688801954214697
NVDA,2025-12-01,0.2563749912301208,0.4610801923702465
NVDA,2025-12-02,0.255872457090926,0.4507737244787045
NVDA,2025-12-03,0.315006596363662,0.4312061771173459
NVDA,2025-12-04,0.3096881879324732,0.4190298131105158
NVDA,2025-12-05,0.3796222156347248,0.4340844474309301
NVDA,2025-12-08,0.3768063095833042,0.4160465850657022
NVDA,2025-12-09,0.4063252380293348,0.4212777612750578
NVDA,2025-12-10,0.4046851915725547,0.4036631416569003
NVDA,2025-12-11,0.3926870959504471,0.3931641317144745
NVDA,2025-12-12,0.3466538875306857,0.4020654713273325
NVDA,2025-12-15,0.3509417776561221,0.4754553195591113
NVDA,2025-12-16,0.3555315840928474,0.4443052527822802
PLTR,2025-01-02,0.7013632523874127,0.6173237126693423
PLTR,2025-01-03,0.617875540995826,0.6159384243263607
PLTR,2025-01-06,0.6347092432483811,0.6221086666907618
PLTR,2025-01-07,0.4446735016864426,0.6229961811902113
PLTR,2025-01-08,0.4006526542340809,0.6332983970849128
PLTR,2025-01-10,0.4865363809745163,0.6250896542697659
PLTR,2025-01-13,0.4711328747539621,0.6245327514947866
PLTR,2025-01-14,0.4897569850989887,0.6261434724278664
PLTR,2025-01-15,0.4833200260752842,0.6251156894651235
PLTR,2025-01-16,0.4833711654738603,0.6269616282811659
PLTR,2025-01-17,0.472381752675379,0.5821362512988272
PLTR,2025-01-21,1.108998138358377,0.5809946614053343
PLTR,2025-01-22,1.14262954025956,0.5788744095949708
PLTR,2025-01-23,1.1892030198625314,0.5793147861994177
PLTR,2025-01-24,1.1924827063126695,0.5781380442099329
PLTR,2025-01-27,1.1071724750920855,0.5758915318710458
PLTR,2025-01-28,1.1679906879759436,0.5759696974735682
PLTR,2025-01-29,1.1468224377634972,0.577605996168586
PLTR,2025-01-30,1.1557255075891344,0.57544337950184
PLTR,2025-01-31,1.1586113676108472,0.573767381817823
PLTR,2025-02-03,1.1525925690212235,0.5719326400493661
PLTR,2025-02-04,0.8808826648160447,0.5702168837690478
PLTR,2025-02-05,0.9211701616582726,0.6105955903659076
PLTR,2025-02-06,0.8057091548144746,0.6090024796889647
PLTR,2025-02-07,0.9522427637524914,0.6412867235036397
PLTR,2025-02-10,0.8659873508736876,0.6165377075374363
PLTR,2025-02-11,0.8931673649447214,0.6160208506974664
PLTR,2025-02-12,0.8243747431319536,0.6139530763362748
PLTR,2025-02-13,0.8211453040891434,0.615139318585684
PLTR,2025-02-14,0.7909913952075045,0.6119467927516652
PLTR,2025-02-18,0.7099803948019479,0.609995227634587
PLTR,2025-02-19,0.7754395895650525,0.6125240511647814
PLTR,2025-02-20,0.8939898355287837,0.6366880712110554
PLTR,2025-02-21,0.972868573592771,0.6291026389647318
PLTR,2025-02-24,0.9586759591262244,0.6264114550863179
PLTR,2025-02-25,0.9732296529507776,0.7559945159390751
PLTR,2025-02-26,1.049283870897712,0.7580522339168735
PLTR,2025-02-27,1.0459687929064596,0.7559034982795811
PLTR,2025-02-28,1.132655609473113,0.7564651230257663
PLTR,2025-03-03,1.1284182128222024,0.7587356794335613
PLTR,2025-03-04,1.14938125571523,0.6297821642978727
PLTR,2025-03-05,1.1015646603313134,0.6287853002815681
PLTR,2025-03-06,0.9196331023554254,0.6395984074019552
PLTR,2025-03-07,0.9029514334709072,0.7658475109062739
PLTR,2025-03-10,0.6818220308854337,0.7635857735845968
PLTR,2025-03-11,0.6945414038199972,0.8215089829104025
PLTR,2025-03-12,0.709235520568387,0.8176342488246252
PLTR,2025-03-13,0.6596669090500887,0.8190682486084495
PLTR,2025-03-14,0.6035712263091756,0.8213145168851729
PLTR,2025-03-17,0.6038177186833253,0.8274535964239099
PLTR,2025-03-18,0.5676475921052291,0.8230646790123363
PLTR,2025-03-19,0.5760807977191157,0.8228630472285537
PLTR,2025-03-20,0.6144995771190812,0.8293093071247545
PLTR,2025-03-21,0.7967647968384912,0.827134631538682
PLTR,2025-03-24,0.7655928684434025,0.825361736154123
PLTR,2025-03-25,0.7629833071251665,0.8289389670887501
PLTR,2025-03-26,1.229149704821101,0.8228207601891041
PLTR,2025-03-27,1.2385736284495612,0.8198166404272923
PLTR,2025-03-28,1.211240558755951,0.8152829887862859
PLTR,2025-03-31,1.2223021072988698,0.8128800134889599
PLTR,2025-04-01,1.2479472709618116,0.8080772629736346
PLTR,2025-04-02,1.2966449258890909,0.8291969814507805
PLTR,2025-04-03,1.2652261575185852,0.8240071261536269
PLTR,2025-04-04,1.0650045063914346,0.8197617123479495
PLTR,2025-04-07,1.0553967340386667,0.8295201595013082
PLTR,2025-04-08,1.0736439212029787,0.8263466528418724
PLTR,2025-04-09,0.7466104207422177,0.8219997874985367
PLTR,2025-04-10,0.6940523175701151,0.8489980634853161
PLTR,2025-04-11,0.6823726718170467,0.8448245029239053
PLTR,2025-04-14,0.6763881236306825,0.8400062979703483
PLTR,2025-04-15,0.6424591971823251,0.8374588516898105
PLTR,2025-04-16,0.5263298309416016,0.8355543676277477
PLTR,2025-04-17,0.5662717454191744,0.8378520993293704
PLTR,2025-04-21,0.4952562127986726,0.8314853383854037
PLTR,2025-04-22,0.9388929227185856,0.8286403293265163
PLTR,2025-04-23,0.8870220404843472,0.8232621854805047
PLTR,2025-04-24,0.9039486215348508,0.8258488815369702
PLTR,2025-04-25,0.8889553502087065,0.8260245388266554
PLTR,2025-04-28,0.8869678582006594,0.8247308560581599
PLTR,2025-04-29,0.9641589365837862,0.8179199032407575
PLTR,2025-04-30,0.9631702002969712,0.810635355086878
PLTR,2025-05-01,0.9606881564663164,0.8074434854608715
PLTR,2025-05-02,0.9064328437851163,0.8003279408370438
PLTR,2025-05-05,0.9176938712203968,0.8236219014146198
PLTR,2025-05-06,0.5707224428643635,0.7086241290756458
PLTR,2025-05-07,0.6338886509036192,0.8112868797402323
PLTR,2025-05-08,0.5168045117015441,0.7307270334802081
PLTR,2025-05-09,0.5070168910613975,0.8776457161871737
PLTR,2025-05-12,0.5066576189562899,0.9324070673424284
PLTR,2025-05-13,0.2947843596802106,0.9294506162263432
PLTR,2025-05-14,0.2755643387122993,0.9341250202081526
PLTR,2025-05-15,0.4825237333716703,0.9364891647117628
PLTR,2025-05-16,0.4804294278719518,0.9352820436585718
PLTR,2025-05-19,0.4568232105137682,0.9364277458483148
PLTR,2025-05-20,0.4778122122933302,0.9337707898904656
PLTR,2025-05-21,0.6068631686659314,0.929346306241636
PLTR,2025-05-22,0.684845748937556,0.9261694783796453
PLTR,2025-05-23,0.7003377975613825,0.9215678020506968
PLTR,2025-05-27,0.6995453568247041,0.9173980662453296
PLTR,2025-05-28,0.7054344250335748,0.911748969304333
PLTR,2025-05-29,0.7031402718653241,0.9093462767895364
PLTR,2025-05-30,0.6078885817534068,0.9047018582158288
PLTR,2025-06-02,0.619930505019257,0.9035940636481704
PLTR,2025-06-03,0.637459864555219,0.8969086722581321
PLTR,2025-06-04,0.6191220457874103,0.899872679427245
PLTR,2025-06-05,0.4175856226292179,0.8933497965574535
PLTR,2025-06-06,0.3177262040658228,0.8946002068388549
PLTR,2025-06-09,0.2997263512142042,0.900149359020905
PLTR,2025-06-10,0.3041921176866545,0.9042847292989236
PLTR,2025-06-11,0.2853451747882246,0.9062174709094458
PLTR,2025-06-12,0.5963676955575956,0.9021146988330232
PLTR,2025-06-13,0.6325856050851323,0.893757467390595
PLTR,2025-06-16,0.6400952085762545,0.8844663173888176
PLTR,2025-06-17,0.6403828195102405,0.8782221786115753
PLTR,2025-06-18,0.6438317919506491,0.8704878598806082
PLTR,2025-06-20,0.6650787077653225,0.8613809048639348
PLTR,2025-06-23,0.6582597503002356,0.854053751627483
PLTR,2025-06-24,0.659075915597961,0.8467420302433538
PLTR,2025-06-25,0.6593605447855607,0.8403389453217704
PLTR,2025-06-26,0.6571853330071072,0.8309289620807969
PLTR,2025-06-27,0.4228606522441337,0.8245280857786552
PLTR,2025-06-30,0.3976714001164314,0.8416956984650863
PLTR,2025-07-01,0.2787317349170295,0.8390350021621008
PLTR,2025-07-02,0.2794052329343181,0.8347036213740282
PLTR,2025-07-03,0.293858513727906,0.828671754394594
PLTR,2025-07-07,0.2906882599361681,0.8227384112217219
PLTR,2025-07-08,0.3203907829207915,0.8193284705509071
PLTR,2025-07-09,0.344777930247168,0.8130791577498
PLTR,2025-07-10,0.3402044077939772,0.8082017638826886
PLTR,2025-07-11,0.3435035081061849,0.8026884002179115
PLTR,2025-07-14,0.2807141288226853,0.7970993627323852
PLTR,2025-07-15,0.2888372923297956,0.7965547208623922
PLTR,2025-07-16,0.288332259135988,0.7914629068104427
PLTR,2025-07-17,0.2766455087094852,0.7867664388095318
PLTR,2025-07-18,0.3121958397336933,0.78270541608293
PLTR,2025-07-21,0.3619775888036251,0.7776153055331415
PLTR,2025-07-22,0.4768668996814422,0.7728969310926079
PLTR,2025-07-23,0.4755370285012845,0.7684245106099306
PLTR,2025-07-24,0.4696618702464156,0.7651430503693681
PLTR,2025-07-25,0.4700254621990591,0.7589338936747755
PLTR,2025-07-28,0.5000130756257463,0.7542081589027999
PLTR,2025-07-29,0.4810181764804401,0.7585077095811691
PLTR,2025-07-30,0.5073236953347129,0.7539039560249701
PLTR,2025-07-31,0.5291575995191223,0.7499722474727073
PLTR,2025-08-01,0.519960484882598,0.7007810547571632
PLTR,2025-08-04,0.518589514886556,0.6875350767176559
PLTR,2025-08-05,0.6102511147550932,0.6836222141615113
PLTR,2025-08-06,0.5566613038850206,0.6977865819788155
PLTR,2025-08-07,0.5409404835083728,0.7008040321954679
PLTR,2025-08-08,0.5224134362905133,0.6930428727667413
PLTR,2025-08-11,0.5218126474149251,0.7491833014565613
PLTR,2025-08-12,0.5219282946469006,0.7459235279699516
PLTR,2025-08-13,0.524802322994637,0.7545461458922528
PLTR,2025-08-14,0.5393683582126544,0.7394854113645525
PLTR,2025-08-15,0.5378498635745776,0.7234415509342499
PLTR,2025-08-18,0.5415640256410371,0.7149838539832875
PLTR,2025-08-19,0.2390503139391064,0.7065723169587439
PLTR,2025-08-20,0.2375065094803258,0.7526565279513769
PLTR,2025-08-21,0.2569573459354122,0.7395305365686826
PLTR,2025-08-22,0.2634669510106673,0.7283805538378126
PLTR,2025-08-25,0.3282815324854833,0.7206357437503795
PLTR,2025-08-26,0.3343780797772207,0.7134694959594595
PLTR,2025-08-27,0.3093905017168455,0.7090766499404844
PLTR,2025-08-28,0.3622523788619911,0.7049030400949067
PLTR,2025-08-29,0.3541027866366022,0.7004670037607665
PLTR,2025-09-02,0.3603755441734567,0.6946111904636331
PLTR,2025-09-03,0.3560641092720426,0.6887601361654724
PLTR,2025-09-04,0.4130384640195608,0.683703322327575
PLTR,2025-09-05,0.3788112459579609,0.6775941992487705
PLTR,2025-09-08,0.4158023927768164,0.6736869504306194
PLTR,2025-09-09,0.3922950416374888,0.6680462431109372
PLTR,2025-09-10,0.4059474519217452,0.6676191974545421
PLTR,2025-09-11,0.3922126132089791,0.663789133224872
PLTR,2025-09-12,0.3514552487850943,0.6575361635045072
PLTR,2025-09-15,0.3507974284696962,0.6626979241104473
PLTR,2025-09-16,0.3536845962401746,0.6596242434374916
PLTR,2025-09-17,0.3395087447707796,0.6565759127778247
PLTR,2025-09-18,0.2547878472468789,0.6538931877093261
PLTR,2025-09-19,0.457472311569513,0.6627417255570583
PLTR,2025-09-22,0.4965554019758608,0.663698615032468
PLTR,2025-09-23,0.4936167145674139,0.6615941865416823
PLTR,2025-09-24,0.4860984067875619,0.659392329129979
PLTR,2025-09-25,0.4869131952274991,0.656600632670472
PLTR,2025-09-26,0.5696539671143839,0.6523163088583473
PLTR,2025-09-29,0.5709880817399727,0.6485243015493249
PLTR,2025-09-30,0.5660438152425954,0.6426350920398844
PLTR,2025-10-01,0.5597544791736467,0.636703179090432
PLTR,2025-10-02,0.5544535158615698,0.6267083370937907
PLTR,2025-10-03,0.3779157782382956,0.6115933987436004
PLTR,2025-10-06,0.3426936704693403,0.6422645879556674
PLTR,2025-10-07,0.3343727451417551,0.6373159979185177
PLTR,2025-10-08,0.3693477636511357,0.6340557475849466
PLTR,2025-10-09,0.3987554350725323,0.6124256703769109
PLTR,2025-10-10,0.2858585795643673,0.5897685573225021
PLTR,2025-10-13,0.3013719317849282,0.6344048169564716
PLTR,2025-10-14,0.2988523165208323,0.6257522025336014
PLTR,2025-10-15,0.3625371436020325,0.5946377890598716
PLTR,2025-10-16,0.3868501974448119,0.5514801182140023
PLTR,2025-10-17,0.3969832722232271,0.5001867430803054
PLTR,2025-10-20,0.4099396923917625,0.4590073577230409
PLTR,2025-10-21,0.6334154066784704,0.4532716401951301
PLTR,2025-10-22,0.6078479819132251,0.4454254142190368
PLTR,2025-10-23,0.7059975895815398,0.4497141986151537
PLTR,2025-10-24,0.7001463024946617,0.4914446450564232
PLTR,2025-10-27,0.8219808208961829,0.4767796504796746
PLTR,2025-10-28,0.8259480479197336,0.4631147034732213
PLTR,2025-10-29,0.7997851381356194,0.4494113270903145
PLTR,2025-10-30,0.8536591939770344,0.4453961571447675
PLTR,2025-10-31,0.832271968080761,0.4327220699221172
PLTR,2025-11-03,0.7899451377190337,0.4219867915974922
PLTR,2025-11-04,0.7079548222767833,0.4143948545072599
PLTR,2025-11-05,0.7079099024834743,0.4314834301537972
PLTR,2025-11-06,0.6852461058069469,0.4197546981536455
PLTR,2025-11-07,0.6687459813245998,0.4379969726594444
PLTR,2025-11-10,0.5245337251211609,0.5803509156270702
PLTR,2025-11-11,0.540194038888867,0.6441675381871044
PLTR,2025-11-12,0.5444244908641642,0.6298784350309428
PLTR,2025-11-13,0.4533635572556119,0.6292289083606722
PLTR,2025-11-14,0.4476780114908514,0.6523069934542932
PLTR,2025-11-17,0.4553464268253136,0.6370144009910753
PLTR,2025-11-18,0.4605921119618824,0.6229935941827701
PLTR,2025-11-19,0.4515491599933764,0.6121595653396771
PLTR,2025-11-20,0.2510224295403856,0.6259888601772906
PLTR,2025-11-21,0.2416478191840951,0.6521767368864143
PLTR,2025-11-24,0.1779279398606458,0.6403108226498778
PLTR,2025-11-25,0.2060793378792293,0.6437143207038823
PLTR,2025-11-26,0.2209854607109452,0.6302983618349077
PLTR,2025-11-28,0.2763938463286097,0.6236824864896795
PLTR,2025-12-01,0.2713094366354742,0.6119267059110673
PLTR,2025-12-02,0.2780164954017103,0.5988363021667693
PLTR,2025-12-03,0.4092908059345068,0.587177147576139
PLTR,2025-12-04,0.4685197041055989,0.5804602935884464
PLTR,2025-12-05,0.4972045780638526,0.565318536354531
PLTR,2025-12-08,0.4957514052874281,0.5696952996255605
PLTR,2025-12-09,0.4960932051381731,0.5544893696285658
PLTR,2025-12-10,0.4742250211939783,0.5408580406252056
PLTR,2025-12-11,0.5004581307034265,0.5491414100579425
PLTR,2025-12-12,0.5042307996282914,0.5442338798953589
PLTR,2025-12-15,0.5129145530127627,0.5337411577060353
PLTR,2025-12-16,0.4970127098932442,0.5182060706248637
SCHW,2025-01-02,0.2416010955929458,0.2511247078602794
SCHW,2025-01-03,0.3643244392766971,0.2501534169518514
SCHW,2025-01-06,0.3677454343088283,0.2490125381341872
SCHW,2025-01-07,0.3014396988417736,0.2485431550133309
SCHW,2025-01-08,0.3117309170961839,0.259574590024211
SCHW,2025-01-10,0.3017992902660981,0.2567722538723996
SCHW,2025-01-13,0.3158011609623614,0.2537764047013091
SCHW,2025-01-14,0.3061424254433551,0.2517864804619603
SCHW,2025-01-15,0.3064084613600099,0.2508545825908385
SCHW,2025-01-16,0.3183893663838206,0.2540123582909568
SCHW,2025-01-17,0.3208443514584821,0.2592018339074644
SCHW,2025-01-21,0.1779425235910682,0.2571186939258756
SCHW,2025-01-22,0.1756483211943536,0.2943416067005348
SCHW,2025-01-23,0.1846175777539561,0.2796499007522908
SCHW,2025-01-24,0.1868623214813523,0.2742979789175804
SCHW,2025-01-27,0.2227476801960833,0.267261891786873
SCHW,2025-01-28,0.2523624741634953,0.2638542076196275
SCHW,2025-01-29,0.2598346867376388,0.2622678974631089
SCHW,2025-01-30,0.2413830381024957,0.2605574990017396
SCHW,2025-01-31,0.2426889560758609,0.263045331778569
SCHW,2025-02-03,0.256738788127485,0.2620591359707691
SCHW,2025-02-04,0.2523397757342013,0.259795623458714
SCHW,2025-02-05,0.2527142477132221,0.2601411507068943
SCHW,2025-02-06,0.2360676353483682,0.2589196724997696
SCHW,2025-02-07,0.2358394876786695,0.2631614558751571
SCHW,2025-02-10,0.2147098386149905,0.2613410528156764
SCHW,2025-02-11,0.1528042069721001,0.2661769180782003
SCHW,2025-02-12,0.1493396811813708,0.2694340084649756
SCHW,2025-02-13,0.1727583347452559,0.2662578394860798
SCHW,2025-02-14,0.1844249735626085,0.2636448278941073
SCHW,2025-02-18,0.2332486664795892,0.2623383850016676
SCHW,2025-02-19,0.2673240038528379,0.2625819674090762
SCHW,2025-02-20,0.2694604179377982,0.2603319477136996
SCHW,2025-02-21,0.2659723602020087,0.2591506428842204
SCHW,2025-02-24,0.3284915580552532,0.2613203693648561
SCHW,2025-02-25,0.3582729920842056,0.2598780033005665
SCHW,2025-02-26,0.3938517612639876,0.2610231424069318
SCHW,2025-02-27,0.3940074888958366,0.2599510362644702
SCHW,2025-02-28,0.4721171785617432,0.259255931916438
SCHW,2025-03-03,0.4675317868629526,0.2604297383662661
SCHW,2025-03-04,0.4171236331508766,0.2627629535735113
SCHW,2025-03-05,0.4110352913238709,0.2763699988345093
SCHW,2025-03-06,0.3998813264328152,0.2744399236866193
SCHW,2025-03-07,0.391491119373697,0.2714652009120842
SCHW,2025-03-10,0.270545098991168,0.2688762126479175
SCHW,2025-03-11,0.268811074266349,0.2893432666347906
SCHW,2025-03-12,0.2724132242260859,0.2824935237498369
SCHW,2025-03-13,0.2676821454071499,0.2820528300902263
SCHW,2025-03-14,0.1991011073319043,0.2764572152294874
SCHW,2025-03-17,0.1968043536950841,0.2990636782913033
SCHW,2025-03-18,0.2008853296318359,0.2879792334427922
SCHW,2025-03-19,0.1948262215552706,0.2806727625159989
SCHW,2025-03-20,0.3117278381472976,0.2787289249413598
SCHW,2025-03-21,0.4912027846693459,0.2753467835315601
SCHW,2025-03-24,0.4813149052932588,0.2731329845027554
SCHW,2025-03-25,0.4692594101783658,0.2753799361259969
SCHW,2025-03-26,0.6449603749761916,0.2731321097460901
SCHW,2025-03-27,0.6480178952108251,0.2720515498701762
SCHW,2025-03-28,0.6844628006559799,0.2713135374725551
SCHW,2025-03-31,0.6833440350411233,0.2758631069921216
SCHW,2025-04-01,0.6828921498092186,0.2733287494947539
SCHW,2025-04-02,0.6850361199096617,0.2724764881542148
SCHW,2025-04-03,0.6383925175002562,0.2728117273469007
SCHW,2025-04-04,0.4625541949879199,0.2946093984143415
SCHW,2025-04-07,0.4666911951291851,0.3866647048489182
SCHW,2025-04-08,0.4641002523892749,0.3394062515068949
SCHW,2025-04-09,0.315760277156407,0.3109633366604484
SCHW,2025-04-10,0.2857013301246403,0.4075731670896797
SCHW,2025-04-11,0.2170495312686211,0.3648745180423377
SCHW,2025-04-14,0.219963594805929,0.3683565984445858
SCHW,2025-04-15,0.2205951242490189,0.3350116650358159
SCHW,2025-04-16,0.1751014348237449,0.3153346118913197
SCHW,2025-04-17,0.1847997267331247,0.3117457838298626
SCHW,2025-04-21,0.1305330786025861,0.3032892067040634
SCHW,2025-04-22,0.1405883637498561,0.3024651557736307
SCHW,2025-04-23,0.1370747577449328,0.306275232603392
SCHW,2025-04-24,0.1205232658097874,0.3049469526510863
SCHW,2025-04-25,0.1206793565205025,0.3063637028437542
SCHW,2025-04-28,0.12170734464599,0.3011244357549593
SCHW,2025-04-29,0.1174595727875834,0.2975304263125288
SCHW,2025-04-30,0.1165447222804074,0.2987311541052611
SCHW,2025-05-01,0.1129870095974186,0.296285884634041
SCHW,2025-05-02,0.0936617289017569,0.2948451778462623
SCHW,2025-05-05,0.0915509509585784,0.3008544938300161
SCHW,2025-05-06,0.0688770116082051,0.2976780894870616
SCHW,2025-05-07,0.1390155297870058,0.2963754015255429
SCHW,2025-05-08,0.1441417708653617,0.2984076717585466
SCHW,2025-05-09,0.1447069774243488,0.296178222704061
SCHW,2025-05-12,0.1502890108396798,0.2947365616170686
SCHW,2025-05-13,0.154086252118054,0.2954677863394597
SCHW,2025-05-14,0.1478459331492723,0.2953376099038676
SCHW,2025-05-15,0.141051993934908,0.2952880892978115
SCHW,2025-05-16,0.137036874959111,0.2948772646567152
SCHW,2025-05-19,0.1318033581113022,0.2931377680667961
SCHW,2025-05-20,0.1336004443148475,0.2919488217199848
SCHW,2025-05-21,0.0993889432794861,0.2899805200202007
SCHW,2025-05-22,0.1142031646087736,0.2948159071908878
SCHW,2025-05-23,0.1144604910371445,0.2906164787226329
SCHW,2025-05-27,0.0885302906485065,0.287515156935397
SCHW,2025-05-28,0.0818146568321699,0.2890849300043402
SCHW,2025-05-29,0.0791919305172767,0.2867814887345895
SCHW,2025-05-30,0.0980408355543197,0.2849528952338392
SCHW,2025-06-02,0.1372725481985862,0.2843250718304805
SCHW,2025-06-03,0.1368757038595264,0.282995919471894
SCHW,2025-06-04,0.1383420173382345,0.2817091156033933
SCHW,2025-06-05,0.1460943111184997,0.2815422378676709
SCHW,2025-06-06,0.1465272614069874,0.2805629744773139
SCHW,2025-06-09,0.1554567056568291,0.2830475392067865
SCHW,2025-06-10,0.1567453844532023,0.2804409839352304
SCHW,2025-06-11,0.1593868992784168,0.2795561390654797
SCHW,2025-06-12,0.1612322453568767,0.2791150639666074
SCHW,2025-06-13,0.1489506132772133,0.2788707563982709
SCHW,2025-06-16,0.1283819118943455,0.2832053104092444
SCHW,2025-06-17,0.1276620841955082,0.2899510864870835
SCHW,2025-06-18,0.1196520024543847,0.2853959960527195
SCHW,2025-06-20,0.1170323414670945,0.2856842738597387
SCHW,2025-06-23,0.1101978779462034,0.2845946391358638
SCHW,2025-06-24,0.10390375946632,0.2846201469628008
SCHW,2025-06-25,0.1059227865596074,0.2852638934940448
SCHW,2025-06-26,0.12590893692827,0.2836477734044911
SCHW,2025-06-27,0.1276085994734553,0.282441691129062
SCHW,2025-06-30,0.1312411603106969,0.2822601817365924
SCHW,2025-07-01,0.1328951623440353,0.2859742519282194
SCHW,2025-07-02,0.1664442171533516,0.2831680465459364
SCHW,2025-07-03,0.2134971476706171,0.2811760363718165
SCHW,2025-07-07,0.2093475907736848,0.2787765768069134
SCHW,2025-07-08,0.2123679982661763,0.2424680194377783
SCHW,2025-07-09,0.2145946127134622,0.2395842292565252
SCHW,2025-07-10,0.2207669956229828,0.2369929738441487
SCHW,2025-07-11,0.2038080435696284,0.2369642010646625
SCHW,2025-07-14,0.2041301897025663,0.2404414822349922
SCHW,2025-07-15,0.183679802623103,0.2424306970371971
SCHW,2025-07-16,0.1742199159759651,0.2462298049570561
SCHW,2025-07-17,0.1768488439346469,0.2459118461557026
SCHW,2025-07-18,0.1716952926336513,0.2624478513158901
SCHW,2025-07-21,0.1900277128569221,0.2877659109210506
SCHW,2025-07-22,0.1871854819751168,0.2708865580203752
SCHW,2025-07-23,0.1862112976769357,0.2623729093024463
SCHW,2025-07-24,0.1770383703151285,0.2550367524333788
SCHW,2025-07-25,0.1898189293597333,0.2582859518730855
SCHW,2025-07-28,0.1866057796721821,0.253480557953294
SCHW,2025-07-29,0.1943276678043552,0.2517404763039952
SCHW,2025-07-30,0.2513306772474247,0.2475606461743541
SCHW,2025-07-31,0.278619771804218,0.2471913156725587
SCHW,2025-08-01,0.2668967724548161,0.2479189611509933
SCHW,2025-08-04,0.2527746349402605,0.2658015034698833
SCHW,2025-08-05,0.2513614104083875,0.2663035146334377
SCHW,2025-08-06,0.2508865485423444,0.2577894408242481
SCHW,2025-08-07,0.2488638562972302,0.2515774263572482
SCHW,2025-08-08,0.2364174159743562,0.2499193998195394
SCHW,2025-08-11,0.235043042174998,0.2547362033639594
SCHW,2025-08-12,0.2351280024691655,0.2506012480451485
SCHW,2025-08-13,0.1651950406108097,0.2514742292671179
SCHW,2025-08-14,0.1158510859915654,0.2863488176793567
SCHW,2025-08-15,0.0996601470951791,0.2871122272300871
SCHW,2025-08-18,0.1009007096224196,0.2786935427842293
SCHW,2025-08-19,0.0981661177169002,0.2626647122013081
SCHW,2025-08-20,0.1186833150171781,0.2534610845934431
SCHW,2025-08-21,0.3280433144069703,0.2478324117423835
SCHW,2025-08-22,0.341660893668865,0.2449495321023501
SCHW,2025-08-25,0.3410145372360916,0.2426971147748878
SCHW,2025-08-26,0.3373250539618898,0.2422676911240346
SCHW,2025-08-27,0.3576044968632648,0.2466771155254616
SCHW,2025-08-28,0.3563748615787485,0.2446297742211005
SCHW,2025-08-29,0.3584539948013856,0.2430409182535748
SCHW,2025-09-02,0.3580814121139862,0.2492065559912104
SCHW,2025-09-03,0.3672120013318872,0.2457546486617471
SCHW,2025-09-04,0.3648381625563281,0.2432401753182253
SCHW,2025-09-05,0.2092208953448198,0.251227789501238
SCHW,2025-09-08,0.1969685178852475,0.3730205513549339
SCHW,2025-09-09,0.1994541067426994,0.3261861874889348
SCHW,2025-09-10,0.202047075844289,0.2922653086931325
SCHW,2025-09-11,0.2232551263176974,0.2822922824548863
SCHW,2025-09-12,0.2232262027282406,0.2806799263222637
SCHW,2025-09-15,0.2079403816338114,0.268253016379692
SCHW,2025-09-16,0.2153290110385073,0.2699401508245589
SCHW,2025-09-17,0.2862097709057218,0.2663849967709445
SCHW,2025-09-18,0.2790391042356906,0.2648314561983005
SCHW,2025-09-19,0.2838271017756753,0.2650554208602997
SCHW,2025-09-22,0.2837394044524716,0.2637944761768098
SCHW,2025-09-23,0.2823291690485895,0.258262957843562
SCHW,2025-09-24,0.2675067799008307,0.2563657542919488
SCHW,2025-09-25,0.231567158483077,0.2653200744398765
SCHW,2025-09-26,0.2494177546317922,0.2851788346463214
SCHW,2025-09-29,0.2529354087646654,0.2717402268506655
SCHW,2025-09-30,0.2451921565853634,0.2714846452659025
SCHW,2025-10-01,0.1730134359716857,0.2712685628719022
SCHW,2025-10-02,0.1821792049949063,0.3065011395868917
SCHW,2025-10-03,0.1700993978882492,0.2831858586446246
SCHW,2025-10-06,0.17517639056494,0.2782024580187107
SCHW,2025-10-07,0.1751143054279631,0.2675116274998372
SCHW,2025-10-08,0.1808053527416375,0.2616015372822302
SCHW,2025-10-09,0.1810144693514545,0.2585477313731671
SCHW,2025-10-10,0.1314541109408756,0.2561262912863184
SCHW,2025-10-13,0.1076286851130852,0.2727727929324505
SCHW,2025-10-14,0.1230565108877446,0.2729328579381097
SCHW,2025-10-15,0.1191589576056552,0.2619215795382879
SCHW,2025-10-16,0.1064975051731622,0.2588288246831879
SCHW,2025-10-17,0.0997745022619024,0.2600458220095271
SCHW,2025-10-20,0.113526714993373,0.2554830480904671
SCHW,2025-10-21,0.1220161796753465,0.2551454699975765
SCHW,2025-10-22,0.1159071527253715,0.2515131820084688
SCHW,2025-10-23,0.1187602388885705,0.2530201086340558
SCHW,2025-10-24,0.1312209197585301,0.2507693753663207
SCHW,2025-10-27,0.1306260248487583,0.2494269628882298
SCHW,2025-10-28,0.1159249060033021,0.24958264208012
SCHW,2025-10-29,0.1335771321904501,0.2542492516252141
SCHW,2025-10-30,0.1922028223541513,0.253858198422247
SCHW,2025-10-31,0.196741668529163,0.2497601503647852
SCHW,2025-11-03,0.2286508511016212,0.2457068812728021
SCHW,2025-11-04,0.2257820630235213,0.2514580255507685
SCHW,2025-11-05,0.2273091977817573,0.2432097901479128
SCHW,2025-11-06,0.2500789996090988,0.2362424686160857
SCHW,2025-11-07,0.2378889035473647,0.2365883276519054
SCHW,2025-11-10,0.2351005432046865,0.2477321327924388
SCHW,2025-11-11,0.231503811275612,0.2423067366008286
SCHW,2025-11-12,0.2197725802244457,0.2405146169031575
SCHW,2025-11-13,0.2066715080176946,0.2585877064230847
SCHW,2025-11-14,0.2050203483743303,0.2852475296641524
SCHW,2025-11-17,0.1560821723793486,0.2619808204852785
SCHW,2025-11-18,0.1868195830049261,0.3025762520739747
SCHW,2025-11-19,0.1923408879587603,0.2676460972045028
SCHW,2025-11-20,0.155929322804508,0.2503965468845024
SCHW,2025-11-21,0.1548426065387182,0.2833805775790168
SCHW,2025-11-24,0.1559879741119729,0.2574375063481507
SCHW,2025-11-25,0.1693877946885773,0.2443890945155356
SCHW,2025-11-26,0.170768947181076,0.2389021808246821
SCHW,2025-11-28,0.1750854552678594,0.2464081185080024
SCHW,2025-12-01,0.1975598730782124,0.2472557496105833
SCHW,2025-12-02,0.1912854442995433,0.2397321066319562
SCHW,2025-12-03,0.1690019405676893,0.2398950906442457
SCHW,2025-12-04,0.164215562781076,0.2683960752870294
SCHW,2025-12-05,0.1537986587971325,0.2596322561388118
SCHW,2025-12-08,0.1854534723062685,0.2580632522693405
SCHW,2025-12-09,0.1868051602559002,0.2470335501361207
SCHW,2025-12-10,0.1779853159923217,0.2398268442133848
SCHW,2025-12-11,0.1757435075495528,0.2559910175578047
SCHW,2025-12-12,0.1781682324627601,0.2542140963550717
SCHW,2025-12-15,0.1603693089462741,0.2422542709633499
SCHW,2025-12-16,0.1700754147515012,0.2517011095716807
SPX,2025-01-02,0.1626917946814717,0.1327151224721291
SPX,2025-01-03,0.1569499239158936,0.1289049869233089
SPX,2025-01-06,0.1573760528825853,0.1328924581787464
SPX,2025-01-07,0.1400229740555058,0.1302921130250886
SPX,2025-01-08,0.1434412144311344,0.1324050171292981
SPX,2025-01-10,0.1404127526284104,0.1291234835753066
SPX,2025-01-13,0.1432124011972696,0.1371114108742209
SPX,2025-01-14,0.1492133934728765,0.132661385992155
SPX,2025-01-15,0.1254575836614749,0.1289710383981124
SPX,2025-01-16,0.1289944442751431,0.1407229286503306
SPX,2025-01-17,0.1278145466795566,0.1359296758154344
SPX,2025-01-21,0.1250764515459303,0.1361723244555472
SPX,2025-01-22,0.1224118492961674,0.1354107373492074
SPX,2025-01-23,0.1205112536354969,0.1332157116776729
SPX,2025-01-24,0.1284053920140669,0.1308607667556769
SPX,2025-01-27,0.1091169877692731,0.1280342985064625
SPX,2025-01-28,0.0988812110240948,0.134934007003733
SPX,2025-01-29,0.0967352959581535,0.13479055792634
SPX,2025-01-30,0.1070601505122082,0.1318768126397727
SPX,2025-01-31,0.1023442189817536,0.1296342833163717
SPX,2025-02-03,0.0896395543876066,0.127524574943067
SPX,2025-02-04,0.0853145968232572,0.1275983767893539
SPX,2025-02-05,0.0894201644614699,0.127329681034654
SPX,2025-02-06,0.1256077547044309,0.1254696219557455
SPX,2025-02-07,0.1190706247562222,0.123717591314769
SPX,2025-02-10,0.1128023515247907,0.1257957670007568
SPX,2025-02-11,0.1126963289510689,0.1254712323043335
SPX,2025-02-12,0.1333076788730905,0.1229227205809946
SPX,2025-02-13,0.1502170832198665,0.1210611278309787
SPX,2025-02-14,0.1669732575958873,0.1243073876637103
SPX,2025-02-18,0.1663970646255919,0.1221120654233893
SPX,2025-02-19,0.1834384640197906,0.120481058416355
SPX,2025-02-20,0.1944474108084616,0.1188287036292701
SPX,2025-02-21,0.1924969139609665,0.1179256711831525
SPX,2025-02-24,0.2252345331253745,0.1304982148664611
SPX,2025-02-25,0.2251038373932498,0.1283718982396264
SPX,2025-02-26,0.2303013851112352,0.1266529945971254
SPX,2025-02-27,0.2281200023573777,0.1238940233862665
SPX,2025-02-28,0.2433279082000545,0.1338729028396813
SPX,2025-03-03,0.2392894494214756,0.1418924031313405
SPX,2025-03-04,0.2376817703712656,0.1524650420291878
SPX,2025-03-05,0.2371006045247929,0.1525271421104872
SPX,2025-03-06,0.2217447689456942,0.1511491501018695
SPX,2025-03-07,0.2189336743706139,0.1611104691420254
SPX,2025-03-10,0.1855861688770612,0.1533489985372551
SPX,2025-03-11,0.1768602113706607,0.1889251773056535
SPX,2025-03-12,0.1914766113358317,0.178027525107776
SPX,2025-03-13,0.1731445466854465,0.1668644884034716
SPX,2025-03-14,0.176171875597504,0.1677846092803739
SPX,2025-03-17,0.1751934533866172,0.1855254715976512
SPX,2025-03-18,0.1679327098777834,0.173841586695138
SPX,2025-03-19,0.1620454324400087,0.1688389383954747
SPX,2025-03-20,0.2975358679005727,0.16519803893167
SPX,2025-03-21,0.4086909131509523,0.1550971421719749
SPX,2025-03-24,0.3810928929118712,0.1463334178178055
SPX,2025-03-25,0.3723148713222717,0.160650102864556
SPX,2025-03-26,0.6494378543973331,0.1515571622347281
SPX,2025-03-27,0.6672144855666039,0.1520869604551359
SPX,2025-03-28,0.6749052071719175,0.1453211120107652
SPX,2025-03-31,0.675953032142644,0.1643067584833772
SPX,2025-04-01,0.6748041910808448,0.15714337152379
SPX,2025-04-02,0.6775069913448625,0.1501941919974188
SPX,2025-04-03,0.6352223153040132,0.1462814005646732
SPX,2025-04-04,0.5600628241400779,0.2757345870700267
SPX,2025-04-07,0.5711277356126737,0.4551932596465297
SPX,2025-04-08,0.5621337928531106,0.4122382887244465
SPX,2025-04-09,0.3346591492836495,0.387490859911886
SPX,2025-04-10,0.2692327563528306,0.7128509479587007
SPX,2025-04-11,0.2593712974991498,0.6828097600194678
SPX,2025-04-14,0.2584696325208032,0.6252574210215275
SPX,2025-04-15,0.2573865300737309,0.5657956123733221
SPX,2025-04-16,0.2133712799668487,0.5149767174818657
SPX,2025-04-17,0.2155727121708601,0.4884916836222526
SPX,2025-04-21,0.1537547608278732,0.4374921452121344
SPX,2025-04-22,0.1473726722071205,0.4220896144108358
SPX,2025-04-23,0.1348482213449632,0.4115776262639216
SPX,2025-04-24,0.1048655852265815,0.3833634740522874
SPX,2025-04-25,0.1037720664233095,0.3675748663493307
SPX,2025-04-28,0.1802911406471108,0.3283098403393263
SPX,2025-04-29,0.1804881046963158,0.2867236076403783
SPX,2025-04-30,0.180799699017847,0.2515973097203506
SPX,2025-05-01,0.1809122978236017,0.2192559436581383
SPX,2025-05-02,0.1739810436864413,0.195943929542811
SPX,2025-05-05,0.1645987313776835,0.208219917360738
SPX,2025-05-06,0.1569904444336807,0.1916794536391824
SPX,2025-05-07,0.1923724373301199,0.1826633769512325
SPX,2025-05-08,0.1930401652526644,0.1721357956829558
SPX,2025-05-09,0.1986475050778953,0.1651427962785304
SPX,2025-05-12,0.1531626376694329,0.1540688093569739
SPX,2025-05-13,0.1528269147947525,0.2576072390643343
SPX,2025-05-14,0.1540938087958962,0.2406961315822643
SPX,2025-05-15,0.1526354078711421,0.2214844739717185
SPX,2025-05-16,0.1495480589162852,0.2058113115224857
SPX,2025-05-19,0.1526957360463853,0.1953863531178199
SPX,2025-05-20,0.1510755258311147,0.1839382170787037
SPX,2025-05-21,0.1246928318142089,0.1728632427405796
SPX,2025-05-22,0.1311200088949899,0.1894057334144815
SPX,2025-05-23,0.1209872268494524,0.1770702973611371
SPX,2025-05-27,0.0789053852655713,0.1711859291880582
SPX,2025-05-28,0.072312816626048,0.2004698243333681
SPX,2025-05-29,0.0721908600570919,0.1902782832887817
SPX,2025-05-30,0.0993733701401294,0.1802454128467979
SPX,2025-06-02,0.107016538808444,0.1699018112137952
SPX,2025-06-03,0.1149430645115494,0.1630626770393513
SPX,2025-06-04,0.114971542561685,0.1589619493887526
SPX,2025-06-05,0.1118538442042158,0.1522411195577147
SPX,2025-06-06,0.1102636774812625,0.1494739582565603
SPX,2025-06-09,0.1226270966989,0.1555139986403979
SPX,2025-06-10,0.1206380622883599,0.1494486245469841
SPX,2025-06-11,0.1236014355612072,0.1477994387556131
SPX,2025-06-12,0.1243824211897381,0.1440972266058086
SPX,2025-06-13,0.0995097074735633,0.1419507620420907
SPX,2025-06-16,0.0968380196612355,0.1530988261200482
SPX,2025-06-17,0.0746453553022569,0.1569739701069046
SPX,2025-06-18,0.0732039155086862,0.1586491762332122
SPX,2025-06-20,0.0918514118817408,0.152903252594901
SPX,2025-06-23,0.0898327501538025,0.1485123938991979
SPX,2025-06-24,0.0807211876271672,0.1545168116573667
SPX,2025-06-25,0.0792436202117728,0.1621601451206763
SPX,2025-06-26,0.0797879866442346,0.1562261987450409
SPX,2025-06-27,0.0776517451323429,0.1577956110073334
SPX,2025-06-30,0.0792323386713108,0.1555076810099392
SPX,2025-07-01,0.079529857672455,0.1536530736454375
SPX,2025-07-02,0.0803974364827242,0.1496443136094426
SPX,2025-07-03,0.0697189636851561,0.1484505226436332
SPX,2025-07-07,0.0527719548748189,0.1520894469847825
SPX,2025-07-08,0.0518200437887758,0.1541509125015984
SPX,2025-07-09,0.0567360018750805,0.1494634576604983
SPX,2025-07-10,0.0564255895729411,0.1491471403293666
SPX,2025-07-11,0.0513533437050844,0.1455373905650684
SPX,2025-07-14,0.0521417432093656,0.142668217278569
SPX,2025-07-15,0.0491389100433597,0.1393925647857589
SPX,2025-07-16,0.0511808013890233,0.1378930346300429
SPX,2025-07-17,0.0525958417113439,0.1354560539614069
SPX,2025-07-18,0.0996035962669486,0.1354298136275993
SPX,2025-07-21,0.1267420664480166,0.1317635626393359
SPX,2025-07-22,0.1294220452588027,0.1291462863662688
SPX,2025-07-23,0.1285416188976488,0.1260128783792398
SPX,2025-07-24,0.1284624444961941,0.1316897854288527
SPX,2025-07-25,0.1333794693541803,0.1281331273819463
SPX,2025-07-28,0.1339662627245929,0.1271044928111635
SPX,2025-07-29,0.1445699163225373,0.1250831041439913
SPX,2025-07-30,0.1442182642632082,0.1228802157573454
SPX,2025-07-31,0.1414582217842381,0.1199876095929011
SPX,2025-08-01,0.1048166170066985,0.1191010893782441
SPX,2025-08-04,0.0845029204776073,0.1513110627915775
SPX,2025-08-05,0.0868650419636644,0.166609417736449
SPX,2025-08-06,0.0832614782197195,0.1594253969950787
SPX,2025-08-07,0.0864857274923942,0.1559683197439866
SPX,2025-08-08,0.1086598693236595,0.149553804757118
SPX,2025-08-11,0.1106948815036827,0.149440231714743
SPX,2025-08-12,0.0971333980570014,0.1440392263565826
SPX,2025-08-13,0.0965198310411753,0.1522581366033643
SPX,2025-08-14,0.0976340333101246,0.1469000738823021
SPX,2025-08-15,0.102551809082688,0.1413522616270232
SPX,2025-08-18,0.1086211089394978,0.1379061206493382
SPX,2025-08-19,0.107428502226936,0.1336341935659023
SPX,2025-08-20,0.1124309147339017,0.1345989794905509
SPX,2025-08-21,0.1113178111859152,0.1314251211162824
SPX,2025-08-22,0.0833190658276797,0.1302785238533084
SPX,2025-08-25,0.0795395898049533,0.1516884611741963
SPX,2025-08-26,0.0785332212815201,0.1469200984771509
SPX,2025-08-27,0.0869420813717585,0.1430631780616509
SPX,2025-08-28,0.0870673809662569,0.1391410642341226
SPX,2025-08-29,0.0769056782675953,0.1353978693103038
SPX,2025-09-02,0.0613925254648237,0.135532884485838
SPX,2025-09-03,0.0629635139706979,0.1364661938721652
SPX,2025-09-04,0.0556373959118594,0.1347720889057523
SPX,2025-09-05,0.049062068622216,0.1378836039169608
SPX,2025-09-08,0.0495252170816118,0.1345987485473355
SPX,2025-09-09,0.0655615244390609,0.1307063022830787
SPX,2025-09-10,0.0699835772971979,0.1277029327197318
SPX,2025-09-11,0.0656500112336408,0.1253563206421831
SPX,2025-09-12,0.0711771409450635,0.1309746717185245
SPX,2025-09-15,0.0688090426787298,0.1270756924113847
SPX,2025-09-16,0.0697563647532267,0.1266524713882756
SPX,2025-09-17,0.0693425135505344,0.1237881753177952
SPX,2025-09-18,0.0672268974153062,0.1209746524387371
SPX,2025-09-19,0.0642359383681465,0.120965974864933
SPX,2025-09-22,0.0631362500285905,0.1210384783984956
SPX,2025-09-23,0.0588911332639497,0.1205502679647666
SPX,2025-09-24,0.0596455967140121,0.12137871402342
SPX,2025-09-25,0.0532107179344148,0.1196363998304301
SPX,2025-09-26,0.1534617002862111,0.1204789998787123
SPX,2025-09-29,0.1749195511282821,0.1223707960772711
SPX,2025-09-30,0.1734319842409374,0.1200317314737126
SPX,2025-10-01,0.1738682043584597,0.119300942781499
SPX,2025-10-02,0.1759782938266522,0.1178007489681959
SPX,2025-10-03,0.1790041625883434,0.1147890181354101
SPX,2025-10-06,0.1870642684895213,0.1122006667176675
SPX,2025-10-07,0.185902437394054,0.1116983712153373
SPX,2025-10-08,0.1850955564588257,0.1114060809971009
SPX,2025-10-09,0.1875484255405299,0.1142753904657019
SPX,2025-10-10,0.1102613598680308,0.1124631225937362
SPX,2025-10-13,0.1012551879743449,0.1925693528143281
SPX,2025-10-14,0.097907769748637,0.1999694862897678
SPX,2025-10-15,0.0995819549659389,0.1857883466977427
SPX,2025-10-16,0.1104422298102885,0.175434884085054
SPX,2025-10-17,0.1096394346428583,0.169102717294915
SPX,2025-10-20,0.100133043678193,0.1628849705022882
SPX,2025-10-21,0.121149776184775,0.1651858516530286
SPX,2025-10-22,0.1172639451962893,0.1569074227377652
SPX,2025-10-23,0.1300025834326315,0.1526799815165805
SPX,2025-10-24,0.1224268677793243,0.1495542050392034
SPX,2025-10-27,0.1322288187572161,0.1495217238352362
SPX,2025-10-28,0.1321023851541353,0.1578092049062212
SPX,2025-10-29,0.1322312399733658,0.1509200697728949
SPX,2025-10-30,0.1488964463610878,0.1445187492497659
SPX,2025-10-31,0.1474456075353376,0.1486981401896226
SPX,2025-11-03,0.1507957214212977,0.1431901246170552
SPX,2025-11-04,0.1457713559748977,0.138127752394304
SPX,2025-11-05,0.1458863755666954,0.1481852597027474
SPX,2025-11-06,0.1549531246532005,0.1433098776521518
SPX,2025-11-07,0.1665661563791574,0.1504414821810701
SPX,2025-11-10,0.1667545470609216,0.1434952009031403
SPX,2025-11-11,0.1748196626083712,0.160555905543226
SPX,2025-11-12,0.179396817131174,0.1533522792392886
SPX,2025-11-13,0.1565550816443813,0.1467964524647998
SPX,2025-11-14,0.1602483913694359,0.1667668762186401
SPX,2025-11-17,0.1494606973860504,0.1582394816615448
SPX,2025-11-18,0.1372569130439854,0.1586899045159857
SPX,2025-11-19,0.137748480402437,0.1575913036600268
SPX,2025-11-20,0.0904073420364603,0.1522803850656066
SPX,2025-11-21,0.0949679645157187,0.1684761034243518
SPX,2025-11-24,0.0706937381044876,0.1682365737249117
SPX,2025-11-25,0.0650243611633061,0.1798077416594051
SPX,2025-11-26,0.0586009219360502,0.1764416056108508
SPX,2025-11-28,0.0793152376010572,0.1706987933707087
SPX,2025-12-01,0.0747791756087329,0.1642962143825592
SPX,2025-12-02,0.0743814351427279,0.1590282036237722
SPX,2025-12-03,0.0902306014494254,0.1525034766291974
SPX,2025-12-04,0.102224151802056,0.1472463694149786
SPX,2025-12-05,0.1132922590389546,0.141793898918272
SPX,2025-12-08,0.1168931855406172,0.1370819931708966
SPX,2025-12-09,0.1183051808578968,0.1338613724291917
SPX,2025-12-10,0.1148143610163335,0.1292595855106454
SPX,2025-12-11,0.1146115799319323,0.1298078075765912
SPX,2025-12-12,0.0997238934151081,0.1258383633599254
SPX,2025-12-15,0.0995598357882556,0.1343725235174873
SPX,2025-12-16,0.1074020772056451,0.1295485588151801
WMT,2025-01-02,0.1513056600296493,0.19421069476886
WMT,2025-01-03,0.1567835733843143,0.1929930340742342
WMT,2025-01-06,0.1546511646644091,0.192399458002505
WMT,2025-01-07,0.1476617037339845,0.1915951241738097
WMT,2025-01-08,0.1466040427492592,0.1908175898358401
WMT,2025-01-10,0.1864109606102535,0.1905506127718411
WMT,2025-01-13,0.152419507209562,0.1906172700627265
WMT,2025-01-14,0.1330787893471061,0.1912372861120799
WMT,2025-01-15,0.1348236903738749,0.1906583532788204
WMT,2025-01-16,0.1441059021505863,0.1898653144841337
WMT,2025-01-17,0.1479571372216736,0.1888446629357199
WMT,2025-01-21,0.1479224139121965,0.1790417829758654
WMT,2025-01-22,0.1491455120400353,0.1883545208354369
WMT,2025-01-23,0.1510814622039407,0.1874433840371029
WMT,2025-01-24,0.198837897143417,0.1866800726339257
WMT,2025-01-27,0.173883139932976,0.1792665803762661
WMT,2025-01-28,0.1780771539439453,0.1808017357981723
WMT,2025-01-29,0.1794405600651708,0.180632494116
WMT,2025-01-30,0.1815610191053959,0.1864935714230521
WMT,2025-01-31,0.1909712806044584,0.1806647668068462
WMT,2025-02-03,0.1891894765217658,0.1875992171304984
WMT,2025-02-04,0.1837935434012435,0.1809125716965651
WMT,2025-02-05,0.3856372258390058,0.1851477324112566
WMT,2025-02-06,0.394089902839275,0.188862296175867
WMT,2025-02-07,0.3918976195122296,0.188111952048395
WMT,2025-02-10,0.4511211975242975,0.1876181807355621
WMT,2025-02-11,0.4539163616667419,0.1893503541293152
WMT,2025-02-12,0.4492670273532412,0.1830119471217358
WMT,2025-02-13,0.4560688743794283,0.1831173563247825
WMT,2025-02-14,0.4562346781136889,0.1834320017934478
WMT,2025-02-18,0.4670599729011419,0.1835025349927467
WMT,2025-02-19,0.4745060999261481,0.1834031799112831
WMT,2025-02-20,0.3450691613132108,0.1833102830741819
WMT,2025-02-21,0.3572450609212135,0.1952468658089038
WMT,2025-02-24,0.409845487992272,0.1944368513772268
WMT,2025-02-25,0.3103209236374937,0.2314113166062668
WMT,2025-02-26,0.3188417164054731,0.2439171422151894
WMT,2025-02-27,0.3036010696268074,0.2422745094747805
WMT,2025-02-28,0.2801757316911627,0.2408081439070536
WMT,2025-03-03,0.3419562521861452,0.2445140885904837
WMT,2025-03-04,0.335598499559695,0.2460663122043727
WMT,2025-03-05,0.332279441406242,0.2427939867590098
WMT,2025-03-06,0.3323771422765502,0.2430714425181697
WMT,2025-03-07,0.3158099715910925,0.2416089811969329
WMT,2025-03-10,0.2570574463886161,0.2457726751318519
WMT,2025-03-11,0.3023854700529731,0.2609455945128777
WMT,2025-03-12,0.274950829967541,0.2603569845096025
WMT,2025-03-13,0.2714276026181425,0.2665671807092998
WMT,2025-03-14,0.2692052711894302,0.2631660102108755
WMT,2025-03-17,0.2859337354211908,0.2565141534307225
WMT,2025-03-18,0.2611956665773148,0.2616972593465869
WMT,2025-03-19,0.2622453704898849,0.2666799940618235
WMT,2025-03-20,0.3064267796581554,0.2661522421822183
WMT,2025-03-21,0.393919815150887,0.2676197353657463
WMT,2025-03-24,0.3824450800100745,0.2657749563598937
WMT,2025-03-25,0.3696903508443924,0.2653126686904425
WMT,2025-03-26,0.6043769322695921,0.2664795467722091
WMT,2025-03-27,0.6051707788300632,0.2664889336110267
WMT,2025-03-28,0.6078978983277517,0.264519066198437
WMT,2025-03-31,0.5998465617580596,0.2618772391348306
WMT,2025-04-01,0.6042332394011884,0.2628781424524192
WMT,2025-04-02,0.6288654199263836,0.2625829071742421
WMT,2025-04-03,0.6125194552633312,0.2367013663955548
WMT,2025-04-04,0.5428809730048966,0.2423422735123598
WMT,2025-04-07,0.5480110246873058,0.2678157820003867
WMT,2025-04-08,0.5134742277863955,0.2629662344857425
WMT,2025-04-09,0.2878737406832012,0.2659569627216889
WMT,2025-04-10,0.2953839917362904,0.3923899864494586
WMT,2025-04-11,0.2756801164473099,0.2928333054296562
WMT,2025-04-14,0.2598500908687018,0.3812658939641445
WMT,2025-04-15,0.2594735703104247,0.2952550166203186
WMT,2025-04-16,0.1823635345766749,0.2936194744177141
WMT,2025-04-17,0.1667384043694479,0.364034867550879
WMT,2025-04-21,0.1460398608996041,0.3717478563324278
WMT,2025-04-22,0.1206276074372869,0.3710068169068991
WMT,2025-04-23,0.1198803246600872,0.3772505732180718
WMT,2025-04-24,0.1462799379561297,0.3749973255320081
WMT,2025-04-25,0.1415790684523353,0.3715843019278124
WMT,2025-04-28,0.1417982291142546,0.3616118243929307
WMT,2025-04-29,0.1458574634451257,0.3555250496707232
WMT,2025-04-30,0.1399944514801006,0.3506521022818098
WMT,2025-05-01,0.1414952750697625,0.3400986849287211
WMT,2025-05-02,0.1598217006964036,0.327117104795887
WMT,2025-05-05,0.1561239862760881,0.2412770485878705
WMT,2025-05-06,0.1520789659332875,0.2383480533133017
WMT,2025-05-07,0.164849504502437,0.236879762334723
WMT,2025-05-08,0.1520799086241684,0.2335108494616007
WMT,2025-05-09,0.1529794174365244,0.2625291319906727
WMT,2025-05-12,0.1667894088783432,0.2345577894696062
WMT,2025-05-13,0.1597623744678052,0.2270489335977714
WMT,2025-05-14,0.1529511361601988,0.2236657419181637
WMT,2025-05-15,0.1695188463936336,0.2213538735806797
WMT,2025-05-16,0.1492952959149982,0.2177968614023577
WMT,2025-05-19,0.1485003481552842,0.2284701669478468
WMT,2025-05-20,0.1522088279504714,0.2255684255103132
WMT,2025-05-21,0.1521582583727476,0.2161724508939168
WMT,2025-05-22,0.151931645789115,0.2207362271631927
WMT,2025-05-23,0.1513863322687448,0.2172854330413013
WMT,2025-05-27,0.1368781135434009,0.2136654648749414
WMT,2025-05-28,0.1572567471308102,0.2178216015913683
WMT,2025-05-29,0.1631806032244075,0.2145956008329663
WMT,2025-05-30,0.1245147071298017,0.2115071700773748
WMT,2025-06-02,0.0948959239739343,0.221014868067111
WMT,2025-06-03,0.0898282540547251,0.2215931940370138
WMT,2025-06-04,0.1163189278214825,0.2173954823860956
WMT,2025-06-05,0.1248705499028735,0.2153301544707704
WMT,2025-06-06,0.1579979487215573,0.2207116022933747
WMT,2025-06-09,0.1580183131206058,0.2173116966972087
WMT,2025-06-10,0.1631446971124572,0.2135004118065393
WMT,2025-06-11,0.1558014006506469,0.2104027981001889
WMT,2025-06-12,0.1557754109906261,0.2178795548731895
WMT,2025-06-13,0.1515952533112824,0.217895178748298
WMT,2025-06-16,0.1489757210531786,0.2148706204406056
WMT,2025-06-17,0.1569315939354199,0.2117193764020142
WMT,2025-06-18,0.1558796755445138,0.2090553730108623
WMT,2025-06-20,0.1549154050322898,0.2105257613406216
WMT,2025-06-23,0.1805239003275319,0.213329159152865
WMT,2025-06-24,0.1803730299194417,0.2247282686384383
WMT,2025-06-25,0.2029505985361816,0.2191975974408641
WMT,2025-06-26,0.1953915303669866,0.2171970112265029
WMT,2025-06-27,0.1988324594484002,0.2198613201937238
WMT,2025-06-30,0.1954156743732686,0.2219619209417933
WMT,2025-07-01,0.1913191626579138,0.218142639735872
WMT,2025-07-02,0.1907864557250757,0.2149151692874667
WMT,2025-07-03,0.1827528938202998,0.2130463046923448
WMT,2025-07-07,0.1762555342425705,0.2121776650993302
WMT,2025-07-08,0.140945308917888,0.2131971135240651
WMT,2025-07-09,0.1407014729672887,0.2332506802523553
WMT,2025-07-10,0.1011362770488319,0.2248616960979748
WMT,2025-07-11,0.0993733016245916,0.2373423534918788
WMT,2025-07-14,0.0768133555370946,0.2304583515739585
WMT,2025-07-15,0.073276182165004,0.2329053713644043
WMT,2025-07-16,0.0870313157513392,0.2267762864675532
WMT,2025-07-17,0.0854049000827072,0.2215117833250686
WMT,2025-07-18,0.0837530196140083,0.2171039686028203
WMT,2025-07-21,0.0911527628524773,0.2135790044010127
WMT,2025-07-22,0.0970876025974646,0.2124527774821132
WMT,2025-07-23,0.2022489068521335,0.2101281265290903
WMT,2025-07-24,0.207938562137239,0.2081500429761209
WMT,2025-07-25,0.2075027231329528,0.2106007821192287
WMT,2025-07-28,0.2071999291309693,0.2115978103019502
WMT,2025-07-29,0.212135949864321,0.2079295259250225
WMT,2025-07-30,0.2575171440210332,0.2070867697283217
WMT,2025-07-31,0.2585992405062716,0.2049109111433072
WMT,2025-08-01,0.2619982363652223,0.1989961299062953
WMT,2025-08-04,0.2586689048716939,0.1933961190921941
WMT,2025-08-05,0.2584238343231611,0.1938268306550467
WMT,2025-08-06,0.1665709870888701,0.1902377436339783
WMT,2025-08-07,0.2831321257845042,0.2616199362428674
WMT,2025-08-08,0.2780275229294259,0.2462398000640887
WMT,2025-08-11,0.2738847885632301,0.235455868526889
WMT,2025-08-12,0.2755541963442777,0.226935918480829
WMT,2025-08-13,0.2573806189436949,0.2201932897180425
WMT,2025-08-14,0.258142701173097,0.2387564286374348
WMT,2025-08-15,0.2666482856717759,0.2300907913740555
WMT,2025-08-18,0.2688814335014143,0.2239863168468501
WMT,2025-08-19,0.2827950666108728,0.2189554495342304
WMT,2025-08-20,0.286312612131944,0.2140623458677287
WMT,2025-08-21,0.1487535598079926,0.2152254659801476
WMT,2025-08-22,0.1426352450855483,0.2924794662543133
WMT,2025-08-25,0.1264203752933136,0.2820179105575942
WMT,2025-08-26,0.1764020270434564,0.2705807303776896
WMT,2025-08-27,0.1949693740492775,0.2580198345293396
WMT,2025-08-28,0.1918201706381192,0.2472155021227305
WMT,2025-08-29,0.1934391950276693,0.2379637817550909
WMT,2025-09-02,0.1983071030044242,0.2329580270328986
WMT,2025-09-03,0.1902898276247139,0.2286380839871054
WMT,2025-09-04,0.1886001888030847,0.2319566149086235
WMT,2025-09-05,0.2008736245408071,0.2334970680069681
WMT,2025-09-08,0.1824294326834445,0.2269683912718441
WMT,2025-09-09,0.1832561809930796,0.2322831125151416
WMT,2025-09-10,0.1503936485588965,0.2252739479495682
WMT,2025-09-11,0.1033322835070131,0.2322659422994175
WMT,2025-09-12,0.094146086945146,0.2432860278988751
WMT,2025-09-15,0.0933115664886761,0.2375503012412174
WMT,2025-09-16,0.0926347418671429,0.2299706353138857
WMT,2025-09-17,0.0925104583220271,0.2235657662037303
WMT,2025-09-18,0.0895721773724123,0.2203501942967345
WMT,2025-09-19,0.0712306021783088,0.2163781942866011
WMT,2025-09-22,0.0742245884473211,0.2180399223449062
WMT,2025-09-23,0.0768566711069227,0.2138021362874128
WMT,2025-09-24,0.0788913762299266,0.2095794898948462
WMT,2025-09-25,0.0945375714116639,0.2056815620868693
WMT,2025-09-26,0.0942961141286486,0.2026541307019842
WMT,2025-09-29,0.0964636803198888,0.1994148795235194
WMT,2025-09-30,0.2672672202059168,0.1964216206441812
WMT,2025-10-01,0.2606158329187351,0.1938213307806837
WMT,2025-10-02,0.3004122181309427,0.1976410853597635
WMT,2025-10-03,0.3024581029487929,0.195187117979055
WMT,2025-10-06,0.308026682256139,0.1932021757341311
WMT,2025-10-07,0.3136207498458853,0.1927412734613884
WMT,2025-10-08,0.3127903776244584,0.1914345125402906
WMT,2025-10-09,0.3041570144310813,0.1890364132260442
WMT,2025-10-10,0.3090111211540823,0.1925524028590298
WMT,2025-10-13,0.325541718813617,0.1895044291698277
WMT,2025-10-14,0.2035671291125177,0.1871214151810455
WMT,2025-10-15,0.1677979484943487,0.2814186462856402
WMT,2025-10-16,0.136682865466877,0.2760305367991594
WMT,2025-10-17,0.1067614346592205,0.2817075037098844
WMT,2025-10-20,0.1186447798551175,0.2717983886434273
WMT,2025-10-21,0.1314495873405756,0.2603405190640657
WMT,2025-10-22,0.1125451704239505,0.2516444621958414
WMT,2025-10-23,0.1181491061160077,0.2449215866508795
WMT,2025-10-24,0.136476119083267,0.2370695832141329
WMT,2025-10-27,0.1166277019828668,0.2322018288321323
WMT,2025-10-28,0.1142012156280113,0.2358743924464013
WMT,2025-10-29,0.1071077014295793,0.2349943664347855
WMT,2025-10-30,0.1170340815396366,0.2306849580945075
WMT,2025-10-31,0.1014469033210071,0.2257216359523069
WMT,2025-11-03,0.1018872209108746,0.2254112924281325
WMT,2025-11-04,0.1262886698625688,0.2221086641811686
WMT,2025-11-05,0.1260883892543398,0.2205462870743754
WMT,2025-11-06,0.3437218032769675,0.219995060925281
WMT,2025-11-07,0.3598916593649966,0.2173789946851867
WMT,2025-11-10,0.367049983916724,0.2181526888638355
WMT,2025-11-11,0.3888593447189739,0.2157982291836823
WMT,2025-11-12,0.3962931803606943,0.2175509414819539
WMT,2025-11-13,0.3895962381049473,0.2149695842381001
WMT,2025-11-14,0.3870079704158799,0.2157806259816762
WMT,2025-11-17,0.3864351836126928,0.2130799030424797
WMT,2025-11-18,0.3637064396854497,0.2113991610602628
WMT,2025-11-19,0.3505350537296619,0.2190626991473611
WMT,2025-11-20,0.2185401256922917,0.217547790730576
WMT,2025-11-21,0.2087898584473332,0.3397860021652737
WMT,2025-11-24,0.1788125398043126,0.3163127943772307
WMT,2025-11-25,0.1930882313093038,0.2957934985847359
WMT,2025-11-26,0.1952060216081276,0.2997168040768734
WMT,2025-11-28,0.194575713339834,0.2922849097046618
WMT,2025-12-01,0.1948826414638054,0.2794643629992788
WMT,2025-12-02,0.2106271271267599,0.2688237479956949
WMT,2025-12-03,0.1938508254468058,0.2581864298515443
WMT,2025-12-04,0.19771699481712,0.2585981831942412
WMT,2025-12-05,0.1983999408205306,0.2493870413155149
WMT,2025-12-08,0.2022174268118468,0.2425255392586756
WMT,2025-12-09,0.1981876032879442,0.2435224884528961
WMT,2025-12-10,0.1892338344690101,0.2439371062376958
WMT,2025-12-11,0.1476105308353527,0.2474187930867299
WMT,2025-12-12,0.1342970893293553,0.2547576383287882
WMT,2025-12-15,0.1321884515889934,0.2515491559069671
WMT,2025-12-16,0.1254508248156903,0.2446256380847094
