ticker,date,actual,predicted
ACN,2025-01-02,0.1707392083199965,0.4246308984959551
ACN,2025-01-03,0.1641374508068608,0.4069560733873325
ACN,2025-01-06,0.159840232206235,0.1680556193599371
ACN,2025-01-07,0.1546260476176697,0.185033262659518
ACN,2025-01-08,0.156080147598721,0.1563335553278565
ACN,2025-01-10,0.1472405111810375,0.1835816600120859
ACN,2025-01-13,0.1422365665266236,0.1837297738264517
ACN,2025-01-14,0.1668918629669488,0.177464683641663
ACN,2025-01-15,0.1699397888862037,0.1719714851829912
ACN,2025-01-16,0.1696886377745177,0.1756668324252926
ACN,2025-01-17,0.1745646964984512,0.1707392083199961
ACN,2025-01-21,0.1786494040272649,0.1641374508068603
ACN,2025-01-22,0.1819198790966962,0.1598402322062346
ACN,2025-01-23,0.2635018877753924,0.1546260476176692
ACN,2025-01-24,0.2646587622143224,0.1560801475987205
ACN,2025-01-27,0.2318924130183295,0.1472405111810371
ACN,2025-01-28,0.2263513551723822,0.1422365665266232
ACN,2025-01-29,0.2166696516552278,0.1668918629669484
ACN,2025-01-30,0.2042168069766458,0.1699397888862034
ACN,2025-01-31,0.2001230739318441,0.1696886377745174
ACN,2025-02-03,0.2003580292788985,0.1745646964984509
ACN,2025-02-04,0.1841055900728581,0.1786494040272646
ACN,2025-02-05,0.1677824549307449,0.181919879096696
ACN,2025-02-06,0.2895511814574331,0.2635018877753921
ACN,2025-02-07,0.2904830222071009,0.2646587622143221
ACN,2025-02-10,0.2875817330960256,0.2318924130183292
ACN,2025-02-11,0.2771402249422742,0.2263513551723819
ACN,2025-02-12,0.2765868975030684,0.2166696516552274
ACN,2025-02-13,0.2794505951269608,0.2042168069766454
ACN,2025-02-14,0.2767028542895866,0.2001230739318436
ACN,2025-02-18,0.2808800772494612,0.2003580292788981
ACN,2025-02-19,0.2814415250072015,0.1841055900728576
ACN,2025-02-20,0.2836101685407816,0.1677824549307443
ACN,2025-02-21,0.15571314789428,0.2895511814574327
ACN,2025-02-24,0.1671760760492309,0.2904830222071005
ACN,2025-02-25,0.1783907250420013,0.2875817330960252
ACN,2025-02-26,0.1778511900066282,0.2771402249422738
ACN,2025-02-27,0.1849581928932296,0.276586897503068
ACN,2025-02-28,0.1904037791900934,0.2794505951269603
ACN,2025-03-03,0.2431222109657213,0.2767028542895862
ACN,2025-03-04,0.2390866999215354,0.2808800772494608
ACN,2025-03-05,0.2313652562124499,0.2814415250072011
ACN,2025-03-06,0.414031002962636,0.2836101685407811
ACN,2025-03-07,0.4318416928554364,0.1557131478942794
ACN,2025-03-10,0.4368754106153367,0.1671760760492303
ACN,2025-03-11,0.4347219004674684,0.1783907250420007
ACN,2025-03-12,0.4386013071535838,0.1778511900066275
ACN,2025-03-13,0.4275069847027093,0.1849581928932289
ACN,2025-03-14,0.4280229991324126,0.1904037791900928
ACN,2025-03-17,0.4345585046400014,0.2431222109657209
ACN,2025-03-18,0.4369462218011685,0.2390866999215349
ACN,2025-03-19,0.4407247485527679,0.2313652562124494
ACN,2025-03-20,0.3191259014166362,0.4140310029626358
ACN,2025-03-21,0.412718036759202,0.4318416928554362
ACN,2025-03-24,0.4079230563591435,0.4368754106153365
ACN,2025-03-25,0.4014780488081953,0.4347219004674681
ACN,2025-03-26,0.5425859492775922,0.4386013071535836
ACN,2025-03-27,0.5819238284324321,0.4275069847027091
ACN,2025-03-28,0.5811222712187565,0.4280229991324125
ACN,2025-03-31,0.5727473184062715,0.4345585046400012
ACN,2025-04-01,0.5693474813467571,0.4369462218011684
ACN,2025-04-02,0.5619624459055931,0.4407247485527678
ACN,2025-04-03,0.520289054963396,0.3191259014166361
ACN,2025-04-04,0.4428509410490576,0.4127180367592018
ACN,2025-04-07,0.4523877603029209,0.4079230563591433
ACN,2025-04-08,0.4522392209922407,0.4014780488081951
ACN,2025-04-09,0.3076257885988555,0.5425859492775921
ACN,2025-04-10,0.1939978724471919,0.5819238284324318
ACN,2025-04-11,0.1922025581807457,0.5811222712187565
ACN,2025-04-14,0.1891887061452578,0.5727473184062712
ACN,2025-04-15,0.1854214097071277,0.569347481346757
ACN,2025-04-16,0.1641033925860712,0.5619624459055929
ACN,2025-04-17,0.1467937806669305,0.520289054963396
ACN,2025-04-21,0.1025207525925538,0.4428509410490574
ACN,2025-04-22,0.1443240160198161,0.4523877603029207
ACN,2025-04-23,0.1376264631989625,0.4522392209922406
ACN,2025-04-24,0.1357775041604149,0.3076257885988552
ACN,2025-04-25,0.1428325270873074,0.1939978724471915
ACN,2025-04-28,0.2431501938115988,0.1922025581807454
ACN,2025-04-29,0.2413854736494604,0.1891887061452575
ACN,2025-04-30,0.2509392010998453,0.1854214097071274
ACN,2025-05-01,0.2507475958514886,0.1641033925860709
ACN,2025-05-02,0.2730654443367438,0.1467937806669302
ACN,2025-05-05,0.272391536930641,0.1025207525925534
ACN,2025-05-06,0.2568145405607691,0.1443240160198158
ACN,2025-05-07,0.2643256253635623,0.1376264631989621
ACN,2025-05-08,0.2650740362757328,0.1357775041604146
ACN,2025-05-09,0.2915973470436174,0.142832527087307
ACN,2025-05-12,0.1919917439483204,0.2431501938115987
ACN,2025-05-13,0.1922084213397355,0.2413854736494602
ACN,2025-05-14,0.1937735747188358,0.2509392010998452
ACN,2025-05-15,0.1863862281746554,0.2507475958514885
ACN,2025-05-16,0.1697320292434816,0.2730654443367435
ACN,2025-05-19,0.1668034299239409,0.2723915369306408
ACN,2025-05-20,0.1786120408960463,0.2568145405607689
ACN,2025-05-21,0.175415116995681,0.2643256253635621
ACN,2025-05-22,0.1785339234526772,0.2650740362757325
ACN,2025-05-23,0.1315489582357173,0.2915973470436171
ACN,2025-05-27,0.1147596764955827,0.1919917439483199
ACN,2025-05-28,0.1200653038707772,0.192208421339735
ACN,2025-05-29,0.1190968022287552,0.1937735747188354
ACN,2025-05-30,0.1576557097486992,0.1863862281746549
ACN,2025-06-02,0.161259641421558,0.1697320292434811
ACN,2025-06-03,0.1636833697513665,0.1668034299239403
ACN,2025-06-04,0.1726241852678332,0.1786120408960458
ACN,2025-06-05,0.3817288363983556,0.1754151169956805
ACN,2025-06-06,0.4333492259182391,0.1785339234526767
ACN,2025-06-09,0.4535550428542216,0.1315489582357167
ACN,2025-06-10,0.4465234797310404,0.1147596764955821
ACN,2025-06-11,0.4516024258005652,0.1200653038707765
ACN,2025-06-12,0.4519881749897181,0.1190968022287544
ACN,2025-06-13,0.4546975211882751,0.1576557097486987
ACN,2025-06-16,0.4582551780425751,0.1612596414215575
ACN,2025-06-17,0.4579748056138504,0.1636833697513659
ACN,2025-06-18,0.4527857136213023,0.1726241852678326
ACN,2025-06-20,0.2485363635231679,0.3817288363983552
ACN,2025-06-23,0.1966203972834892,0.4333492259182389
ACN,2025-06-24,0.2026656844449703,0.4535550428542214
ACN,2025-06-25,0.2181266171097107,0.4465234797310402
ACN,2025-06-26,0.2446144572973821,0.451602425800565
ACN,2025-06-27,0.2442527451851759,0.4519881749897178
ACN,2025-06-30,0.2294523950103922,0.454697521188275
ACN,2025-07-01,0.2308061289285045,0.4582551780425749
ACN,2025-07-02,0.2469914953146899,0.4579748056138502
ACN,2025-07-03,0.236099243042324,0.4527857136213021
ACN,2025-07-07,0.2351383419911037,0.2485363635231677
ACN,2025-07-08,0.2488252282157463,0.1966203972834889
ACN,2025-07-09,0.2349414179799919,0.2026656844449699
ACN,2025-07-10,0.2113382394548362,0.2181266171097104
ACN,2025-07-11,0.1683826587094486,0.2446144572973817
ACN,2025-07-14,0.2027555812742343,0.2442527451851756
ACN,2025-07-15,0.1918859531145117,0.2294523950103917
ACN,2025-07-16,0.2000848418964967,0.230806128928504
ACN,2025-07-17,0.2171395906326713,0.2469914953146895
ACN,2025-07-18,0.2901673545552228,0.2360992430423236
ACN,2025-07-21,0.3099967998314047,0.2351383419911033
ACN,2025-07-22,0.3283852558544172,0.2488252282157459
ACN,2025-07-23,0.3344553440030799,0.2349414179799915
ACN,2025-07-24,0.3377558221420796,0.2113382394548358
ACN,2025-07-25,0.3199851388644404,0.1683826587094481
ACN,2025-07-28,0.3262849872399683,0.2027555812742338
ACN,2025-07-29,0.3114743684386158,0.1918859531145113
ACN,2025-07-30,0.393721066014793,0.2000848418964963
ACN,2025-07-31,0.3893234777968794,0.2171395906326709
ACN,2025-08-01,0.3331572362131411,0.2901673545552224
ACN,2025-08-04,0.3273684253153759,0.3099967998314043
ACN,2025-08-05,0.2602841000723107,0.3283852558544168
ACN,2025-08-06,0.2624468395888024,0.3344553440030795
ACN,2025-08-07,0.2216992151612851,0.3377558221420792
ACN,2025-08-08,0.2155988808199047,0.31998513886444
ACN,2025-08-11,0.233895993544985,0.3262849872399678
ACN,2025-08-12,0.233135177864809,0.3114743684386154
ACN,2025-08-13,0.1864145639203804,0.3937210660147927
ACN,2025-08-14,0.1907322434650743,0.3893234777968791
ACN,2025-08-15,0.1981000448333858,0.3331572362131408
ACN,2025-08-18,0.220039718471583,0.3273684253153756
ACN,2025-08-19,0.1794614357094429,0.2602841000723104
ACN,2025-08-20,0.1802336965579217,0.2624468395888021
ACN,2025-08-21,0.184136116728389,0.2216992151612847
ACN,2025-08-22,0.1480402155480247,0.2155988808199044
ACN,2025-08-25,0.151975717008301,0.2338959935449847
ACN,2025-08-26,0.2298859224757992,0.2331351778648087
ACN,2025-08-27,0.2268386426651204,0.18641456392038
ACN,2025-08-28,0.2438602182379295,0.1907322434650738
ACN,2025-08-29,0.2139023960411503,0.1981000448333853
ACN,2025-09-02,0.2122519649183001,0.2200397184715826
ACN,2025-09-03,0.2501911863201028,0.1794614357094424
ACN,2025-09-04,0.2503364686790721,0.1802336965579211
ACN,2025-09-05,0.2419838567077083,0.1841361167283884
ACN,2025-09-08,0.240845282418051,0.148040215548024
ACN,2025-09-09,0.2463215779693466,0.1519757170083003
ACN,2025-09-10,0.2074931868800184,0.2298859224757987
ACN,2025-09-11,0.2410587711293097,0.2268386426651199
ACN,2025-09-12,0.2651278906787646,0.243860218237929
ACN,2025-09-15,0.3109556367383458,0.2139023960411497
ACN,2025-09-16,0.3091692531412854,0.2122519649182995
ACN,2025-09-17,0.3068592922186418,0.2501911863201024
ACN,2025-09-18,0.303576022359964,0.2503364686790716
ACN,2025-09-19,0.3036276318508338,0.2419838567077078
ACN,2025-09-22,0.3069899136847964,0.2408452824180505
ACN,2025-09-23,0.2826659209482453,0.2463215779693461
ACN,2025-09-24,0.2786382620419652,0.2074931868800179
ACN,2025-09-25,0.2178196377772947,0.2410587711293093
ACN,2025-09-26,0.3185508246675126,0.2651278906787643
ACN,2025-09-29,0.2716666399058086,0.3109556367383456
ACN,2025-09-30,0.2724059105316034,0.3091692531412851
ACN,2025-10-01,0.281882305329082,0.3068592922186415
ACN,2025-10-02,0.3016335155754084,0.3035760223599638
ACN,2025-10-03,0.3209887546056754,0.3036276318508335
ACN,2025-10-06,0.3269436615521108,0.3069899136847961
ACN,2025-10-07,0.369265756548857,0.282665920948245
ACN,2025-10-08,0.3677200736509984,0.2786382620419649
ACN,2025-10-09,0.3680569001700796,0.2178196377772944
ACN,2025-10-10,0.2808656954811823,0.3185508246675123
ACN,2025-10-13,0.2823629136159002,0.2716666399058082
ACN,2025-10-14,0.2847171697984481,0.2724059105316031
ACN,2025-10-15,0.2935149780165544,0.2818823053290816
ACN,2025-10-16,0.2508557122024719,0.3016335155754081
ACN,2025-10-17,0.2415800307824532,0.3209887546056752
ACN,2025-10-20,0.2392726120982152,0.3269436615521105
ACN,2025-10-21,0.1965417184632607,0.3692657565488568
ACN,2025-10-22,0.2272259011549947,0.3677200736509982
ACN,2025-10-23,0.2604500420195671,0.3680569001700793
ACN,2025-10-24,0.2794858117274174,0.280865695481182
ACN,2025-10-27,0.2698214019587182,0.2823629136159
ACN,2025-10-28,0.2611546890048186,0.2847171697984477
ACN,2025-10-29,0.2585117617780746,0.2935149780165542
ACN,2025-10-30,0.2573800749579953,0.2508557122024716
ACN,2025-10-31,0.2598561641807914,0.2415800307824528
ACN,2025-11-03,0.2685842466151473,0.2392726120982149
ACN,2025-11-04,0.2463925987931125,0.1965417184632602
ACN,2025-11-05,0.2197485969372943,0.2272259011549943
ACN,2025-11-06,0.1754630130924921,0.2604500420195667
ACN,2025-11-07,0.2763537254307576,0.2794858117274171
ACN,2025-11-10,0.3289890845940041,0.2698214019587178
ACN,2025-11-11,0.3447571909243103,0.2611546890048182
ACN,2025-11-12,0.3381148159410603,0.2585117617780743
ACN,2025-11-13,0.3401866771892629,0.2573800749579949
ACN,2025-11-14,0.3616890535231278,0.259856164180791
ACN,2025-11-17,0.3441867971895538,0.2685842466151469
ACN,2025-11-18,0.3791668063061583,0.2463925987931121
ACN,2025-11-19,0.399465355032372,0.2197485969372939
ACN,2025-11-20,0.4097247959455594,0.1754630130924916
ACN,2025-11-21,0.3625826783589554,0.2763537254307573
ACN,2025-11-24,0.2906651143788024,0.3289890845940039
ACN,2025-11-25,0.2820255378765458,0.3447571909243101
ACN,2025-11-26,0.2838991455615963,0.3381148159410601
ACN,2025-11-28,0.2847228351946315,0.3401866771892627
ACN,2025-12-01,0.260895545222039,0.3616890535231276
ACN,2025-12-02,0.2687614077698795,0.3441867971895536
ACN,2025-12-03,0.1518729107991465,0.3791668063061582
ACN,2025-12-04,0.1542725902898669,0.3994653550323719
ACN,2025-12-05,0.1470641314759369,0.4097247959455593
ACN,2025-12-08,0.1520988107716585,0.3625826783589552
ACN,2025-12-09,0.1420390262179479,0.2906651143788021
ACN,2025-12-10,0.1323650440037556,0.2820255378765455
ACN,2025-12-11,0.1298504455796036,0.2838991455615961
ACN,2025-12-12,0.1279173689200501,0.2847228351946313
ACN,2025-12-15,0.112354133028317,0.2608955452220388
ACN,2025-12-16,0.107011529595033,0.2687614077698791
ADBE,2025-01-02,0.2849704782294188,0.212309846396051
ADBE,2025-01-03,0.2692821637199954,0.1877139446500912
ADBE,2025-01-06,0.269317271288064,0.1849073568560995
ADBE,2025-01-07,0.2420918432372747,0.1529151832673441
ADBE,2025-01-08,0.2389475900520865,0.1507659059107238
ADBE,2025-01-10,0.1223963728420083,0.1924833033887128
ADBE,2025-01-13,0.1224495746390094,0.1955808863165049
ADBE,2025-01-14,0.1326607562194893,0.2199873427174215
ADBE,2025-01-15,0.131671021604328,0.2383410674601242
ADBE,2025-01-16,0.1547212418301351,0.280815408292447
ADBE,2025-01-17,0.1525189724637752,0.2849704782294174
ADBE,2025-01-21,0.1359207809503066,0.2692821637199939
ADBE,2025-01-22,0.1397805170354599,0.2693172712880626
ADBE,2025-01-23,0.1421919370593412,0.2420918432372731
ADBE,2025-01-24,0.1430612153112639,0.2389475900520848
ADBE,2025-01-27,0.2517948658309419,0.1223963728420049
ADBE,2025-01-28,0.2599306401193501,0.122449574639006
ADBE,2025-01-29,0.258555141913474,0.1326607562194862
ADBE,2025-01-30,0.2637167434786081,0.1316710216043249
ADBE,2025-01-31,0.2332154763561592,0.1547212418301325
ADBE,2025-02-03,0.2333782899051389,0.1525189724637726
ADBE,2025-02-04,0.2565394183655916,0.1359207809503036
ADBE,2025-02-05,0.2556501177916521,0.1397805170354571
ADBE,2025-02-06,0.2871809541731426,0.1421919370593384
ADBE,2025-02-07,0.2845096033605441,0.1430612153112611
ADBE,2025-02-10,0.1885486219235481,0.2517948658309403
ADBE,2025-02-11,0.1571360022369535,0.2599306401193485
ADBE,2025-02-12,0.1429643882480329,0.2585551419134724
ADBE,2025-02-13,0.1489124845609778,0.2637167434786066
ADBE,2025-02-14,0.153134225323928,0.2332154763561574
ADBE,2025-02-18,0.1619156649782951,0.2333782899051371
ADBE,2025-02-19,0.1651438400719104,0.2565394183655901
ADBE,2025-02-20,0.1774000817906599,0.2556501177916505
ADBE,2025-02-21,0.1433705476137686,0.2871809541731412
ADBE,2025-02-24,0.2213947204332696,0.2845096033605427
ADBE,2025-02-25,0.2214699259068404,0.188548621923546
ADBE,2025-02-26,0.2310458143418789,0.157136002236951
ADBE,2025-02-27,0.7834623980502814,0.1429643882480302
ADBE,2025-02-28,0.8340988970120297,0.1489124845609751
ADBE,2025-03-03,0.8382198789555366,0.1531342253239254
ADBE,2025-03-04,0.8302654079603297,0.1619156649782926
ADBE,2025-03-05,0.8194970478146358,0.165143840071908
ADBE,2025-03-06,0.8253914806752444,0.1774000817906577
ADBE,2025-03-07,0.8163357264395392,0.1433705476137657
ADBE,2025-03-10,0.8256481942286761,0.2213947204332678
ADBE,2025-03-11,0.8418175769510452,0.2214699259068386
ADBE,2025-03-12,0.8358954928616406,0.2310458143418772
ADBE,2025-03-13,0.3114724997817011,0.7834623980502808
ADBE,2025-03-14,0.2610514776685054,0.8340988970120292
ADBE,2025-03-17,0.2494380980437205,0.8382198789555363
ADBE,2025-03-18,0.2327730177464328,0.8302654079603291
ADBE,2025-03-19,0.2331806765235883,0.8194970478146356
ADBE,2025-03-20,0.334623251051276,0.825391480675244
ADBE,2025-03-21,0.4033857996133619,0.816335726439539
ADBE,2025-03-24,0.3738179254443452,0.8256481942286757
ADBE,2025-03-25,0.3205780468926946,0.8418175769510449
ADBE,2025-03-26,0.5432411801449076,0.8358954928616403
ADBE,2025-03-27,0.5654010496209771,0.3114724997817003
ADBE,2025-03-28,0.566702403235445,0.2610514776685045
ADBE,2025-03-31,0.5669397054662199,0.2494380980437195
ADBE,2025-04-01,0.5666910535567682,0.2327730177464317
ADBE,2025-04-02,0.5610582687646818,0.2331806765235872
ADBE,2025-04-03,0.5299945851437057,0.3346232510512753
ADBE,2025-04-04,0.4718498270678462,0.4033857996133614
ADBE,2025-04-07,0.4641025829715532,0.3738179254443446
ADBE,2025-04-08,0.4635447799855453,0.320578046892694
ADBE,2025-04-09,0.3138749460931812,0.5432411801449072
ADBE,2025-04-10,0.2347725015144497,0.5654010496209767
ADBE,2025-04-11,0.2347912151428233,0.5667024032354445
ADBE,2025-04-14,0.2295098400206797,0.5669397054662194
ADBE,2025-04-15,0.2271584196635638,0.5666910535567677
ADBE,2025-04-16,0.188447474554476,0.5610582687646815
ADBE,2025-04-17,0.1914218128256966,0.5299945851437051
ADBE,2025-04-21,0.1428413876538404,0.4718498270678456
ADBE,2025-04-22,0.1358978059247762,0.4641025829715526
ADBE,2025-04-23,0.1363701949816939,0.4635447799855447
ADBE,2025-04-24,0.1134316450318498,0.3138749460931803
ADBE,2025-04-25,0.0955414957629034,0.2347725015144484
ADBE,2025-04-28,0.1703721162855132,0.234791215142822
ADBE,2025-04-29,0.171250333271442,0.2295098400206784
ADBE,2025-04-30,0.1700192228636645,0.2271584196635625
ADBE,2025-05-01,0.1677163380311153,0.1884474745544744
ADBE,2025-05-02,0.1991949713185385,0.191421812825695
ADBE,2025-05-05,0.1935011015909896,0.1428413876538382
ADBE,2025-05-06,0.2113094650884738,0.1358978059247739
ADBE,2025-05-07,0.2283164586509508,0.1363701949816916
ADBE,2025-05-08,0.2249383163491666,0.1134316450318471
ADBE,2025-05-09,0.2516513328576987,0.0955414957629003
ADBE,2025-05-12,0.2103766518738021,0.1703721162855115
ADBE,2025-05-13,0.2128027789715194,0.1712503332714402
ADBE,2025-05-14,0.2126651379636575,0.1700192228636627
ADBE,2025-05-15,0.2060677506254941,0.1677163380311135
ADBE,2025-05-16,0.1957369742889159,0.199194971318537
ADBE,2025-05-19,0.2286036823108578,0.1935011015909879
ADBE,2025-05-20,0.2279226401645149,0.2113094650884723
ADBE,2025-05-21,0.2243743653393956,0.2283164586509495
ADBE,2025-05-22,0.2252137989402379,0.2249383163491652
ADBE,2025-05-23,0.2058650006058188,0.2516513328576975
ADBE,2025-05-27,0.1964433556092047,0.2103766518738007
ADBE,2025-05-28,0.200729475768044,0.2128027789715181
ADBE,2025-05-29,0.2005059579824791,0.2126651379636561
ADBE,2025-05-30,0.3374882601693512,0.2060677506254927
ADBE,2025-06-02,0.344105023842843,0.1957369742889145
ADBE,2025-06-03,0.3935496249081707,0.2286036823108566
ADBE,2025-06-04,0.3891848599318012,0.2279226401645137
ADBE,2025-06-05,0.3850336920933685,0.2243743653393944
ADBE,2025-06-06,0.3899504097003443,0.2252137989402366
ADBE,2025-06-09,0.3957526736340423,0.2058650006058174
ADBE,2025-06-10,0.4097122414659572,0.1964433556092033
ADBE,2025-06-11,0.4096977836883386,0.2007294757680426
ADBE,2025-06-12,0.4098543723070965,0.2005059579824777
ADBE,2025-06-13,0.3126416737153646,0.3374882601693504
ADBE,2025-06-16,0.2891008921341049,0.3441050238428423
ADBE,2025-06-17,0.2320572678504022,0.3935496249081701
ADBE,2025-06-18,0.2239027939697433,0.3891848599318006
ADBE,2025-06-20,0.2258910845990934,0.3850336920933679
ADBE,2025-06-23,0.2332778234945093,0.3899504097003437
ADBE,2025-06-24,0.2595784860380337,0.3957526736340417
ADBE,2025-06-25,0.2440087464662934,0.4097122414659565
ADBE,2025-06-26,0.2598703021520237,0.4096977836883378
ADBE,2025-06-27,0.2692367671797208,0.4098543723070959
ADBE,2025-06-30,0.2659247971169665,0.3126416737153638
ADBE,2025-07-01,0.2429192878371873,0.2891008921341039
ADBE,2025-07-02,0.2093286196521393,0.2320572678504011
ADBE,2025-07-03,0.2073646236777386,0.223902793969742
ADBE,2025-07-07,0.2111734730567929,0.2258910845990922
ADBE,2025-07-08,0.2112339321918681,0.2332778234945081
ADBE,2025-07-09,0.1759587648480507,0.2595784860380326
ADBE,2025-07-10,0.1741532348009627,0.2440087464662924
ADBE,2025-07-11,0.125835628194554,0.2598703021520227
ADBE,2025-07-14,0.1199595181698742,0.2692367671797199
ADBE,2025-07-15,0.1108633574164662,0.2659247971169655
ADBE,2025-07-16,0.1454202282965223,0.2429192878371863
ADBE,2025-07-17,0.1534604002076481,0.2093286196521381
ADBE,2025-07-18,0.1999755746884308,0.2073646236777373
ADBE,2025-07-21,0.2161684426596332,0.2111734730567916
ADBE,2025-07-22,0.1846527848030974,0.2112339321918669
ADBE,2025-07-23,0.235636097786053,0.1759587648480491
ADBE,2025-07-24,0.2432063978513664,0.1741532348009612
ADBE,2025-07-25,0.2572684003969129,0.1258356281945518
ADBE,2025-07-28,0.2640499150699549,0.1199595181698719
ADBE,2025-07-29,0.284554491384183,0.1108633574164636
ADBE,2025-07-30,0.3589807340066119,0.1454202282965204
ADBE,2025-07-31,0.3514576808424396,0.1534604002076463
ADBE,2025-08-01,0.333382777971431,0.1999755746884295
ADBE,2025-08-04,0.29441878569908,0.2161684426596321
ADBE,2025-08-05,0.293678522413097,0.1846527848030961
ADBE,2025-08-06,0.312369338974844,0.235636097786052
ADBE,2025-08-07,0.283995386065951,0.2432063978513653
ADBE,2025-08-08,0.300887062976693,0.2572684003969119
ADBE,2025-08-11,0.2591976137779841,0.2640499150699539
ADBE,2025-08-12,0.3005458010094115,0.2845544913841821
ADBE,2025-08-13,0.2425797091100078,0.3589807340066111
ADBE,2025-08-14,0.2422012081299882,0.3514576808424388
ADBE,2025-08-15,0.2280539573948809,0.3333827779714303
ADBE,2025-08-18,0.2749465859743677,0.2944187856990791
ADBE,2025-08-19,0.2719462809001051,0.2936785224130961
ADBE,2025-08-20,0.2587605992697125,0.3123693389748432
ADBE,2025-08-21,0.271071155378365,0.28399538606595
ADBE,2025-08-22,0.2797746599166897,0.3008870629766921
ADBE,2025-08-25,0.2847863342303239,0.259197613777983
ADBE,2025-08-26,0.2662514867947905,0.3005458010094105
ADBE,2025-08-27,0.2649901699851088,0.2425797091100067
ADBE,2025-08-28,0.2637241605596944,0.2422012081299871
ADBE,2025-08-29,0.2597302961902039,0.2280539573948798
ADBE,2025-09-02,0.2186450838723302,0.2749465859743669
ADBE,2025-09-03,0.2491736906993955,0.2719462809001042
ADBE,2025-09-04,0.2373485488584818,0.2587605992697115
ADBE,2025-09-05,0.2394846464618536,0.2710711553783641
ADBE,2025-09-08,0.2066373698412147,0.2797746599166888
ADBE,2025-09-09,0.1961761087298865,0.2847863342303229
ADBE,2025-09-10,0.228032911777209,0.2662514867947895
ADBE,2025-09-11,0.2281810717489673,0.2649901699851079
ADBE,2025-09-12,0.2404188553647335,0.2637241605596934
ADBE,2025-09-15,0.236867987645512,0.259730296190203
ADBE,2025-09-16,0.2491762100141063,0.218645083872329
ADBE,2025-09-17,0.2328507667962714,0.2491736906993944
ADBE,2025-09-18,0.2531807612523502,0.2373485488584806
ADBE,2025-09-19,0.2572758021517878,0.2394846464618525
ADBE,2025-09-22,0.268314982722101,0.2066373698412134
ADBE,2025-09-23,0.2680928408924483,0.1961761087298852
ADBE,2025-09-24,0.244189055482407,0.2280329117772078
ADBE,2025-09-25,0.2434817357321436,0.2281810717489661
ADBE,2025-09-26,0.2519896225519042,0.2404188553647324
ADBE,2025-09-29,0.2585684151635054,0.2368679876455108
ADBE,2025-09-30,0.2498728562745255,0.2491762100141052
ADBE,2025-10-01,0.2305840485136917,0.2328507667962703
ADBE,2025-10-02,0.1787841071575573,0.2531807612523491
ADBE,2025-10-03,0.1962617869872693,0.2572758021517868
ADBE,2025-10-06,0.2536764492676941,0.2683149827221001
ADBE,2025-10-07,0.3292033066791169,0.2680928408924473
ADBE,2025-10-08,0.3350394152489033,0.2441890554824059
ADBE,2025-10-09,0.3339109913635974,0.2434817357321426
ADBE,2025-10-10,0.2878995117896117,0.2519896225519032
ADBE,2025-10-13,0.2903098767607915,0.2585684151635044
ADBE,2025-10-14,0.277516608517847,0.2498728562745245
ADBE,2025-10-15,0.4402455336696909,0.2305840485136907
ADBE,2025-10-16,0.4388343672422325,0.178784107157556
ADBE,2025-10-17,0.4358824004453037,0.1962617869872679
ADBE,2025-10-20,0.4088799251750251,0.2536764492676931
ADBE,2025-10-21,0.3346431240164217,0.3292033066791161
ADBE,2025-10-22,0.3357601411264186,0.3350394152489026
ADBE,2025-10-23,0.3472852283812986,0.3339109913635967
ADBE,2025-10-24,0.3475284303839247,0.2878995117896107
ADBE,2025-10-27,0.3388540089491573,0.2903098767607905
ADBE,2025-10-28,0.3493461571117742,0.2775166085178459
ADBE,2025-10-29,0.1743233839454864,0.4402455336696903
ADBE,2025-10-30,0.1792106881566481,0.4388343672422319
ADBE,2025-10-31,0.1791489730734902,0.4358824004453031
ADBE,2025-11-03,0.1944143948468765,0.4088799251750244
ADBE,2025-11-04,0.1940588093805479,0.3346431240164209
ADBE,2025-11-05,0.2090703805907213,0.3357601411264179
ADBE,2025-11-06,0.1941132780087664,0.347285228381298
ADBE,2025-11-07,0.2863238681167488,0.347528430383924
ADBE,2025-11-10,0.2942531293362245,0.3388540089491565
ADBE,2025-11-11,0.2823342410512777,0.3493461571117736
ADBE,2025-11-12,0.268569839181181,0.1743233839454849
ADBE,2025-11-13,0.2761560640671568,0.1792106881566467
ADBE,2025-11-14,0.2822485459789101,0.1791489730734888
ADBE,2025-11-17,0.2680025031122801,0.1944143948468753
ADBE,2025-11-18,0.2755150932209859,0.1940588093805466
ADBE,2025-11-19,0.2510944513644471,0.2090703805907202
ADBE,2025-11-20,0.3206352911936803,0.1941132780087651
ADBE,2025-11-21,0.3170353303930343,0.286323868116748
ADBE,2025-11-24,0.2964694663817083,0.2942531293362236
ADBE,2025-11-25,0.30091771158001,0.2823342410512769
ADBE,2025-11-26,0.2979648392527687,0.2685698391811801
ADBE,2025-11-28,0.299842406006183,0.2761560640671559
ADBE,2025-12-01,0.3266078371417179,0.2822485459789092
ADBE,2025-12-02,0.3364541958583611,0.2680025031122792
ADBE,2025-12-03,0.3410654696338416,0.2755150932209849
ADBE,2025-12-04,0.3418346396933541,0.2510944513644459
ADBE,2025-12-05,0.2381750716139722,0.3206352911936794
ADBE,2025-12-08,0.1986305692354409,0.3170353303930334
ADBE,2025-12-09,0.2123299947487384,0.2964694663817073
ADBE,2025-12-10,0.2099763155394775,0.3009177115800092
ADBE,2025-12-11,0.183897892333688,0.2979648392527677
ADBE,2025-12-12,0.1608068106240255,0.2998424060061821
ADBE,2025-12-15,0.1411142238678836,0.3266078371417171
ADBE,2025-12-16,0.1373282455286721,0.3364541958583603
AMD,2025-01-02,0.5097415956699977,0.3386162002319384
AMD,2025-01-03,0.4667972204603227,0.3645656273129745
AMD,2025-01-06,0.4331842378152693,0.3644290510630897
AMD,2025-01-07,0.427546006967097,0.3866347113355151
AMD,2025-01-08,0.3627427933738697,0.3998407343095693
AMD,2025-01-10,0.4317436711757438,0.4502690098181267
AMD,2025-01-13,0.4274178319746584,0.4605026996252485
AMD,2025-01-14,0.4499510758361029,0.4589389005333641
AMD,2025-01-15,0.4207276597730837,0.4916252409867328
AMD,2025-01-16,0.4343221514894392,0.4911067057394293
AMD,2025-01-17,0.4094966520723151,0.5097415956699981
AMD,2025-01-21,0.4810848060078332,0.4667972204603233
AMD,2025-01-22,0.5642865375697794,0.4331842378152699
AMD,2025-01-23,0.5646604555275317,0.4275460069670975
AMD,2025-01-24,0.5653063057385797,0.3627427933738703
AMD,2025-01-27,0.5129136043241854,0.4317436711757444
AMD,2025-01-28,0.514678212800676,0.427417831974659
AMD,2025-01-29,0.4898372662649773,0.4499510758361034
AMD,2025-01-30,0.4813328437424369,0.4207276597730843
AMD,2025-01-31,0.4763368172194474,0.4343221514894399
AMD,2025-02-03,0.4750609404882191,0.4094966520723158
AMD,2025-02-04,0.4064953250627193,0.4810848060078337
AMD,2025-02-05,0.2284916670172729,0.5642865375697799
AMD,2025-02-06,0.2643701970690366,0.5646604555275324
AMD,2025-02-07,0.2671419484502731,0.5653063057385801
AMD,2025-02-10,0.2896360854772412,0.5129136043241859
AMD,2025-02-11,0.2919019291997501,0.5146782128006765
AMD,2025-02-12,0.360595638552418,0.4898372662649778
AMD,2025-02-13,0.3634411267548177,0.4813328437424374
AMD,2025-02-14,0.3407729491697754,0.4763368172194478
AMD,2025-02-18,0.3771629915524104,0.4750609404882195
AMD,2025-02-19,0.3847190171234064,0.40649532506272
AMD,2025-02-20,0.3900160648513971,0.2284916670172739
AMD,2025-02-21,0.4047549269778612,0.2643701970690374
AMD,2025-02-24,0.4220687854711348,0.267141948450274
AMD,2025-02-25,0.395163980964046,0.2896360854772421
AMD,2025-02-26,0.4598894439633095,0.291901929199751
AMD,2025-02-27,0.4024229142116222,0.3605956385524187
AMD,2025-02-28,0.4300433017849216,0.3634411267548185
AMD,2025-03-03,0.4487946241483875,0.3407729491697764
AMD,2025-03-04,0.4420890110966373,0.3771629915524111
AMD,2025-03-05,0.4567523050788549,0.3847190171234071
AMD,2025-03-06,0.4192087117260549,0.3900160648513979
AMD,2025-03-07,0.4233531251385012,0.4047549269778618
AMD,2025-03-10,0.4488690056680497,0.4220687854711355
AMD,2025-03-11,0.4436114743099332,0.3951639809640467
AMD,2025-03-12,0.5070096534377777,0.4598894439633099
AMD,2025-03-13,0.5189749582925087,0.4024229142116228
AMD,2025-03-14,0.5424788307031907,0.4300433017849221
AMD,2025-03-17,0.5105081029088959,0.4487946241483879
AMD,2025-03-18,0.5082889420109098,0.4420890110966378
AMD,2025-03-19,0.4868347989926671,0.4567523050788554
AMD,2025-03-20,0.6567250970331554,0.4192087117260553
AMD,2025-03-21,0.7574765391428562,0.4233531251385016
AMD,2025-03-24,0.5735188560237662,0.44886900566805
AMD,2025-03-25,0.5538303106924474,0.4436114743099334
AMD,2025-03-26,1.3797325802163585,0.507009653437778
AMD,2025-03-27,1.4287256977727711,0.518974958292509
AMD,2025-03-28,1.4673421604441128,0.542478830703191
AMD,2025-03-31,1.4713045931888724,0.5105081029088964
AMD,2025-04-01,1.4731641113678755,0.5082889420109101
AMD,2025-04-02,1.5109594411431622,0.4868347989926674
AMD,2025-04-03,1.4473409935214887,0.6567250970331558
AMD,2025-04-04,1.3775128209397376,0.7574765391428566
AMD,2025-04-07,1.370842365465188,0.5735188560237668
AMD,2025-04-08,1.3260088670006671,0.5538303106924483
AMD,2025-04-09,0.7691318386534278,1.3797325802163587
AMD,2025-04-10,0.6094073326740697,1.4287256977727714
AMD,2025-04-11,0.5610592998639276,1.467342160444113
AMD,2025-04-14,0.559739240321452,1.4713045931888724
AMD,2025-04-15,0.5619784658913127,1.4731641113678755
AMD,2025-04-16,0.3642015420450323,1.5109594411431622
AMD,2025-04-17,0.3543238471912005,1.4473409935214887
AMD,2025-04-21,0.2974381593994735,1.3775128209397376
AMD,2025-04-22,0.3474042039710091,1.370842365465188
AMD,2025-04-23,0.295918238601379,1.3260088670006671
AMD,2025-04-24,0.2309631649561714,0.7691318386534277
AMD,2025-04-25,0.2160714575987017,0.6094073326740695
AMD,2025-04-28,0.3008925220300573,0.5610592998639273
AMD,2025-04-29,0.3177024129395723,0.5597392403214518
AMD,2025-04-30,0.3506429597903878,0.5619784658913125
AMD,2025-05-01,0.3917337454671056,0.3642015420450318
AMD,2025-05-02,0.3910016473054228,0.3543238471911999
AMD,2025-05-05,0.4348253529735117,0.2974381593994727
AMD,2025-05-06,0.4177451570172284,0.3474042039710084
AMD,2025-05-07,0.4380548425622148,0.2959182386013784
AMD,2025-05-08,0.4527142754295422,0.2309631649561707
AMD,2025-05-09,0.4563407544452734,0.216071457598701
AMD,2025-05-12,0.4271634975610512,0.3008925220300567
AMD,2025-05-13,0.3933140867120147,0.3177024129395716
AMD,2025-05-14,0.3027538333977969,0.350642959790387
AMD,2025-05-15,0.2978531617690604,0.391733745467105
AMD,2025-05-16,0.3391677566567936,0.3910016473054223
AMD,2025-05-19,0.3430199614925243,0.4348253529735112
AMD,2025-05-20,0.3371709990544072,0.4177451570172279
AMD,2025-05-21,0.358612446732197,0.4380548425622144
AMD,2025-05-22,0.3483110841362228,0.4527142754295418
AMD,2025-05-23,0.4013291134894726,0.456340754445273
AMD,2025-05-27,0.3708654526683816,0.4271634975610508
AMD,2025-05-28,0.3747719401534748,0.3933140867120144
AMD,2025-05-29,0.4022009216342304,0.3027538333977965
AMD,2025-05-30,0.4011304528366548,0.29785316176906
AMD,2025-06-02,0.5536600490465283,0.3391677566567934
AMD,2025-06-03,0.5487994419574013,0.3430199614925238
AMD,2025-06-04,0.5509465513707468,0.3371709990544068
AMD,2025-06-05,0.5224614189410252,0.3586124467321966
AMD,2025-06-06,0.5214011773705755,0.3483110841362224
AMD,2025-06-09,0.5660015377774762,0.4013291134894721
AMD,2025-06-10,0.5770153571203718,0.3708654526683813
AMD,2025-06-11,0.5545451929665006,0.3747719401534745
AMD,2025-06-12,0.520150391952285,0.40220092163423
AMD,2025-06-13,0.5071258868697732,0.4011304528366545
AMD,2025-06-16,0.4506664743454239,0.553660049046528
AMD,2025-06-17,0.4533091985760589,0.5487994419574012
AMD,2025-06-18,0.4547600049172643,0.5509465513707468
AMD,2025-06-20,0.4801808609336667,0.5224614189410249
AMD,2025-06-23,0.4874630470585716,0.5214011773705752
AMD,2025-06-24,0.3557528956992795,0.566001537777476
AMD,2025-06-25,0.3715294931559374,0.5770153571203714
AMD,2025-06-26,0.3791857172234707,0.5545451929665004
AMD,2025-06-27,0.3794921768855606,0.5201503919522846
AMD,2025-06-30,0.4732540617397717,0.5071258868697729
AMD,2025-07-01,0.3846786321676133,0.4506664743454236
AMD,2025-07-02,0.3909879450989509,0.4533091985760586
AMD,2025-07-03,0.4225976371488413,0.4547600049172641
AMD,2025-07-07,0.3820460593368368,0.4801808609336664
AMD,2025-07-08,0.4072125328669347,0.4874630470585714
AMD,2025-07-09,0.4101642865443816,0.3557528956992794
AMD,2025-07-10,0.3853667800095204,0.3715294931559372
AMD,2025-07-11,0.3922336330017926,0.3791857172234705
AMD,2025-07-14,0.4090146799794373,0.3794921768855604
AMD,2025-07-15,0.326677703029617,0.4732540617397714
AMD,2025-07-16,0.3154961161923,0.3846786321676128
AMD,2025-07-17,0.346717520496751,0.3909879450989504
AMD,2025-07-18,0.3597396237373083,0.4225976371488409
AMD,2025-07-21,0.3691259706353085,0.3820460593368364
AMD,2025-07-22,0.3680133581566401,0.4072125328669343
AMD,2025-07-23,0.5279333302539815,0.4101642865443811
AMD,2025-07-24,0.5855829108076941,0.3853667800095199
AMD,2025-07-25,0.5745697590960246,0.3922336330017922
AMD,2025-07-28,0.5328766896231721,0.4090146799794368
AMD,2025-07-29,0.5265131879409837,0.3266777030296165
AMD,2025-07-30,0.5914219053967723,0.3154961161922995
AMD,2025-07-31,0.5924297861585677,0.3467175204967506
AMD,2025-08-01,0.5834563400735118,0.3597396237373079
AMD,2025-08-04,0.5668879859047136,0.3691259706353081
AMD,2025-08-05,0.6307177115244018,0.3680133581566397
AMD,2025-08-06,0.5308057211901798,0.5279333302539814
AMD,2025-08-07,0.4373663986422776,0.585582910807694
AMD,2025-08-08,0.4614804538340819,0.5745697590960246
AMD,2025-08-11,0.4764738406315882,0.5328766896231721
AMD,2025-08-12,0.4822730687014003,0.5265131879409837
AMD,2025-08-13,0.3668341755653729,0.5914219053967722
AMD,2025-08-14,0.3736975502787076,0.5924297861585675
AMD,2025-08-15,0.3975737973667728,0.5834563400735117
AMD,2025-08-18,0.3990660266438745,0.5668879859047135
AMD,2025-08-19,0.2969916056770218,0.6307177115244018
AMD,2025-08-20,0.2954323435089424,0.5308057211901797
AMD,2025-08-21,0.4451449401645749,0.4373663986422776
AMD,2025-08-22,0.4122501079198702,0.4614804538340818
AMD,2025-08-25,0.4432161333932367,0.4764738406315882
AMD,2025-08-26,0.4495191991161844,0.4822730687014003
AMD,2025-08-27,0.4580842564666405,0.366834175565373
AMD,2025-08-28,0.4700288785019027,0.3736975502787076
AMD,2025-08-29,0.4498728859559037,0.3975737973667728
AMD,2025-09-02,0.4501923719498769,0.3990660266438747
AMD,2025-09-03,0.4515555661815223,0.2969916056770217
AMD,2025-09-04,0.4525569648931574,0.2954323435089424
AMD,2025-09-05,0.2689671334749875,0.4451449401645749
AMD,2025-09-08,0.274114780746838,0.4122501079198702
AMD,2025-09-09,0.2421663775737434,0.4432161333932367
AMD,2025-09-10,0.2138812070796356,0.4495191991161843
AMD,2025-09-11,0.1603858908430482,0.4580842564666406
AMD,2025-09-12,0.1521869662931717,0.4700288785019028
AMD,2025-09-15,0.1407939739408084,0.4498728859559037
AMD,2025-09-16,0.1389396477879815,0.4501923719498768
AMD,2025-09-17,0.142546875697162,0.4515555661815223
AMD,2025-09-18,0.1986759836687451,0.4525569648931574
AMD,2025-09-19,0.2713718409861938,0.2689671334749873
AMD,2025-09-22,1.0840841325839754,0.2741147807468378
AMD,2025-09-23,1.0812559937889417,0.2421663775737433
AMD,2025-09-24,1.1384983033046847,0.2138812070796355
AMD,2025-09-25,1.1526618700032651,0.1603858908430481
AMD,2025-09-26,1.2786217034041896,0.1521869662931716
AMD,2025-09-29,1.2807366458717535,0.1407939739408083
AMD,2025-09-30,1.2780490562420084,0.1389396477879814
AMD,2025-10-01,1.3079058552046607,0.1425468756971618
AMD,2025-10-02,1.33652711192144,0.1986759836687448
AMD,2025-10-03,1.3102717233376513,0.2713718409861936
AMD,2025-10-06,0.8590333443331788,1.0840841325839752
AMD,2025-10-07,0.8601607127431599,1.0812559937889417
AMD,2025-10-08,0.6955726675558351,1.1384983033046847
AMD,2025-10-09,0.7022462490575704,1.152661870003265
AMD,2025-10-10,0.6240941656443902,1.2786217034041891
AMD,2025-10-13,0.623608232719271,1.2807366458717535
AMD,2025-10-14,0.6342031440988126,1.2780490562420082
AMD,2025-10-15,0.4920963782979602,1.3079058552046603
AMD,2025-10-16,0.530599176172539,1.33652711192144
AMD,2025-10-17,0.5248719008271652,1.310271723337651
AMD,2025-10-20,0.5112245576685465,0.8590333443331788
AMD,2025-10-21,0.5545215033377682,0.8601607127431597
AMD,2025-10-22,0.5178276747253844,0.6955726675558352
AMD,2025-10-23,0.6691509371634162,0.7022462490575704
AMD,2025-10-24,0.5363557260931989,0.62409416564439
AMD,2025-10-27,0.5733442471305918,0.6236082327192708
AMD,2025-10-28,0.5826141609343088,0.6342031440988123
AMD,2025-10-29,0.7408241166609021,0.49209637829796
AMD,2025-10-30,0.7500685957316695,0.5305991761725389
AMD,2025-10-31,0.7488414788900812,0.524871900827165
AMD,2025-11-03,0.7494108315383696,0.5112245576685462
AMD,2025-11-04,0.7564362420420333,0.5545215033377681
AMD,2025-11-05,0.7390707625143036,0.5178276747253843
AMD,2025-11-06,0.7540974678969606,0.6691509371634162
AMD,2025-11-07,0.7540158919544697,0.536355726093199
AMD,2025-11-10,0.7768806193743327,0.5733442471305918
AMD,2025-11-11,0.7886573899847161,0.5826141609343088
AMD,2025-11-12,0.6416949157171741,0.740824116660902
AMD,2025-11-13,0.6469306059485166,0.7500685957316696
AMD,2025-11-14,0.6565791646113547,0.7488414788900812
AMD,2025-11-17,0.6540108037092791,0.7494108315383696
AMD,2025-11-18,0.6353728453992256,0.7564362420420333
AMD,2025-11-19,0.6214735251890676,0.7390707625143036
AMD,2025-11-20,0.4430389575688633,0.7540974678969607
AMD,2025-11-21,0.4346423784559451,0.7540158919544697
AMD,2025-11-24,0.3522018636153443,0.7768806193743327
AMD,2025-11-25,0.2490341427591566,0.7886573899847161
AMD,2025-11-26,0.1777813264995238,0.6416949157171742
AMD,2025-11-28,0.3056179245326483,0.6469306059485166
AMD,2025-12-01,0.3011998524668277,0.6565791646113547
AMD,2025-12-02,0.2950768242104157,0.654010803709279
AMD,2025-12-03,0.3794875339816762,0.6353728453992256
AMD,2025-12-04,0.398587266719186,0.6214735251890675
AMD,2025-12-05,0.5190724829284333,0.4430389575688631
AMD,2025-12-08,0.5139294703683416,0.4346423784559448
AMD,2025-12-09,0.513378064051132,0.352201863615344
AMD,2025-12-10,0.5136217489856186,0.2490341427591562
AMD,2025-12-11,0.5135787054934274,0.1777813264995234
AMD,2025-12-12,0.4438094111858469,0.3056179245326482
AMD,2025-12-15,0.4337321159716208,0.3011998524668275
AMD,2025-12-16,0.4353778602631519,0.2950768242104156
NVDA,2025-01-02,0.5560782036088595,0.3388473160566997
NVDA,2025-01-03,0.5180169507781893,0.3710900168201754
NVDA,2025-01-06,0.5386848258428127,0.3878572514882421
NVDA,2025-01-07,0.4108071638833011,0.5348178833655806
NVDA,2025-01-08,0.4504396586210925,0.5036214286669763
NVDA,2025-01-10,1.0453874129210878,0.525772307078425
NVDA,2025-01-13,1.1561177059845236,0.5323634474242811
NVDA,2025-01-14,1.1721917569594826,0.5261858615192164
NVDA,2025-01-15,1.1547261360219925,0.5584562229528551
NVDA,2025-01-16,1.1627582163092285,0.554496656033525
NVDA,2025-01-17,1.1418835068204507,0.5560782036088597
NVDA,2025-01-21,1.136957044801848,0.5180169507781895
NVDA,2025-01-22,1.1485612544428092,0.538684825842813
NVDA,2025-01-23,1.17027346521324,0.4108071638833013
NVDA,2025-01-24,1.1703113014295747,0.4504396586210927
NVDA,2025-01-27,0.638796201964311,1.0453874129210878
NVDA,2025-01-28,0.4924746122267787,1.1561177059845238
NVDA,2025-01-29,0.4366723362155909,1.1721917569594829
NVDA,2025-01-30,0.4549581940429047,1.1547261360219925
NVDA,2025-01-31,0.3824852752690812,1.1627582163092285
NVDA,2025-02-03,0.3063025091290963,1.1418835068204507
NVDA,2025-02-04,0.3209619407029522,1.136957044801848
NVDA,2025-02-05,0.2573707907561184,1.1485612544428092
NVDA,2025-02-06,0.3469070946927077,1.17027346521324
NVDA,2025-02-07,0.3885104454929308,1.1703113014295747
NVDA,2025-02-10,0.3783515372897423,0.638796201964311
NVDA,2025-02-11,0.4315433246450081,0.4924746122267788
NVDA,2025-02-12,0.6168288058899942,0.4366723362155909
NVDA,2025-02-13,0.6319680918054695,0.4549581940429047
NVDA,2025-02-14,0.7222239882378751,0.3824852752690813
NVDA,2025-02-18,0.7366942930822032,0.3063025091290964
NVDA,2025-02-19,0.7473908744863478,0.3209619407029523
NVDA,2025-02-20,0.7619086295154733,0.2573707907561185
NVDA,2025-02-21,0.7826234765265118,0.3469070946927078
NVDA,2025-02-24,0.7994324420888153,0.3885104454929309
NVDA,2025-02-25,0.8173262415004239,0.3783515372897424
NVDA,2025-02-26,0.8721722883202415,0.4315433246450083
NVDA,2025-02-27,0.7623442474886987,0.6168288058899943
NVDA,2025-02-28,0.7841019252448914,0.6319680918054696
NVDA,2025-03-03,0.6227271678418473,0.7222239882378751
NVDA,2025-03-04,0.6481676008929169,0.7366942930822032
NVDA,2025-03-05,0.6524245048136071,0.747390874486348
NVDA,2025-03-06,0.5624941075071136,0.7619086295154734
NVDA,2025-03-07,0.5620762921803482,0.7826234765265121
NVDA,2025-03-10,0.4770906781662703,0.7994324420888154
NVDA,2025-03-11,0.4852723337030259,0.8173262415004241
NVDA,2025-03-12,0.5042779744273623,0.8721722883202416
NVDA,2025-03-13,0.5131507459914896,0.7623442474886988
NVDA,2025-03-14,0.4124868753849877,0.7841019252448916
NVDA,2025-03-17,0.4105958802810677,0.6227271678418475
NVDA,2025-03-18,0.403159536934219,0.648167600892917
NVDA,2025-03-19,0.3859457607232927,0.6524245048136074
NVDA,2025-03-20,0.5271989738244741,0.5624941075071138
NVDA,2025-03-21,0.6061965797267964,0.5620762921803484
NVDA,2025-03-24,0.6154117389445698,0.4770906781662706
NVDA,2025-03-25,0.6109915452841278,0.4852723337030262
NVDA,2025-03-26,1.1147808808847346,0.5042779744273624
NVDA,2025-03-27,1.1538383108985515,0.5131507459914897
NVDA,2025-03-28,1.1635502903968526,0.4124868753849879
NVDA,2025-03-31,1.1615240315192006,0.4105958802810678
NVDA,2025-04-01,1.160650355918647,0.4031595369342192
NVDA,2025-04-02,1.2170753983553817,0.3859457607232929
NVDA,2025-04-03,1.1526292588238738,0.5271989738244741
NVDA,2025-04-04,1.105749829468633,0.6061965797267964
NVDA,2025-04-07,1.096375693310908,0.6154117389445699
NVDA,2025-04-08,1.1071317863210066,0.6109915452841279
NVDA,2025-04-09,0.6585992000185118,1.1147808808847346
NVDA,2025-04-10,0.6253244109636142,1.1538383108985515
NVDA,2025-04-11,0.6150215190286482,1.1635502903968526
NVDA,2025-04-14,0.6154679022290445,1.1615240315192006
NVDA,2025-04-15,0.6099326298630021,1.160650355918647
NVDA,2025-04-16,0.4868993427555962,1.217075398355382
NVDA,2025-04-17,0.4506008463329502,1.152629258823874
NVDA,2025-04-21,0.3356071231380836,1.1057498294686332
NVDA,2025-04-22,0.3469032379046041,1.0963756933109083
NVDA,2025-04-23,0.3343195235549437,1.1071317863210068
NVDA,2025-04-24,0.31241803164001,0.6585992000185121
NVDA,2025-04-25,0.2624673941231448,0.6253244109636147
NVDA,2025-04-28,0.3159090561418372,0.6150215190286485
NVDA,2025-04-29,0.3742911554909749,0.6154679022290449
NVDA,2025-04-30,0.3752453415988403,0.6099326298630025
NVDA,2025-05-01,0.3957053518467791,0.4868993427555967
NVDA,2025-05-02,0.4001238655298607,0.4506008463329508
NVDA,2025-05-05,0.3901712156415991,0.3356071231380843
NVDA,2025-05-06,0.4004357176439675,0.3469032379046048
NVDA,2025-05-07,0.4300007792799559,0.3343195235549445
NVDA,2025-05-08,0.427684549706089,0.3124180316400107
NVDA,2025-05-09,0.4351934860201208,0.2624673941231457
NVDA,2025-05-12,0.3892641752846364,0.3159090561418379
NVDA,2025-05-13,0.3009309360466344,0.3742911554909755
NVDA,2025-05-14,0.2723796902995863,0.3752453415988409
NVDA,2025-05-15,0.317044921596981,0.3957053518467797
NVDA,2025-05-16,0.3272282508268294,0.4001238655298613
NVDA,2025-05-19,0.3524716087321933,0.3901712156415997
NVDA,2025-05-20,0.3450618287691933,0.4004357176439681
NVDA,2025-05-21,0.3346087890073976,0.4300007792799564
NVDA,2025-05-22,0.3360283821156321,0.4276845497060895
NVDA,2025-05-23,0.3206061552284239,0.4351934860201213
NVDA,2025-05-27,0.2936890177263748,0.3892641752846369
NVDA,2025-05-28,0.2968652036295586,0.3009309360466352
NVDA,2025-05-29,0.2656038512440979,0.2723796902995872
NVDA,2025-05-30,0.2373776237190433,0.3170449215969818
NVDA,2025-06-02,0.2410347582860904,0.3272282508268301
NVDA,2025-06-03,0.2088896731766622,0.3524716087321938
NVDA,2025-06-04,0.2117946290294707,0.3450618287691938
NVDA,2025-06-05,0.2069017273486001,0.3346087890073983
NVDA,2025-06-06,0.1999391313164341,0.3360283821156327
NVDA,2025-06-09,0.2328653840649091,0.3206061552284245
NVDA,2025-06-10,0.3039615380003373,0.2936890177263756
NVDA,2025-06-11,0.2932869763189278,0.2968652036295593
NVDA,2025-06-12,0.2950889930351236,0.2656038512440988
NVDA,2025-06-13,0.2500713490882748,0.2373776237190442
NVDA,2025-06-16,0.3170646317683698,0.2410347582860913
NVDA,2025-06-17,0.3260128249851801,0.2088896731766633
NVDA,2025-06-18,0.3267935975660132,0.2117946290294717
NVDA,2025-06-20,0.3198725541762623,0.2069017273486011
NVDA,2025-06-23,0.3172820668412693,0.1999391313164352
NVDA,2025-06-24,0.3092549466706857,0.23286538406491
NVDA,2025-06-25,0.2495260087353954,0.303961538000338
NVDA,2025-06-26,0.2494648374771918,0.2932869763189286
NVDA,2025-06-27,0.2466925003973384,0.2950889930351243
NVDA,2025-06-30,0.3037923259320426,0.2500713490882756
NVDA,2025-07-01,0.2220144961275124,0.3170646317683704
NVDA,2025-07-02,0.2071984588567851,0.3260128249851807
NVDA,2025-07-03,0.2156090973925328,0.3267935975660138
NVDA,2025-07-07,0.2138542268778457,0.319872554176263
NVDA,2025-07-08,0.271027778992427,0.31728206684127
NVDA,2025-07-09,0.2779275423633843,0.3092549466706863
NVDA,2025-07-10,0.2847970814130815,0.2495260087353963
NVDA,2025-07-11,0.2870348519829554,0.2494648374771926
NVDA,2025-07-14,0.2880460308287159,0.2466925003973392
NVDA,2025-07-15,0.2318893543320888,0.3037923259320432
NVDA,2025-07-16,0.2497973315482362,0.2220144961275132
NVDA,2025-07-17,0.2552249235663363,0.2071984588567861
NVDA,2025-07-18,0.2870819799884505,0.2156090973925337
NVDA,2025-07-21,0.3318721846708252,0.2138542268778466
NVDA,2025-07-22,0.2985982658943476,0.2710277789924277
NVDA,2025-07-23,0.2856070803259646,0.277927542363385
NVDA,2025-07-24,0.2780135464572033,0.2847970814130822
NVDA,2025-07-25,0.2780765448995348,0.287034851982956
NVDA,2025-07-28,0.2702759025285148,0.2880460308287165
NVDA,2025-07-29,0.26463929479775,0.2318893543320896
NVDA,2025-07-30,0.2533022373141091,0.2497973315482369
NVDA,2025-07-31,0.2481352203465995,0.2552249235663371
NVDA,2025-08-01,0.2133332195937365,0.2870819799884511
NVDA,2025-08-04,0.1263903159201909,0.3318721846708258
NVDA,2025-08-05,0.2204541678197308,0.2985982658943482
NVDA,2025-08-06,0.2159871781685606,0.2856070803259652
NVDA,2025-08-07,0.2090657796190422,0.278013546457204
NVDA,2025-08-08,0.2230541311411866,0.2780765448995355
NVDA,2025-08-11,0.2319121516303801,0.2702759025285155
NVDA,2025-08-12,0.2373367559320802,0.2646392947977508
NVDA,2025-08-13,0.2333251298903581,0.25330223731411
NVDA,2025-08-14,0.2360968487671911,0.2481352203466003
NVDA,2025-08-15,0.2871261166160852,0.2133332195937374
NVDA,2025-08-18,0.2887786948411754,0.1263903159201924
NVDA,2025-08-19,0.2385026364956995,0.2204541678197316
NVDA,2025-08-20,0.2427320600747348,0.2159871781685615
NVDA,2025-08-21,0.273886534231126,0.2090657796190431
NVDA,2025-08-22,0.2565923998700758,0.2230541311411875
NVDA,2025-08-25,0.2647223545367898,0.2319121516303809
NVDA,2025-08-26,0.3353368551531156,0.237336755932081
NVDA,2025-08-27,0.3353486483407146,0.233325129890359
NVDA,2025-08-28,0.3351205026115209,0.2360968487671919
NVDA,2025-08-29,0.2821685005711116,0.2871261166160859
NVDA,2025-09-02,0.275196392309308,0.2887786948411761
NVDA,2025-09-03,0.3115919431926769,0.2385026364957004
NVDA,2025-09-04,0.3565698178648896,0.2427320600747356
NVDA,2025-09-05,0.3152482077996243,0.2738865342311268
NVDA,2025-09-08,0.3562592119691977,0.2565923998700766
NVDA,2025-09-09,0.3997606052942162,0.2647223545367906
NVDA,2025-09-10,0.3566482731830269,0.3353368551531163
NVDA,2025-09-11,0.357248427885954,0.3353486483407152
NVDA,2025-09-12,0.3570489952359604,0.3351205026115215
NVDA,2025-09-15,0.3709587457040662,0.2821685005711123
NVDA,2025-09-16,0.371976122628341,0.2751963923093088
NVDA,2025-09-17,0.3247151613707957,0.3115919431926776
NVDA,2025-09-18,0.2938124177432036,0.3565698178648902
NVDA,2025-09-19,0.3012679867728895,0.315248207799625
NVDA,2025-09-22,0.249985936630673,0.3562592119691982
NVDA,2025-09-23,0.1907014647193858,0.3997606052942167
NVDA,2025-09-24,0.1977622778342607,0.3566482731830274
NVDA,2025-09-25,0.2051107568389921,0.3572484278859545
NVDA,2025-09-26,0.3579355567213343,0.357048995235961
NVDA,2025-09-29,0.3699354507411545,0.3709587457040667
NVDA,2025-09-30,0.4183125086969331,0.3719761226283415
NVDA,2025-10-01,0.4167509657024842,0.3247151613707963
NVDA,2025-10-02,0.4187628627515243,0.2938124177432042
NVDA,2025-10-03,0.4222187658777994,0.3012679867728901
NVDA,2025-10-06,0.4194666496855744,0.2499859366306738
NVDA,2025-10-07,0.4207605998429866,0.1907014647193868
NVDA,2025-10-08,0.3991295723936998,0.1977622778342617
NVDA,2025-10-09,0.3884172607483591,0.205110756838993
NVDA,2025-10-10,0.319874372446448,0.3579355567213348
NVDA,2025-10-13,0.3196680504826346,0.3699354507411551
NVDA,2025-10-14,0.2798585865246426,0.4183125086969336
NVDA,2025-10-15,0.2847451187047645,0.4167509657024847
NVDA,2025-10-16,0.33330659136495,0.4187628627515248
NVDA,2025-10-17,0.3394497771333086,0.4222187658777999
NVDA,2025-10-20,0.3351737660385965,0.4194666496855749
NVDA,2025-10-21,0.4192501082909011,0.4207605998429871
NVDA,2025-10-22,0.4359027458532565,0.3991295723937003
NVDA,2025-10-23,0.4905350058578327,0.3884172607483596
NVDA,2025-10-24,0.4788896479568655,0.3198743724464485
NVDA,2025-10-27,0.5410677875255192,0.3196680504826353
NVDA,2025-10-28,0.5015613587269899,0.2798585865246433
NVDA,2025-10-29,0.4688389980110575,0.2847451187047652
NVDA,2025-10-30,0.4886997595967674,0.3333065913649505
NVDA,2025-10-31,0.505257804269193,0.3394497771333091
NVDA,2025-11-03,0.4834142154011934,0.335173766038597
NVDA,2025-11-04,0.4660521808357164,0.4192501082909015
NVDA,2025-11-05,0.4980098935091916,0.4359027458532569
NVDA,2025-11-06,0.4891047272825817,0.4905350058578331
NVDA,2025-11-07,0.4892007648456042,0.4788896479568659
NVDA,2025-11-10,0.385025054376324,0.5410677875255195
NVDA,2025-11-11,0.3795693199476465,0.5015613587269903
NVDA,2025-11-12,0.3917284740733767,0.468838998011058
NVDA,2025-11-13,0.3633192439339558,0.4886997595967677
NVDA,2025-11-14,0.3612444844210872,0.5052578042691933
NVDA,2025-11-17,0.359007444777765,0.4834142154011937
NVDA,2025-11-18,0.3333013389614897,0.4660521808357167
NVDA,2025-11-19,0.3174857542064016,0.4980098935091918
NVDA,2025-11-20,0.2709011331906172,0.489104727282582
NVDA,2025-11-21,0.2745267202085819,0.4892007648456045
NVDA,2025-11-24,0.2595477465489773,0.3850250543763243
NVDA,2025-11-25,0.2160334887668109,0.3795693199476468
NVDA,2025-11-26,0.2265466120315681,0.3917284740733771
NVDA,2025-11-28,0.2693827459202629,0.3633192439339562
NVDA,2025-12-01,0.2563749912301208,0.3612444844210876
NVDA,2025-12-02,0.255872457090926,0.3590074447777654
NVDA,2025-12-03,0.315006596363662,0.3333013389614901
NVDA,2025-12-04,0.3096881879324732,0.317485754206402
NVDA,2025-12-05,0.3796222156347248,0.2709011331906177
NVDA,2025-12-08,0.3768063095833042,0.2745267202085822
NVDA,2025-12-09,0.4063252380293348,0.2595477465489777
NVDA,2025-12-10,0.4046851915725547,0.2160334887668114
NVDA,2025-12-11,0.3926870959504471,0.2265466120315687
NVDA,2025-12-12,0.3466538875306857,0.2693827459202634
NVDA,2025-12-15,0.3509417776561221,0.2563749912301213
NVDA,2025-12-16,0.3555315840928474,0.2558724570909265
PLTR,2025-01-02,0.7013632523874127,0.5930569886504513
PLTR,2025-01-03,0.617875540995826,0.6139528854904206
PLTR,2025-01-06,0.6347092432483811,0.666447375260557
PLTR,2025-01-07,0.4446735016864426,0.6223611363620021
PLTR,2025-01-08,0.4006526542340809,0.6180044922549929
PLTR,2025-01-10,0.4865363809745163,0.5824791598500638
PLTR,2025-01-13,0.4711328747539621,0.5776726823168099
PLTR,2025-01-14,0.4897569850989887,0.5998766259902141
PLTR,2025-01-15,0.4833200260752842,0.6509676754661752
PLTR,2025-01-16,0.4833711654738603,0.6641164486100022
PLTR,2025-01-17,0.472381752675379,0.7013632523874145
PLTR,2025-01-21,1.108998138358377,0.6178755409958279
PLTR,2025-01-22,1.14262954025956,0.6347092432483832
PLTR,2025-01-23,1.1892030198625314,0.4446735016864458
PLTR,2025-01-24,1.1924827063126695,0.4006526542340844
PLTR,2025-01-27,1.1071724750920855,0.4865363809745192
PLTR,2025-01-28,1.1679906879759436,0.4711328747539652
PLTR,2025-01-29,1.1468224377634972,0.4897569850989917
PLTR,2025-01-30,1.1557255075891344,0.4833200260752871
PLTR,2025-01-31,1.1586113676108472,0.4833711654738633
PLTR,2025-02-03,1.1525925690212235,0.472381752675382
PLTR,2025-02-04,0.8808826648160447,1.1089981383583782
PLTR,2025-02-05,0.9211701616582726,1.142629540259561
PLTR,2025-02-06,0.8057091548144746,1.189203019862533
PLTR,2025-02-07,0.9522427637524914,1.192482706312671
PLTR,2025-02-10,0.8659873508736876,1.1071724750920873
PLTR,2025-02-11,0.8931673649447214,1.1679906879759447
PLTR,2025-02-12,0.8243747431319536,1.1468224377634986
PLTR,2025-02-13,0.8211453040891434,1.155725507589136
PLTR,2025-02-14,0.7909913952075045,1.1586113676108485
PLTR,2025-02-18,0.7099803948019479,1.1525925690212249
PLTR,2025-02-19,0.7754395895650525,0.880882664816046
PLTR,2025-02-20,0.8939898355287837,0.9211701616582738
PLTR,2025-02-21,0.972868573592771,0.805709154814476
PLTR,2025-02-24,0.9586759591262244,0.9522427637524924
PLTR,2025-02-25,0.9732296529507776,0.8659873508736886
PLTR,2025-02-26,1.049283870897712,0.8931673649447224
PLTR,2025-02-27,1.0459687929064596,0.8243747431319546
PLTR,2025-02-28,1.132655609473113,0.8211453040891445
PLTR,2025-03-03,1.1284182128222024,0.7909913952075056
PLTR,2025-03-04,1.14938125571523,0.7099803948019491
PLTR,2025-03-05,1.1015646603313134,0.7754395895650538
PLTR,2025-03-06,0.9196331023554254,0.8939898355287847
PLTR,2025-03-07,0.9029514334709072,0.972868573592772
PLTR,2025-03-10,0.6818220308854337,0.9586759591262256
PLTR,2025-03-11,0.6945414038199972,0.9732296529507786
PLTR,2025-03-12,0.709235520568387,1.0492838708977137
PLTR,2025-03-13,0.6596669090500887,1.045968792906461
PLTR,2025-03-14,0.6035712263091756,1.1326556094731142
PLTR,2025-03-17,0.6038177186833253,1.1284182128222036
PLTR,2025-03-18,0.5676475921052291,1.1493812557152312
PLTR,2025-03-19,0.5760807977191157,1.1015646603313147
PLTR,2025-03-20,0.6144995771190812,0.9196331023554268
PLTR,2025-03-21,0.7967647968384912,0.9029514334709088
PLTR,2025-03-24,0.7655928684434025,0.681822030885436
PLTR,2025-03-25,0.7629833071251665,0.6945414038199993
PLTR,2025-03-26,1.229149704821101,0.7092355205683889
PLTR,2025-03-27,1.2385736284495612,0.659666909050091
PLTR,2025-03-28,1.211240558755951,0.6035712263091778
PLTR,2025-03-31,1.2223021072988698,0.6038177186833273
PLTR,2025-04-01,1.2479472709618116,0.5676475921052313
PLTR,2025-04-02,1.2966449258890909,0.576080797719118
PLTR,2025-04-03,1.2652261575185852,0.6144995771190833
PLTR,2025-04-04,1.0650045063914346,0.7967647968384926
PLTR,2025-04-07,1.0553967340386667,0.7655928684434039
PLTR,2025-04-08,1.0736439212029787,0.7629833071251678
PLTR,2025-04-09,0.7466104207422177,1.2291497048211022
PLTR,2025-04-10,0.6940523175701151,1.2385736284495623
PLTR,2025-04-11,0.6823726718170467,1.211240558755952
PLTR,2025-04-14,0.6763881236306825,1.222302107298871
PLTR,2025-04-15,0.6424591971823251,1.247947270961813
PLTR,2025-04-16,0.5263298309416016,1.2966449258890915
PLTR,2025-04-17,0.5662717454191744,1.265226157518586
PLTR,2025-04-21,0.4952562127986726,1.065004506391436
PLTR,2025-04-22,0.9388929227185856,1.055396734038668
PLTR,2025-04-23,0.8870220404843472,1.07364392120298
PLTR,2025-04-24,0.9039486215348508,0.7466104207422195
PLTR,2025-04-25,0.8889553502087065,0.6940523175701171
PLTR,2025-04-28,0.8869678582006594,0.6823726718170487
PLTR,2025-04-29,0.9641589365837862,0.6763881236306846
PLTR,2025-04-30,0.9631702002969712,0.642459197182327
PLTR,2025-05-01,0.9606881564663164,0.526329830941604
PLTR,2025-05-02,0.9064328437851163,0.5662717454191769
PLTR,2025-05-05,0.9176938712203968,0.4952562127986755
PLTR,2025-05-06,0.5707224428643635,0.938892922718587
PLTR,2025-05-07,0.6338886509036192,0.8870220404843486
PLTR,2025-05-08,0.5168045117015441,0.903948621534852
PLTR,2025-05-09,0.5070168910613975,0.888955350208708
PLTR,2025-05-12,0.5066576189562899,0.8869678582006608
PLTR,2025-05-13,0.2947843596802106,0.9641589365837874
PLTR,2025-05-14,0.2755643387122993,0.9631702002969726
PLTR,2025-05-15,0.4825237333716703,0.9606881564663178
PLTR,2025-05-16,0.4804294278719518,0.9064328437851178
PLTR,2025-05-19,0.4568232105137682,0.9176938712203982
PLTR,2025-05-20,0.4778122122933302,0.570722442864366
PLTR,2025-05-21,0.6068631686659314,0.6338886509036213
PLTR,2025-05-22,0.684845748937556,0.5168045117015466
PLTR,2025-05-23,0.7003377975613825,0.5070168910613999
PLTR,2025-05-27,0.6995453568247041,0.5066576189562924
PLTR,2025-05-28,0.7054344250335748,0.2947843596802147
PLTR,2025-05-29,0.7031402718653241,0.2755643387123038
PLTR,2025-05-30,0.6078885817534068,0.4825237333716729
PLTR,2025-06-02,0.619930505019257,0.4804294278719543
PLTR,2025-06-03,0.637459864555219,0.4568232105137709
PLTR,2025-06-04,0.6191220457874103,0.4778122122933328
PLTR,2025-06-05,0.4175856226292179,0.6068631686659334
PLTR,2025-06-06,0.3177262040658228,0.6848457489375578
PLTR,2025-06-09,0.2997263512142042,0.7003377975613843
PLTR,2025-06-10,0.3041921176866545,0.699545356824706
PLTR,2025-06-11,0.2853451747882246,0.7054344250335768
PLTR,2025-06-12,0.5963676955575956,0.703140271865326
PLTR,2025-06-13,0.6325856050851323,0.6078885817534088
PLTR,2025-06-16,0.6400952085762545,0.6199305050192591
PLTR,2025-06-17,0.6403828195102405,0.6374598645552209
PLTR,2025-06-18,0.6438317919506491,0.6191220457874124
PLTR,2025-06-20,0.6650787077653225,0.4175856226292211
PLTR,2025-06-23,0.6582597503002356,0.317726204065827
PLTR,2025-06-24,0.659075915597961,0.2997263512142086
PLTR,2025-06-25,0.6593605447855607,0.3041921176866587
PLTR,2025-06-26,0.6571853330071072,0.2853451747882291
PLTR,2025-06-27,0.4228606522441337,0.5963676955575976
PLTR,2025-06-30,0.3976714001164314,0.6325856050851343
PLTR,2025-07-01,0.2787317349170295,0.6400952085762565
PLTR,2025-07-02,0.2794052329343181,0.6403828195102423
PLTR,2025-07-03,0.293858513727906,0.643831791950651
PLTR,2025-07-07,0.2906882599361681,0.6650787077653244
PLTR,2025-07-08,0.3203907829207915,0.6582597503002376
PLTR,2025-07-09,0.344777930247168,0.6590759155979629
PLTR,2025-07-10,0.3402044077939772,0.6593605447855626
PLTR,2025-07-11,0.3435035081061849,0.6571853330071089
PLTR,2025-07-14,0.2807141288226853,0.4228606522441369
PLTR,2025-07-15,0.2888372923297956,0.3976714001164346
PLTR,2025-07-16,0.288332259135988,0.2787317349170343
PLTR,2025-07-17,0.2766455087094852,0.279405232934323
PLTR,2025-07-18,0.3121958397336933,0.2938585137279106
PLTR,2025-07-21,0.3619775888036251,0.2906882599361726
PLTR,2025-07-22,0.4768668996814422,0.3203907829207954
PLTR,2025-07-23,0.4755370285012845,0.3447779302471717
PLTR,2025-07-24,0.4696618702464156,0.3402044077939811
PLTR,2025-07-25,0.4700254621990591,0.3435035081061888
PLTR,2025-07-28,0.5000130756257463,0.28071412882269
PLTR,2025-07-29,0.4810181764804401,0.2888372923298
PLTR,2025-07-30,0.5073236953347129,0.2883322591359925
PLTR,2025-07-31,0.5291575995191223,0.2766455087094897
PLTR,2025-08-01,0.519960484882598,0.3121958397336973
PLTR,2025-08-04,0.518589514886556,0.3619775888036287
PLTR,2025-08-05,0.6102511147550932,0.4768668996814451
PLTR,2025-08-06,0.5566613038850206,0.4755370285012874
PLTR,2025-08-07,0.5409404835083728,0.4696618702464186
PLTR,2025-08-08,0.5224134362905133,0.470025462199062
PLTR,2025-08-11,0.5218126474149251,0.500013075625749
PLTR,2025-08-12,0.5219282946469006,0.481018176480443
PLTR,2025-08-13,0.524802322994637,0.5073236953347157
PLTR,2025-08-14,0.5393683582126544,0.5291575995191249
PLTR,2025-08-15,0.5378498635745776,0.5199604848826006
PLTR,2025-08-18,0.5415640256410371,0.5185895148865585
PLTR,2025-08-19,0.2390503139391064,0.6102511147550951
PLTR,2025-08-20,0.2375065094803258,0.5566613038850224
PLTR,2025-08-21,0.2569573459354122,0.5409404835083748
PLTR,2025-08-22,0.2634669510106673,0.5224134362905154
PLTR,2025-08-25,0.3282815324854833,0.5218126474149272
PLTR,2025-08-26,0.3343780797772207,0.5219282946469028
PLTR,2025-08-27,0.3093905017168455,0.5248023229946391
PLTR,2025-08-28,0.3622523788619911,0.5393683582126566
PLTR,2025-08-29,0.3541027866366022,0.5378498635745796
PLTR,2025-09-02,0.3603755441734567,0.5415640256410392
PLTR,2025-09-03,0.3560641092720426,0.2390503139391115
PLTR,2025-09-04,0.4130384640195608,0.2375065094803311
PLTR,2025-09-05,0.3788112459579609,0.2569573459354169
PLTR,2025-09-08,0.4158023927768164,0.2634669510106719
PLTR,2025-09-09,0.3922950416374888,0.3282815324854873
PLTR,2025-09-10,0.4059474519217452,0.3343780797772245
PLTR,2025-09-11,0.3922126132089791,0.3093905017168497
PLTR,2025-09-12,0.3514552487850943,0.3622523788619947
PLTR,2025-09-15,0.3507974284696962,0.354102786636606
PLTR,2025-09-16,0.3536845962401746,0.3603755441734604
PLTR,2025-09-17,0.3395087447707796,0.3560641092720463
PLTR,2025-09-18,0.2547878472468789,0.413038464019564
PLTR,2025-09-19,0.457472311569513,0.3788112459579647
PLTR,2025-09-22,0.4965554019758608,0.4158023927768197
PLTR,2025-09-23,0.4936167145674139,0.3922950416374923
PLTR,2025-09-24,0.4860984067875619,0.4059474519217485
PLTR,2025-09-25,0.4869131952274991,0.3922126132089825
PLTR,2025-09-26,0.5696539671143839,0.3514552487850979
PLTR,2025-09-29,0.5709880817399727,0.3507974284696998
PLTR,2025-09-30,0.5660438152425954,0.3536845962401782
PLTR,2025-10-01,0.5597544791736467,0.3395087447707834
PLTR,2025-10-02,0.5544535158615698,0.2547878472468839
PLTR,2025-10-03,0.3779157782382956,0.4574723115695157
PLTR,2025-10-06,0.3426936704693403,0.4965554019758634
PLTR,2025-10-07,0.3343727451417551,0.4936167145674165
PLTR,2025-10-08,0.3693477636511357,0.4860984067875645
PLTR,2025-10-09,0.3987554350725323,0.4869131952275018
PLTR,2025-10-10,0.2858585795643673,0.5696539671143862
PLTR,2025-10-13,0.3013719317849282,0.570988081739975
PLTR,2025-10-14,0.2988523165208323,0.5660438152425977
PLTR,2025-10-15,0.3625371436020325,0.5597544791736491
PLTR,2025-10-16,0.3868501974448119,0.554453515861572
PLTR,2025-10-17,0.3969832722232271,0.3779157782382991
PLTR,2025-10-20,0.4099396923917625,0.342693670469344
PLTR,2025-10-21,0.6334154066784704,0.3343727451417589
PLTR,2025-10-22,0.6078479819132251,0.3693477636511391
PLTR,2025-10-23,0.7059975895815398,0.3987554350725354
PLTR,2025-10-24,0.7001463024946617,0.285858579564372
PLTR,2025-10-27,0.8219808208961829,0.3013719317849327
PLTR,2025-10-28,0.8259480479197336,0.2988523165208368
PLTR,2025-10-29,0.7997851381356194,0.3625371436020363
PLTR,2025-10-30,0.8536591939770344,0.3868501974448155
PLTR,2025-10-31,0.832271968080761,0.3969832722232307
PLTR,2025-11-03,0.7899451377190337,0.409939692391766
PLTR,2025-11-04,0.7079548222767833,0.6334154066784726
PLTR,2025-11-05,0.7079099024834743,0.6078479819132273
PLTR,2025-11-06,0.6852461058069469,0.7059975895815417
PLTR,2025-11-07,0.6687459813245998,0.7001463024946636
PLTR,2025-11-10,0.5245337251211609,0.8219808208961844
PLTR,2025-11-11,0.540194038888867,0.8259480479197352
PLTR,2025-11-12,0.5444244908641642,0.7997851381356209
PLTR,2025-11-13,0.4533635572556119,0.8536591939770357
PLTR,2025-11-14,0.4476780114908514,0.8322719680807622
PLTR,2025-11-17,0.4553464268253136,0.7899451377190351
PLTR,2025-11-18,0.4605921119618824,0.7079548222767849
PLTR,2025-11-19,0.4515491599933764,0.707909902483476
PLTR,2025-11-20,0.2510224295403856,0.6852461058069486
PLTR,2025-11-21,0.2416478191840951,0.6687459813246013
PLTR,2025-11-24,0.1779279398606458,0.5245337251211628
PLTR,2025-11-25,0.2060793378792293,0.5401940388888691
PLTR,2025-11-26,0.2209854607109452,0.5444244908641662
PLTR,2025-11-28,0.2763938463286097,0.4533635572556148
PLTR,2025-12-01,0.2713094366354742,0.4476780114908542
PLTR,2025-12-02,0.2780164954017103,0.4553464268253165
PLTR,2025-12-03,0.4092908059345068,0.4605921119618853
PLTR,2025-12-04,0.4685197041055989,0.4515491599933794
PLTR,2025-12-05,0.4972045780638526,0.2510224295403914
PLTR,2025-12-08,0.4957514052874281,0.2416478191841012
PLTR,2025-12-09,0.4960932051381731,0.1779279398606537
PLTR,2025-12-10,0.4742250211939783,0.2060793378792363
PLTR,2025-12-11,0.5004581307034265,0.2209854607109516
PLTR,2025-12-12,0.5042307996282914,0.2763938463286147
PLTR,2025-12-15,0.5129145530127627,0.2713094366354794
PLTR,2025-12-16,0.4970127098932442,0.2780164954017154
SCHW,2025-01-02,0.2416010955929458,0.2057522882960371
SCHW,2025-01-03,0.3643244392766971,0.0997069763659724
SCHW,2025-01-06,0.3677454343088283,0.0951612837157743
SCHW,2025-01-07,0.3014396988417736,0.1744826516399638
SCHW,2025-01-08,0.3117309170961839,0.1823018060969586
SCHW,2025-01-10,0.3017992902660981,0.1809046930409094
SCHW,2025-01-13,0.3158011609623614,0.1784400707038383
SCHW,2025-01-14,0.3061424254433551,0.1784843200546561
SCHW,2025-01-15,0.3064084613600099,0.2015759837535861
SCHW,2025-01-16,0.3183893663838206,0.2381986171175949
SCHW,2025-01-17,0.3208443514584821,0.2416010955929466
SCHW,2025-01-21,0.1779425235910682,0.3643244392766976
SCHW,2025-01-22,0.1756483211943536,0.3677454343088289
SCHW,2025-01-23,0.1846175777539561,0.3014396988417742
SCHW,2025-01-24,0.1868623214813523,0.3117309170961846
SCHW,2025-01-27,0.2227476801960833,0.3017992902660987
SCHW,2025-01-28,0.2523624741634953,0.315801160962362
SCHW,2025-01-29,0.2598346867376388,0.3061424254433557
SCHW,2025-01-30,0.2413830381024957,0.3064084613600105
SCHW,2025-01-31,0.2426889560758609,0.3183893663838212
SCHW,2025-02-03,0.256738788127485,0.3208443514584827
SCHW,2025-02-04,0.2523397757342013,0.1779425235910694
SCHW,2025-02-05,0.2527142477132221,0.1756483211943548
SCHW,2025-02-06,0.2360676353483682,0.1846175777539573
SCHW,2025-02-07,0.2358394876786695,0.1868623214813534
SCHW,2025-02-10,0.2147098386149905,0.2227476801960843
SCHW,2025-02-11,0.1528042069721001,0.252362474163496
SCHW,2025-02-12,0.1493396811813708,0.2598346867376396
SCHW,2025-02-13,0.1727583347452559,0.2413830381024966
SCHW,2025-02-14,0.1844249735626085,0.2426889560758617
SCHW,2025-02-18,0.2332486664795892,0.2567387881274858
SCHW,2025-02-19,0.2673240038528379,0.2523397757342022
SCHW,2025-02-20,0.2694604179377982,0.252714247713223
SCHW,2025-02-21,0.2659723602020087,0.2360676353483691
SCHW,2025-02-24,0.3284915580552532,0.2358394876786704
SCHW,2025-02-25,0.3582729920842056,0.2147098386149915
SCHW,2025-02-26,0.3938517612639876,0.1528042069721015
SCHW,2025-02-27,0.3940074888958366,0.1493396811813723
SCHW,2025-02-28,0.4721171785617432,0.1727583347452571
SCHW,2025-03-03,0.4675317868629526,0.1844249735626097
SCHW,2025-03-04,0.4171236331508766,0.2332486664795902
SCHW,2025-03-05,0.4110352913238709,0.2673240038528388
SCHW,2025-03-06,0.3998813264328152,0.269460417937799
SCHW,2025-03-07,0.391491119373697,0.2659723602020096
SCHW,2025-03-10,0.270545098991168,0.328491558055254
SCHW,2025-03-11,0.268811074266349,0.3582729920842062
SCHW,2025-03-12,0.2724132242260859,0.3938517612639882
SCHW,2025-03-13,0.2676821454071499,0.3940074888958372
SCHW,2025-03-14,0.1991011073319043,0.4721171785617437
SCHW,2025-03-17,0.1968043536950841,0.467531786862953
SCHW,2025-03-18,0.2008853296318359,0.4171236331508771
SCHW,2025-03-19,0.1948262215552706,0.4110352913238714
SCHW,2025-03-20,0.3117278381472976,0.3998813264328156
SCHW,2025-03-21,0.4912027846693459,0.3914911193736975
SCHW,2025-03-24,0.4813149052932588,0.2705450989911686
SCHW,2025-03-25,0.4692594101783658,0.2688110742663497
SCHW,2025-03-26,0.6449603749761916,0.2724132242260866
SCHW,2025-03-27,0.6480178952108251,0.2676821454071505
SCHW,2025-03-28,0.6844628006559799,0.1991011073319053
SCHW,2025-03-31,0.6833440350411233,0.1968043536950851
SCHW,2025-04-01,0.6828921498092186,0.2008853296318369
SCHW,2025-04-02,0.6850361199096617,0.1948262215552717
SCHW,2025-04-03,0.6383925175002562,0.3117278381472982
SCHW,2025-04-04,0.4625541949879199,0.4912027846693464
SCHW,2025-04-07,0.4666911951291851,0.4813149052932594
SCHW,2025-04-08,0.4641002523892749,0.4692594101783664
SCHW,2025-04-09,0.315760277156407,0.644960374976192
SCHW,2025-04-10,0.2857013301246403,0.6480178952108254
SCHW,2025-04-11,0.2170495312686211,0.6844628006559803
SCHW,2025-04-14,0.219963594805929,0.6833440350411235
SCHW,2025-04-15,0.2205951242490189,0.682892149809219
SCHW,2025-04-16,0.1751014348237449,0.6850361199096621
SCHW,2025-04-17,0.1847997267331247,0.6383925175002566
SCHW,2025-04-21,0.1305330786025861,0.4625541949879204
SCHW,2025-04-22,0.1405883637498561,0.4666911951291856
SCHW,2025-04-23,0.1370747577449328,0.4641002523892754
SCHW,2025-04-24,0.1205232658097874,0.3157602771564076
SCHW,2025-04-25,0.1206793565205025,0.285701330124641
SCHW,2025-04-28,0.12170734464599,0.2170495312686221
SCHW,2025-04-29,0.1174595727875834,0.21996359480593
SCHW,2025-04-30,0.1165447222804074,0.2205951242490199
SCHW,2025-05-01,0.1129870095974186,0.1751014348237461
SCHW,2025-05-02,0.0936617289017569,0.1847997267331259
SCHW,2025-05-05,0.0915509509585784,0.1305330786025877
SCHW,2025-05-06,0.0688770116082051,0.1405883637498576
SCHW,2025-05-07,0.1390155297870058,0.1370747577449344
SCHW,2025-05-08,0.1441417708653617,0.1205232658097892
SCHW,2025-05-09,0.1447069774243488,0.1206793565205043
SCHW,2025-05-12,0.1502890108396798,0.1217073446459918
SCHW,2025-05-13,0.154086252118054,0.1174595727875852
SCHW,2025-05-14,0.1478459331492723,0.1165447222804093
SCHW,2025-05-15,0.141051993934908,0.1129870095974205
SCHW,2025-05-16,0.137036874959111,0.0936617289017592
SCHW,2025-05-19,0.1318033581113022,0.0915509509585808
SCHW,2025-05-20,0.1336004443148475,0.0688770116082082
SCHW,2025-05-21,0.0993889432794861,0.1390155297870073
SCHW,2025-05-22,0.1142031646087736,0.1441417708653631
SCHW,2025-05-23,0.1144604910371445,0.1447069774243502
SCHW,2025-05-27,0.0885302906485065,0.1502890108396813
SCHW,2025-05-28,0.0818146568321699,0.1540862521180554
SCHW,2025-05-29,0.0791919305172767,0.1478459331492738
SCHW,2025-05-30,0.0980408355543197,0.1410519939349095
SCHW,2025-06-02,0.1372725481985862,0.1370368749591126
SCHW,2025-06-03,0.1368757038595264,0.1318033581113038
SCHW,2025-06-04,0.1383420173382345,0.1336004443148491
SCHW,2025-06-05,0.1460943111184997,0.0993889432794883
SCHW,2025-06-06,0.1465272614069874,0.1142031646087754
SCHW,2025-06-09,0.1554567056568291,0.1144604910371463
SCHW,2025-06-10,0.1567453844532023,0.0885302906485089
SCHW,2025-06-11,0.1593868992784168,0.0818146568321725
SCHW,2025-06-12,0.1612322453568767,0.0791919305172794
SCHW,2025-06-13,0.1489506132772133,0.0980408355543219
SCHW,2025-06-16,0.1283819118943455,0.1372725481985878
SCHW,2025-06-17,0.1276620841955082,0.136875703859528
SCHW,2025-06-18,0.1196520024543847,0.1383420173382361
SCHW,2025-06-20,0.1170323414670945,0.1460943111185011
SCHW,2025-06-23,0.1101978779462034,0.1465272614069889
SCHW,2025-06-24,0.10390375946632,0.1554567056568305
SCHW,2025-06-25,0.1059227865596074,0.1567453844532038
SCHW,2025-06-26,0.12590893692827,0.1593868992784181
SCHW,2025-06-27,0.1276085994734553,0.161232245356878
SCHW,2025-06-30,0.1312411603106969,0.1489506132772147
SCHW,2025-07-01,0.1328951623440353,0.1283819118943472
SCHW,2025-07-02,0.1664442171533516,0.1276620841955099
SCHW,2025-07-03,0.2134971476706171,0.1196520024543865
SCHW,2025-07-07,0.2093475907736848,0.1170323414670963
SCHW,2025-07-08,0.2123679982661763,0.1101978779462053
SCHW,2025-07-09,0.2145946127134622,0.103903759466322
SCHW,2025-07-10,0.2207669956229828,0.1059227865596094
SCHW,2025-07-11,0.2038080435696284,0.1259089369282717
SCHW,2025-07-14,0.2041301897025663,0.127608599473457
SCHW,2025-07-15,0.183679802623103,0.1312411603106986
SCHW,2025-07-16,0.1742199159759651,0.1328951623440369
SCHW,2025-07-17,0.1768488439346469,0.1664442171533529
SCHW,2025-07-18,0.1716952926336513,0.2134971476706181
SCHW,2025-07-21,0.1900277128569221,0.2093475907736858
SCHW,2025-07-22,0.1871854819751168,0.2123679982661772
SCHW,2025-07-23,0.1862112976769357,0.2145946127134632
SCHW,2025-07-24,0.1770383703151285,0.2207669956229838
SCHW,2025-07-25,0.1898189293597333,0.2038080435696295
SCHW,2025-07-28,0.1866057796721821,0.2041301897025673
SCHW,2025-07-29,0.1943276678043552,0.1836798026231041
SCHW,2025-07-30,0.2513306772474247,0.1742199159759663
SCHW,2025-07-31,0.278619771804218,0.1768488439346481
SCHW,2025-08-01,0.2668967724548161,0.1716952926336525
SCHW,2025-08-04,0.2527746349402605,0.1900277128569232
SCHW,2025-08-05,0.2513614104083875,0.187185481975118
SCHW,2025-08-06,0.2508865485423444,0.1862112976769369
SCHW,2025-08-07,0.2488638562972302,0.1770383703151298
SCHW,2025-08-08,0.2364174159743562,0.1898189293597345
SCHW,2025-08-11,0.235043042174998,0.1866057796721832
SCHW,2025-08-12,0.2351280024691655,0.1943276678043563
SCHW,2025-08-13,0.1651950406108097,0.2513306772474256
SCHW,2025-08-14,0.1158510859915654,0.2786197718042188
SCHW,2025-08-15,0.0996601470951791,0.2668967724548169
SCHW,2025-08-18,0.1009007096224196,0.2527746349402612
SCHW,2025-08-19,0.0981661177169002,0.2513614104083883
SCHW,2025-08-20,0.1186833150171781,0.2508865485423453
SCHW,2025-08-21,0.3280433144069703,0.2488638562972311
SCHW,2025-08-22,0.341660893668865,0.2364174159743571
SCHW,2025-08-25,0.3410145372360916,0.2350430421749989
SCHW,2025-08-26,0.3373250539618898,0.2351280024691664
SCHW,2025-08-27,0.3576044968632648,0.1651950406108111
SCHW,2025-08-28,0.3563748615787485,0.1158510859915673
SCHW,2025-08-29,0.3584539948013856,0.0996601470951814
SCHW,2025-09-02,0.3580814121139862,0.1009007096224219
SCHW,2025-09-03,0.3672120013318872,0.0981661177169025
SCHW,2025-09-04,0.3648381625563281,0.1186833150171799
SCHW,2025-09-05,0.2092208953448198,0.328043314406971
SCHW,2025-09-08,0.1969685178852475,0.3416608936688656
SCHW,2025-09-09,0.1994541067426994,0.3410145372360922
SCHW,2025-09-10,0.202047075844289,0.3373250539618905
SCHW,2025-09-11,0.2232551263176974,0.3576044968632654
SCHW,2025-09-12,0.2232262027282406,0.3563748615787492
SCHW,2025-09-15,0.2079403816338114,0.3584539948013862
SCHW,2025-09-16,0.2153290110385073,0.3580814121139868
SCHW,2025-09-17,0.2862097709057218,0.3672120013318878
SCHW,2025-09-18,0.2790391042356906,0.3648381625563287
SCHW,2025-09-19,0.2838271017756753,0.2092208953448208
SCHW,2025-09-22,0.2837394044524716,0.1969685178852486
SCHW,2025-09-23,0.2823291690485895,0.1994541067427005
SCHW,2025-09-24,0.2675067799008307,0.2020470758442901
SCHW,2025-09-25,0.231567158483077,0.2232551263176984
SCHW,2025-09-26,0.2494177546317922,0.2232262027282416
SCHW,2025-09-29,0.2529354087646654,0.2079403816338124
SCHW,2025-09-30,0.2451921565853634,0.2153290110385083
SCHW,2025-10-01,0.1730134359716857,0.2862097709057226
SCHW,2025-10-02,0.1821792049949063,0.2790391042356914
SCHW,2025-10-03,0.1700993978882492,0.283827101775676
SCHW,2025-10-06,0.17517639056494,0.2837394044524723
SCHW,2025-10-07,0.1751143054279631,0.2823291690485903
SCHW,2025-10-08,0.1808053527416375,0.2675067799008315
SCHW,2025-10-09,0.1810144693514545,0.231567158483078
SCHW,2025-10-10,0.1314541109408756,0.2494177546317931
SCHW,2025-10-13,0.1076286851130852,0.2529354087646663
SCHW,2025-10-14,0.1230565108877446,0.2451921565853643
SCHW,2025-10-15,0.1191589576056552,0.173013435971687
SCHW,2025-10-16,0.1064975051731622,0.1821792049949075
SCHW,2025-10-17,0.0997745022619024,0.1700993978882505
SCHW,2025-10-20,0.113526714993373,0.1751763905649413
SCHW,2025-10-21,0.1220161796753465,0.1751143054279643
SCHW,2025-10-22,0.1159071527253715,0.1808053527416387
SCHW,2025-10-23,0.1187602388885705,0.1810144693514558
SCHW,2025-10-24,0.1312209197585301,0.1314541109408772
SCHW,2025-10-27,0.1306260248487583,0.1076286851130873
SCHW,2025-10-28,0.1159249060033021,0.1230565108877464
SCHW,2025-10-29,0.1335771321904501,0.119158957605657
SCHW,2025-10-30,0.1922028223541513,0.1064975051731643
SCHW,2025-10-31,0.196741668529163,0.0997745022619047
SCHW,2025-11-03,0.2286508511016212,0.113526714993375
SCHW,2025-11-04,0.2257820630235213,0.1220161796753483
SCHW,2025-11-05,0.2273091977817573,0.1159071527253734
SCHW,2025-11-06,0.2500789996090988,0.1187602388885724
SCHW,2025-11-07,0.2378889035473647,0.1312209197585317
SCHW,2025-11-10,0.2351005432046865,0.13062602484876
SCHW,2025-11-11,0.231503811275612,0.115924906003304
SCHW,2025-11-12,0.2197725802244457,0.1335771321904517
SCHW,2025-11-13,0.2066715080176946,0.1922028223541525
SCHW,2025-11-14,0.2050203483743303,0.1967416685291641
SCHW,2025-11-17,0.1560821723793486,0.2286508511016222
SCHW,2025-11-18,0.1868195830049261,0.2257820630235223
SCHW,2025-11-19,0.1923408879587603,0.2273091977817582
SCHW,2025-11-20,0.155929322804508,0.2500789996090997
SCHW,2025-11-21,0.1548426065387182,0.2378889035473657
SCHW,2025-11-24,0.1559879741119729,0.2351005432046874
SCHW,2025-11-25,0.1693877946885773,0.231503811275613
SCHW,2025-11-26,0.170768947181076,0.2197725802244467
SCHW,2025-11-28,0.1750854552678594,0.2066715080176956
SCHW,2025-12-01,0.1975598730782124,0.2050203483743314
SCHW,2025-12-02,0.1912854442995433,0.15608217237935
SCHW,2025-12-03,0.1690019405676893,0.1868195830049273
SCHW,2025-12-04,0.164215562781076,0.1923408879587614
SCHW,2025-12-05,0.1537986587971325,0.1559293228045094
SCHW,2025-12-08,0.1854534723062685,0.1548426065387196
SCHW,2025-12-09,0.1868051602559002,0.1559879741119743
SCHW,2025-12-10,0.1779853159923217,0.1693877946885785
SCHW,2025-12-11,0.1757435075495528,0.1707689471810772
SCHW,2025-12-12,0.1781682324627601,0.1750854552678606
SCHW,2025-12-15,0.1603693089462741,0.1975598730782135
SCHW,2025-12-16,0.1700754147515012,0.1912854442995445
SPX,2025-01-02,0.1626917946814717,0.1949058454737667
SPX,2025-01-03,0.1569499239158936,0.1396382747606364
SPX,2025-01-06,0.1573760528825853,0.1406834606717552
SPX,2025-01-07,0.1400229740555058,0.1446004982725457
SPX,2025-01-08,0.1434412144311344,0.1388974304226332
SPX,2025-01-10,0.1404127526284104,0.1389521918865142
SPX,2025-01-13,0.1432124011972696,0.1405687646598302
SPX,2025-01-14,0.1492133934728765,0.1350706926541329
SPX,2025-01-15,0.1254575836614749,0.1593417594870647
SPX,2025-01-16,0.1289944442751431,0.157787881740152
SPX,2025-01-17,0.1278145466795566,0.1626917946814714
SPX,2025-01-21,0.1250764515459303,0.1569499239158933
SPX,2025-01-22,0.1224118492961674,0.157376052882585
SPX,2025-01-23,0.1205112536354969,0.1400229740555055
SPX,2025-01-24,0.1284053920140669,0.1434412144311341
SPX,2025-01-27,0.1091169877692731,0.1404127526284101
SPX,2025-01-28,0.0988812110240948,0.1432124011972693
SPX,2025-01-29,0.0967352959581535,0.1492133934728762
SPX,2025-01-30,0.1070601505122082,0.1254575836614745
SPX,2025-01-31,0.1023442189817536,0.1289944442751427
SPX,2025-02-03,0.0896395543876066,0.1278145466795562
SPX,2025-02-04,0.0853145968232572,0.1250764515459298
SPX,2025-02-05,0.0894201644614699,0.1224118492961669
SPX,2025-02-06,0.1256077547044309,0.1205112536354964
SPX,2025-02-07,0.1190706247562222,0.1284053920140664
SPX,2025-02-10,0.1128023515247907,0.1091169877692726
SPX,2025-02-11,0.1126963289510689,0.0988812110240942
SPX,2025-02-12,0.1333076788730905,0.096735295958153
SPX,2025-02-13,0.1502170832198665,0.1070601505122077
SPX,2025-02-14,0.1669732575958873,0.1023442189817531
SPX,2025-02-18,0.1663970646255919,0.0896395543876061
SPX,2025-02-19,0.1834384640197906,0.0853145968232566
SPX,2025-02-20,0.1944474108084616,0.0894201644614693
SPX,2025-02-21,0.1924969139609665,0.1256077547044305
SPX,2025-02-24,0.2252345331253745,0.1190706247562217
SPX,2025-02-25,0.2251038373932498,0.1128023515247902
SPX,2025-02-26,0.2303013851112352,0.1126963289510683
SPX,2025-02-27,0.2281200023573777,0.1333076788730901
SPX,2025-02-28,0.2433279082000545,0.150217083219866
SPX,2025-03-03,0.2392894494214756,0.1669732575958869
SPX,2025-03-04,0.2376817703712656,0.1663970646255915
SPX,2025-03-05,0.2371006045247929,0.1834384640197903
SPX,2025-03-06,0.2217447689456942,0.1944474108084612
SPX,2025-03-07,0.2189336743706139,0.1924969139609662
SPX,2025-03-10,0.1855861688770612,0.2252345331253741
SPX,2025-03-11,0.1768602113706607,0.2251038373932494
SPX,2025-03-12,0.1914766113358317,0.2303013851112349
SPX,2025-03-13,0.1731445466854465,0.2281200023573774
SPX,2025-03-14,0.176171875597504,0.2433279082000543
SPX,2025-03-17,0.1751934533866172,0.2392894494214753
SPX,2025-03-18,0.1679327098777834,0.2376817703712654
SPX,2025-03-19,0.1620454324400087,0.2371006045247927
SPX,2025-03-20,0.2975358679005727,0.2217447689456939
SPX,2025-03-21,0.4086909131509523,0.2189336743706136
SPX,2025-03-24,0.3810928929118712,0.185586168877061
SPX,2025-03-25,0.3723148713222717,0.1768602113706604
SPX,2025-03-26,0.6494378543973331,0.1914766113358315
SPX,2025-03-27,0.6672144855666039,0.1731445466854463
SPX,2025-03-28,0.6749052071719175,0.1761718755975036
SPX,2025-03-31,0.675953032142644,0.1751934533866168
SPX,2025-04-01,0.6748041910808448,0.167932709877783
SPX,2025-04-02,0.6775069913448625,0.1620454324400084
SPX,2025-04-03,0.6352223153040132,0.2975358679005724
SPX,2025-04-04,0.5600628241400779,0.4086909131509521
SPX,2025-04-07,0.5711277356126737,0.3810928929118709
SPX,2025-04-08,0.5621337928531106,0.3723148713222715
SPX,2025-04-09,0.3346591492836495,0.649437854397333
SPX,2025-04-10,0.2692327563528306,0.6672144855666037
SPX,2025-04-11,0.2593712974991498,0.6749052071719173
SPX,2025-04-14,0.2584696325208032,0.6759530321426437
SPX,2025-04-15,0.2573865300737309,0.6748041910808446
SPX,2025-04-16,0.2133712799668487,0.6775069913448623
SPX,2025-04-17,0.2155727121708601,0.635222315304013
SPX,2025-04-21,0.1537547608278732,0.5600628241400777
SPX,2025-04-22,0.1473726722071205,0.5711277356126736
SPX,2025-04-23,0.1348482213449632,0.5621337928531104
SPX,2025-04-24,0.1048655852265815,0.3346591492836491
SPX,2025-04-25,0.1037720664233095,0.2692327563528301
SPX,2025-04-28,0.1802911406471108,0.2593712974991493
SPX,2025-04-29,0.1804881046963158,0.2584696325208027
SPX,2025-04-30,0.180799699017847,0.2573865300737304
SPX,2025-05-01,0.1809122978236017,0.2133712799668481
SPX,2025-05-02,0.1739810436864413,0.2155727121708596
SPX,2025-05-05,0.1645987313776835,0.1537547608278725
SPX,2025-05-06,0.1569904444336807,0.1473726722071197
SPX,2025-05-07,0.1923724373301199,0.1348482213449623
SPX,2025-05-08,0.1930401652526644,0.1048655852265803
SPX,2025-05-09,0.1986475050778953,0.1037720664233082
SPX,2025-05-12,0.1531626376694329,0.1802911406471101
SPX,2025-05-13,0.1528269147947525,0.1804881046963151
SPX,2025-05-14,0.1540938087958962,0.1807996990178463
SPX,2025-05-15,0.1526354078711421,0.180912297823601
SPX,2025-05-16,0.1495480589162852,0.1739810436864406
SPX,2025-05-19,0.1526957360463853,0.1645987313776828
SPX,2025-05-20,0.1510755258311147,0.15699044443368
SPX,2025-05-21,0.1246928318142089,0.1923724373301193
SPX,2025-05-22,0.1311200088949899,0.1930401652526637
SPX,2025-05-23,0.1209872268494524,0.1986475050778947
SPX,2025-05-27,0.0789053852655713,0.153162637669432
SPX,2025-05-28,0.072312816626048,0.1528269147947516
SPX,2025-05-29,0.0721908600570919,0.1540938087958953
SPX,2025-05-30,0.0993733701401294,0.1526354078711412
SPX,2025-06-02,0.107016538808444,0.1495480589162843
SPX,2025-06-03,0.1149430645115494,0.1526957360463844
SPX,2025-06-04,0.114971542561685,0.1510755258311139
SPX,2025-06-05,0.1118538442042158,0.1246928318142079
SPX,2025-06-06,0.1102636774812625,0.1311200088949889
SPX,2025-06-09,0.1226270966989,0.1209872268494513
SPX,2025-06-10,0.1206380622883599,0.0789053852655696
SPX,2025-06-11,0.1236014355612072,0.0723128166260463
SPX,2025-06-12,0.1243824211897381,0.0721908600570901
SPX,2025-06-13,0.0995097074735633,0.0993733701401281
SPX,2025-06-16,0.0968380196612355,0.1070165388084428
SPX,2025-06-17,0.0746453553022569,0.1149430645115482
SPX,2025-06-18,0.0732039155086862,0.1149715425616838
SPX,2025-06-20,0.0918514118817408,0.1118538442042146
SPX,2025-06-23,0.0898327501538025,0.1102636774812613
SPX,2025-06-24,0.0807211876271672,0.1226270966988989
SPX,2025-06-25,0.0792436202117728,0.1206380622883589
SPX,2025-06-26,0.0797879866442346,0.1236014355612061
SPX,2025-06-27,0.0776517451323429,0.1243824211897371
SPX,2025-06-30,0.0792323386713108,0.099509707473562
SPX,2025-07-01,0.079529857672455,0.0968380196612341
SPX,2025-07-02,0.0803974364827242,0.0746453553022553
SPX,2025-07-03,0.0697189636851561,0.0732039155086846
SPX,2025-07-07,0.0527719548748189,0.0918514118817395
SPX,2025-07-08,0.0518200437887758,0.0898327501538011
SPX,2025-07-09,0.0567360018750805,0.0807211876271657
SPX,2025-07-10,0.0564255895729411,0.0792436202117713
SPX,2025-07-11,0.0513533437050844,0.079787986644233
SPX,2025-07-14,0.0521417432093656,0.0776517451323412
SPX,2025-07-15,0.0491389100433597,0.0792323386713092
SPX,2025-07-16,0.0511808013890233,0.0795298576724534
SPX,2025-07-17,0.0525958417113439,0.0803974364827226
SPX,2025-07-18,0.0996035962669486,0.0697189636851542
SPX,2025-07-21,0.1267420664480166,0.0527719548748165
SPX,2025-07-22,0.1294220452588027,0.0518200437887733
SPX,2025-07-23,0.1285416188976488,0.0567360018750782
SPX,2025-07-24,0.1284624444961941,0.0564255895729388
SPX,2025-07-25,0.1333794693541803,0.0513533437050819
SPX,2025-07-28,0.1339662627245929,0.0521417432093631
SPX,2025-07-29,0.1445699163225373,0.0491389100433571
SPX,2025-07-30,0.1442182642632082,0.0511808013890207
SPX,2025-07-31,0.1414582217842381,0.0525958417113414
SPX,2025-08-01,0.1048166170066985,0.0996035962669473
SPX,2025-08-04,0.0845029204776073,0.1267420664480156
SPX,2025-08-05,0.0868650419636644,0.1294220452588016
SPX,2025-08-06,0.0832614782197195,0.1285416188976478
SPX,2025-08-07,0.0864857274923942,0.1284624444961931
SPX,2025-08-08,0.1086598693236595,0.1333794693541793
SPX,2025-08-11,0.1106948815036827,0.1339662627245919
SPX,2025-08-12,0.0971333980570014,0.1445699163225364
SPX,2025-08-13,0.0965198310411753,0.1442182642632073
SPX,2025-08-14,0.0976340333101246,0.1414582217842372
SPX,2025-08-15,0.102551809082688,0.1048166170066973
SPX,2025-08-18,0.1086211089394978,0.0845029204776058
SPX,2025-08-19,0.107428502226936,0.0868650419636629
SPX,2025-08-20,0.1124309147339017,0.083261478219718
SPX,2025-08-21,0.1113178111859152,0.0864857274923928
SPX,2025-08-22,0.0833190658276797,0.1086598693236584
SPX,2025-08-25,0.0795395898049533,0.1106948815036816
SPX,2025-08-26,0.0785332212815201,0.097133398057
SPX,2025-08-27,0.0869420813717585,0.0965198310411739
SPX,2025-08-28,0.0870673809662569,0.0976340333101233
SPX,2025-08-29,0.0769056782675953,0.1025518090826868
SPX,2025-09-02,0.0613925254648237,0.1086211089394966
SPX,2025-09-03,0.0629635139706979,0.1074285022269348
SPX,2025-09-04,0.0556373959118594,0.1124309147339005
SPX,2025-09-05,0.049062068622216,0.111317811185914
SPX,2025-09-08,0.0495252170816118,0.0833190658276781
SPX,2025-09-09,0.0655615244390609,0.0795395898049517
SPX,2025-09-10,0.0699835772971979,0.0785332212815185
SPX,2025-09-11,0.0656500112336408,0.0869420813717571
SPX,2025-09-12,0.0711771409450635,0.0870673809662555
SPX,2025-09-15,0.0688090426787298,0.0769056782675937
SPX,2025-09-16,0.0697563647532267,0.0613925254648218
SPX,2025-09-17,0.0693425135505344,0.062963513970696
SPX,2025-09-18,0.0672268974153062,0.0556373959118572
SPX,2025-09-19,0.0642359383681465,0.0490620686222135
SPX,2025-09-22,0.0631362500285905,0.0495252170816094
SPX,2025-09-23,0.0588911332639497,0.065561524439059
SPX,2025-09-24,0.0596455967140121,0.0699835772971961
SPX,2025-09-25,0.0532107179344148,0.0656500112336388
SPX,2025-09-26,0.1534617002862111,0.0711771409450618
SPX,2025-09-29,0.1749195511282821,0.068809042678728
SPX,2025-09-30,0.1734319842409374,0.0697563647532249
SPX,2025-10-01,0.1738682043584597,0.0693425135505326
SPX,2025-10-02,0.1759782938266522,0.0672268974153044
SPX,2025-10-03,0.1790041625883434,0.0642359383681445
SPX,2025-10-06,0.1870642684895213,0.0631362500285885
SPX,2025-10-07,0.185902437394054,0.0588911332639476
SPX,2025-10-08,0.1850955564588257,0.05964559671401
SPX,2025-10-09,0.1875484255405299,0.0532107179344124
SPX,2025-10-10,0.1102613598680308,0.1534617002862102
SPX,2025-10-13,0.1012551879743449,0.1749195511282814
SPX,2025-10-14,0.097907769748637,0.1734319842409366
SPX,2025-10-15,0.0995819549659389,0.1738682043584589
SPX,2025-10-16,0.1104422298102885,0.1759782938266515
SPX,2025-10-17,0.1096394346428583,0.1790041625883427
SPX,2025-10-20,0.100133043678193,0.1870642684895206
SPX,2025-10-21,0.121149776184775,0.1859024373940533
SPX,2025-10-22,0.1172639451962893,0.185095556458825
SPX,2025-10-23,0.1300025834326315,0.1875484255405292
SPX,2025-10-24,0.1224268677793243,0.1102613598680298
SPX,2025-10-27,0.1322288187572161,0.1012551879743438
SPX,2025-10-28,0.1321023851541353,0.0979077697486358
SPX,2025-10-29,0.1322312399733658,0.0995819549659377
SPX,2025-10-30,0.1488964463610878,0.1104422298102875
SPX,2025-10-31,0.1474456075353376,0.1096394346428572
SPX,2025-11-03,0.1507957214212977,0.1001330436781918
SPX,2025-11-04,0.1457713559748977,0.121149776184774
SPX,2025-11-05,0.1458863755666954,0.1172639451962883
SPX,2025-11-06,0.1549531246532005,0.1300025834326305
SPX,2025-11-07,0.1665661563791574,0.1224268677793233
SPX,2025-11-10,0.1667545470609216,0.1322288187572152
SPX,2025-11-11,0.1748196626083712,0.1321023851541344
SPX,2025-11-12,0.179396817131174,0.1322312399733648
SPX,2025-11-13,0.1565550816443813,0.1488964463610869
SPX,2025-11-14,0.1602483913694359,0.1474456075353367
SPX,2025-11-17,0.1494606973860504,0.1507957214212968
SPX,2025-11-18,0.1372569130439854,0.1457713559748968
SPX,2025-11-19,0.137748480402437,0.1458863755666946
SPX,2025-11-20,0.0904073420364603,0.1549531246531997
SPX,2025-11-21,0.0949679645157187,0.1665661563791566
SPX,2025-11-24,0.0706937381044876,0.1667545470609208
SPX,2025-11-25,0.0650243611633061,0.1748196626083704
SPX,2025-11-26,0.0586009219360502,0.1793968171311734
SPX,2025-11-28,0.0793152376010572,0.1565550816443806
SPX,2025-12-01,0.0747791756087329,0.1602483913694352
SPX,2025-12-02,0.0743814351427279,0.1494606973860496
SPX,2025-12-03,0.0902306014494254,0.1372569130439845
SPX,2025-12-04,0.102224151802056,0.1377484804024362
SPX,2025-12-05,0.1132922590389546,0.0904073420364591
SPX,2025-12-08,0.1168931855406172,0.0949679645157175
SPX,2025-12-09,0.1183051808578968,0.070693738104486
SPX,2025-12-10,0.1148143610163335,0.0650243611633043
SPX,2025-12-11,0.1146115799319323,0.0586009219360482
SPX,2025-12-12,0.0997238934151081,0.0793152376010556
SPX,2025-12-15,0.0995598357882556,0.0747791756087313
SPX,2025-12-16,0.1074020772056451,0.0743814351427263
WMT,2025-01-02,0.1513056600296493,0.2117295645258892
WMT,2025-01-03,0.1567835733843143,0.2073442333866503
WMT,2025-01-06,0.1546511646644091,0.2135462099509963
WMT,2025-01-07,0.1476617037339845,0.2076389614476789
WMT,2025-01-08,0.1466040427492592,0.1854150359160541
WMT,2025-01-10,0.1864109606102535,0.1470563195377422
WMT,2025-01-13,0.152419507209562,0.1679395406034601
WMT,2025-01-14,0.1330787893471061,0.1615977855106947
WMT,2025-01-15,0.1348236903738749,0.1522562849100807
WMT,2025-01-16,0.1441059021505863,0.1513805212231021
WMT,2025-01-17,0.1479571372216736,0.1513056600296489
WMT,2025-01-21,0.1479224139121965,0.1567835733843139
WMT,2025-01-22,0.1491455120400353,0.1546511646644087
WMT,2025-01-23,0.1510814622039407,0.147661703733984
WMT,2025-01-24,0.198837897143417,0.1466040427492588
WMT,2025-01-27,0.173883139932976,0.1864109606102531
WMT,2025-01-28,0.1780771539439453,0.1524195072095616
WMT,2025-01-29,0.1794405600651708,0.1330787893471056
WMT,2025-01-30,0.1815610191053959,0.1348236903738743
WMT,2025-01-31,0.1909712806044584,0.1441059021505858
WMT,2025-02-03,0.1891894765217658,0.147957137221673
WMT,2025-02-04,0.1837935434012435,0.1479224139121959
WMT,2025-02-05,0.3856372258390058,0.1491455120400348
WMT,2025-02-06,0.394089902839275,0.1510814622039402
WMT,2025-02-07,0.3918976195122296,0.1988378971434166
WMT,2025-02-10,0.4511211975242975,0.1738831399329755
WMT,2025-02-11,0.4539163616667419,0.1780771539439448
WMT,2025-02-12,0.4492670273532412,0.1794405600651704
WMT,2025-02-13,0.4560688743794283,0.1815610191053955
WMT,2025-02-14,0.4562346781136889,0.1909712806044579
WMT,2025-02-18,0.4670599729011419,0.1891894765217653
WMT,2025-02-19,0.4745060999261481,0.1837935434012431
WMT,2025-02-20,0.3450691613132108,0.3856372258390057
WMT,2025-02-21,0.3572450609212135,0.3940899028392748
WMT,2025-02-24,0.409845487992272,0.3918976195122295
WMT,2025-02-25,0.3103209236374937,0.4511211975242974
WMT,2025-02-26,0.3188417164054731,0.4539163616667418
WMT,2025-02-27,0.3036010696268074,0.4492670273532411
WMT,2025-02-28,0.2801757316911627,0.4560688743794283
WMT,2025-03-03,0.3419562521861452,0.4562346781136888
WMT,2025-03-04,0.335598499559695,0.4670599729011419
WMT,2025-03-05,0.332279441406242,0.474506099926148
WMT,2025-03-06,0.3323771422765502,0.3450691613132107
WMT,2025-03-07,0.3158099715910925,0.3572450609212134
WMT,2025-03-10,0.2570574463886161,0.4098454879922719
WMT,2025-03-11,0.3023854700529731,0.3103209236374937
WMT,2025-03-12,0.274950829967541,0.318841716405473
WMT,2025-03-13,0.2714276026181425,0.3036010696268074
WMT,2025-03-14,0.2692052711894302,0.2801757316911626
WMT,2025-03-17,0.2859337354211908,0.3419562521861451
WMT,2025-03-18,0.2611956665773148,0.3355984995596949
WMT,2025-03-19,0.2622453704898849,0.3322794414062419
WMT,2025-03-20,0.3064267796581554,0.3323771422765501
WMT,2025-03-21,0.393919815150887,0.3158099715910923
WMT,2025-03-24,0.3824450800100745,0.2570574463886159
WMT,2025-03-25,0.3696903508443924,0.3023854700529729
WMT,2025-03-26,0.6043769322695921,0.2749508299675407
WMT,2025-03-27,0.6051707788300632,0.2714276026181422
WMT,2025-03-28,0.6078978983277517,0.26920527118943
WMT,2025-03-31,0.5998465617580596,0.2859337354211906
WMT,2025-04-01,0.6042332394011884,0.2611956665773146
WMT,2025-04-02,0.6288654199263836,0.2622453704898846
WMT,2025-04-03,0.6125194552633312,0.3064267796581552
WMT,2025-04-04,0.5428809730048966,0.3939198151508868
WMT,2025-04-07,0.5480110246873058,0.3824450800100744
WMT,2025-04-08,0.5134742277863955,0.3696903508443922
WMT,2025-04-09,0.2878737406832012,0.6043769322695919
WMT,2025-04-10,0.2953839917362904,0.6051707788300631
WMT,2025-04-11,0.2756801164473099,0.6078978983277514
WMT,2025-04-14,0.2598500908687018,0.5998465617580595
WMT,2025-04-15,0.2594735703104247,0.6042332394011883
WMT,2025-04-16,0.1823635345766749,0.6288654199263833
WMT,2025-04-17,0.1667384043694479,0.6125194552633312
WMT,2025-04-21,0.1460398608996041,0.5428809730048965
WMT,2025-04-22,0.1206276074372869,0.5480110246873057
WMT,2025-04-23,0.1198803246600872,0.5134742277863954
WMT,2025-04-24,0.1462799379561297,0.2878737406832011
WMT,2025-04-25,0.1415790684523353,0.2953839917362904
WMT,2025-04-28,0.1417982291142546,0.2756801164473099
WMT,2025-04-29,0.1458574634451257,0.2598500908687017
WMT,2025-04-30,0.1399944514801006,0.2594735703104247
WMT,2025-05-01,0.1414952750697625,0.1823635345766748
WMT,2025-05-02,0.1598217006964036,0.1667384043694478
WMT,2025-05-05,0.1561239862760881,0.1460398608996039
WMT,2025-05-06,0.1520789659332875,0.1206276074372868
WMT,2025-05-07,0.164849504502437,0.1198803246600871
WMT,2025-05-08,0.1520799086241684,0.1462799379561296
WMT,2025-05-09,0.1529794174365244,0.1415790684523352
WMT,2025-05-12,0.1667894088783432,0.1417982291142545
WMT,2025-05-13,0.1597623744678052,0.1458574634451256
WMT,2025-05-14,0.1529511361601988,0.1399944514801005
WMT,2025-05-15,0.1695188463936336,0.1414952750697624
WMT,2025-05-16,0.1492952959149982,0.1598217006964035
WMT,2025-05-19,0.1485003481552842,0.1561239862760881
WMT,2025-05-20,0.1522088279504714,0.1520789659332874
WMT,2025-05-21,0.1521582583727476,0.164849504502437
WMT,2025-05-22,0.151931645789115,0.1520799086241684
WMT,2025-05-23,0.1513863322687448,0.1529794174365243
WMT,2025-05-27,0.1368781135434009,0.1667894088783431
WMT,2025-05-28,0.1572567471308102,0.1597623744678051
WMT,2025-05-29,0.1631806032244075,0.1529511361601987
WMT,2025-05-30,0.1245147071298017,0.1695188463936335
WMT,2025-06-02,0.0948959239739343,0.1492952959149981
WMT,2025-06-03,0.0898282540547251,0.1485003481552841
WMT,2025-06-04,0.1163189278214825,0.1522088279504713
WMT,2025-06-05,0.1248705499028735,0.1521582583727475
WMT,2025-06-06,0.1579979487215573,0.1519316457891149
WMT,2025-06-09,0.1580183131206058,0.1513863322687447
WMT,2025-06-10,0.1631446971124572,0.1368781135434008
WMT,2025-06-11,0.1558014006506469,0.1572567471308101
WMT,2025-06-12,0.1557754109906261,0.1631806032244074
WMT,2025-06-13,0.1515952533112824,0.1245147071298016
WMT,2025-06-16,0.1489757210531786,0.0948959239739342
WMT,2025-06-17,0.1569315939354199,0.089828254054725
WMT,2025-06-18,0.1558796755445138,0.1163189278214824
WMT,2025-06-20,0.1549154050322898,0.1248705499028734
WMT,2025-06-23,0.1805239003275319,0.1579979487215572
WMT,2025-06-24,0.1803730299194417,0.1580183131206057
WMT,2025-06-25,0.2029505985361816,0.163144697112457
WMT,2025-06-26,0.1953915303669866,0.1558014006506468
WMT,2025-06-27,0.1988324594484002,0.155775410990626
WMT,2025-06-30,0.1954156743732686,0.1515952533112823
WMT,2025-07-01,0.1913191626579138,0.1489757210531785
WMT,2025-07-02,0.1907864557250757,0.1569315939354198
WMT,2025-07-03,0.1827528938202998,0.1558796755445137
WMT,2025-07-07,0.1762555342425705,0.1549154050322897
WMT,2025-07-08,0.140945308917888,0.1805239003275318
WMT,2025-07-09,0.1407014729672887,0.1803730299194416
WMT,2025-07-10,0.1011362770488319,0.2029505985361815
WMT,2025-07-11,0.0993733016245916,0.1953915303669866
WMT,2025-07-14,0.0768133555370946,0.1988324594484002
WMT,2025-07-15,0.073276182165004,0.1954156743732685
WMT,2025-07-16,0.0870313157513392,0.1913191626579138
WMT,2025-07-17,0.0854049000827072,0.1907864557250756
WMT,2025-07-18,0.0837530196140083,0.1827528938202997
WMT,2025-07-21,0.0911527628524773,0.1762555342425705
WMT,2025-07-22,0.0970876025974646,0.1409453089178879
WMT,2025-07-23,0.2022489068521335,0.1407014729672886
WMT,2025-07-24,0.207938562137239,0.1011362770488318
WMT,2025-07-25,0.2075027231329528,0.0993733016245914
WMT,2025-07-28,0.2071999291309693,0.0768133555370945
WMT,2025-07-29,0.212135949864321,0.0732761821650038
WMT,2025-07-30,0.2575171440210332,0.0870313157513391
WMT,2025-07-31,0.2585992405062716,0.0854049000827071
WMT,2025-08-01,0.2619982363652223,0.0837530196140081
WMT,2025-08-04,0.2586689048716939,0.0911527628524771
WMT,2025-08-05,0.2584238343231611,0.0970876025974644
WMT,2025-08-06,0.1665709870888701,0.2022489068521334
WMT,2025-08-07,0.2831321257845042,0.207938562137239
WMT,2025-08-08,0.2780275229294259,0.2075027231329528
WMT,2025-08-11,0.2738847885632301,0.2071999291309693
WMT,2025-08-12,0.2755541963442777,0.2121359498643209
WMT,2025-08-13,0.2573806189436949,0.2575171440210332
WMT,2025-08-14,0.258142701173097,0.2585992405062716
WMT,2025-08-15,0.2666482856717759,0.2619982363652223
WMT,2025-08-18,0.2688814335014143,0.2586689048716939
WMT,2025-08-19,0.2827950666108728,0.2584238343231611
WMT,2025-08-20,0.286312612131944,0.1665709870888701
WMT,2025-08-21,0.1487535598079926,0.2831321257845042
WMT,2025-08-22,0.1426352450855483,0.2780275229294259
WMT,2025-08-25,0.1264203752933136,0.2738847885632302
WMT,2025-08-26,0.1764020270434564,0.2755541963442777
WMT,2025-08-27,0.1949693740492775,0.2573806189436949
WMT,2025-08-28,0.1918201706381192,0.258142701173097
WMT,2025-08-29,0.1934391950276693,0.266648285671776
WMT,2025-09-02,0.1983071030044242,0.2688814335014144
WMT,2025-09-03,0.1902898276247139,0.2827950666108728
WMT,2025-09-04,0.1886001888030847,0.286312612131944
WMT,2025-09-05,0.2008736245408071,0.1487535598079927
WMT,2025-09-08,0.1824294326834445,0.1426352450855483
WMT,2025-09-09,0.1832561809930796,0.1264203752933137
WMT,2025-09-10,0.1503936485588965,0.1764020270434564
WMT,2025-09-11,0.1033322835070131,0.1949693740492776
WMT,2025-09-12,0.094146086945146,0.1918201706381192
WMT,2025-09-15,0.0933115664886761,0.1934391950276693
WMT,2025-09-16,0.0926347418671429,0.1983071030044243
WMT,2025-09-17,0.0925104583220271,0.1902898276247139
WMT,2025-09-18,0.0895721773724123,0.1886001888030847
WMT,2025-09-19,0.0712306021783088,0.2008736245408072
WMT,2025-09-22,0.0742245884473211,0.1824294326834446
WMT,2025-09-23,0.0768566711069227,0.1832561809930796
WMT,2025-09-24,0.0788913762299266,0.1503936485588966
WMT,2025-09-25,0.0945375714116639,0.1033322835070132
WMT,2025-09-26,0.0942961141286486,0.0941460869451462
WMT,2025-09-29,0.0964636803198888,0.0933115664886762
WMT,2025-09-30,0.2672672202059168,0.092634741867143
WMT,2025-10-01,0.2606158329187351,0.0925104583220273
WMT,2025-10-02,0.3004122181309427,0.0895721773724125
WMT,2025-10-03,0.3024581029487929,0.071230602178309
WMT,2025-10-06,0.308026682256139,0.0742245884473212
WMT,2025-10-07,0.3136207498458853,0.0768566711069229
WMT,2025-10-08,0.3127903776244584,0.0788913762299267
WMT,2025-10-09,0.3041570144310813,0.094537571411664
WMT,2025-10-10,0.3090111211540823,0.0942961141286488
WMT,2025-10-13,0.325541718813617,0.0964636803198889
WMT,2025-10-14,0.2035671291125177,0.2672672202059168
WMT,2025-10-15,0.1677979484943487,0.2606158329187351
WMT,2025-10-16,0.136682865466877,0.3004122181309427
WMT,2025-10-17,0.1067614346592205,0.3024581029487929
WMT,2025-10-20,0.1186447798551175,0.308026682256139
WMT,2025-10-21,0.1314495873405756,0.3136207498458854
WMT,2025-10-22,0.1125451704239505,0.3127903776244584
WMT,2025-10-23,0.1181491061160077,0.3041570144310813
WMT,2025-10-24,0.136476119083267,0.3090111211540823
WMT,2025-10-27,0.1166277019828668,0.325541718813617
WMT,2025-10-28,0.1142012156280113,0.2035671291125177
WMT,2025-10-29,0.1071077014295793,0.1677979484943488
WMT,2025-10-30,0.1170340815396366,0.136682865466877
WMT,2025-10-31,0.1014469033210071,0.1067614346592206
WMT,2025-11-03,0.1018872209108746,0.1186447798551176
WMT,2025-11-04,0.1262886698625688,0.1314495873405757
WMT,2025-11-05,0.1260883892543398,0.1125451704239506
WMT,2025-11-06,0.3437218032769675,0.1181491061160078
WMT,2025-11-07,0.3598916593649966,0.1364761190832671
WMT,2025-11-10,0.367049983916724,0.1166277019828668
WMT,2025-11-11,0.3888593447189739,0.1142012156280113
WMT,2025-11-12,0.3962931803606943,0.1071077014295793
WMT,2025-11-13,0.3895962381049473,0.1170340815396366
WMT,2025-11-14,0.3870079704158799,0.1014469033210071
WMT,2025-11-17,0.3864351836126928,0.1018872209108747
WMT,2025-11-18,0.3637064396854497,0.1262886698625688
WMT,2025-11-19,0.3505350537296619,0.1260883892543398
WMT,2025-11-20,0.2185401256922917,0.3437218032769674
WMT,2025-11-21,0.2087898584473332,0.3598916593649966
WMT,2025-11-24,0.1788125398043126,0.367049983916724
WMT,2025-11-25,0.1930882313093038,0.3888593447189737
WMT,2025-11-26,0.1952060216081276,0.3962931803606942
WMT,2025-11-28,0.194575713339834,0.3895962381049472
WMT,2025-12-01,0.1948826414638054,0.3870079704158797
WMT,2025-12-02,0.2106271271267599,0.3864351836126927
WMT,2025-12-03,0.1938508254468058,0.3637064396854496
WMT,2025-12-04,0.19771699481712,0.3505350537296617
WMT,2025-12-05,0.1983999408205306,0.2185401256922916
WMT,2025-12-08,0.2022174268118468,0.208789858447333
WMT,2025-12-09,0.1981876032879442,0.1788125398043124
WMT,2025-12-10,0.1892338344690101,0.1930882313093036
WMT,2025-12-11,0.1476105308353527,0.1952060216081274
WMT,2025-12-12,0.1342970893293553,0.1945757133398338
WMT,2025-12-15,0.1321884515889934,0.1948826414638052
WMT,2025-12-16,0.1254508248156903,0.2106271271267597
