ticker,date,actual,predicted
ACN,2025-01-02,0.1707392083199965,0.20916023361626457
ACN,2025-01-03,0.1641374508068608,0.22229092019813385
ACN,2025-01-06,0.159840232206235,0.24325278895907082
ACN,2025-01-07,0.1546260476176697,0.24488006932773845
ACN,2025-01-08,0.156080147598721,0.2473751465085037
ACN,2025-01-10,0.1472405111810375,0.25454244943455384
ACN,2025-01-13,0.1422365665266236,0.25026639277254886
ACN,2025-01-14,0.1668918629669488,0.2497687049943629
ACN,2025-01-15,0.1699397888862037,0.24533123258990702
ACN,2025-01-16,0.1696886377745177,0.2460753524845755
ACN,2025-01-17,0.1745646964984512,0.23442148759385623
ACN,2025-01-21,0.1786494040272649,0.23656100183641637
ACN,2025-01-22,0.1819198790966962,0.23845644557961482
ACN,2025-01-23,0.2635018877753924,0.2369976373699889
ACN,2025-01-24,0.2646587622143224,0.24165183573456553
ACN,2025-01-27,0.2318924130183295,0.25706431962263376
ACN,2025-01-28,0.2263513551723822,0.25858660714932824
ACN,2025-01-29,0.2166696516552278,0.2483194056437087
ACN,2025-01-30,0.2042168069766458,0.2500892021934309
ACN,2025-01-31,0.2001230739318441,0.24836012900987028
ACN,2025-02-03,0.2003580292788985,0.24243183201180704
ACN,2025-02-04,0.1841055900728581,0.24419853926987384
ACN,2025-02-05,0.1677824549307449,0.23200124720736034
ACN,2025-02-06,0.2895511814574331,0.24772353147547627
ACN,2025-02-07,0.2904830222071009,0.24543389069168944
ACN,2025-02-10,0.2875817330960256,0.2491106259555591
ACN,2025-02-11,0.2771402249422742,0.24712391668069286
ACN,2025-02-12,0.2765868975030684,0.23848828944334227
ACN,2025-02-13,0.2794505951269608,0.2209306542316476
ACN,2025-02-14,0.2767028542895866,0.21697570009097225
ACN,2025-02-18,0.2808800772494612,0.21689685360606914
ACN,2025-02-19,0.2814415250072015,0.21789789290504624
ACN,2025-02-20,0.2836101685407816,0.226149694292622
ACN,2025-02-21,0.15571314789428,0.260903030121026
ACN,2025-02-24,0.1671760760492309,0.2610433453661736
ACN,2025-02-25,0.1783907250420013,0.2612658107312449
ACN,2025-02-26,0.1778511900066282,0.2590342385875345
ACN,2025-02-27,0.1849581928932296,0.26045340413651086
ACN,2025-02-28,0.1904037791900934,0.24182327969505146
ACN,2025-03-03,0.2431222109657213,0.24099586458001993
ACN,2025-03-04,0.2390866999215354,0.239005257417991
ACN,2025-03-05,0.2313652562124499,0.24018665653542476
ACN,2025-03-06,0.414031002962636,0.24426214521658857
ACN,2025-03-07,0.4318416928554364,0.25114997169109393
ACN,2025-03-10,0.4368754106153367,0.2558050611527338
ACN,2025-03-11,0.4347219004674684,0.2584065157022216
ACN,2025-03-12,0.4386013071535838,0.2522991075137987
ACN,2025-03-13,0.4275069847027093,0.2548789088540686
ACN,2025-03-14,0.4280229991324126,0.2575967172780951
ACN,2025-03-17,0.4345585046400014,0.2669025856836261
ACN,2025-03-18,0.4369462218011685,0.26337758426431845
ACN,2025-03-19,0.4407247485527679,0.25878494069472435
ACN,2025-03-20,0.3191259014166362,0.2770086680572523
ACN,2025-03-21,0.412718036759202,0.27886962447346153
ACN,2025-03-24,0.4079230563591435,0.2726469099943436
ACN,2025-03-25,0.4014780488081953,0.27380263053432174
ACN,2025-03-26,0.5425859492775922,0.2748294261572724
ACN,2025-03-27,0.5819238284324321,0.22717358355138462
ACN,2025-03-28,0.5811222712187565,0.22991207724509455
ACN,2025-03-31,0.5727473184062715,0.24251571423550503
ACN,2025-04-01,0.5693474813467571,0.2422318000451894
ACN,2025-04-02,0.5619624459055931,0.24110609868977273
ACN,2025-04-03,0.520289054963396,0.28591417636819016
ACN,2025-04-04,0.4428509410490576,0.3044713691943613
ACN,2025-04-07,0.4523877603029209,0.29583131733961765
ACN,2025-04-08,0.4522392209922407,0.29109302623794875
ACN,2025-04-09,0.3076257885988555,0.33109578763155145
ACN,2025-04-10,0.1939978724471919,0.3351286549896756
ACN,2025-04-11,0.1922025581807457,0.32265666638229074
ACN,2025-04-14,0.1891887061452578,0.3268035150526295
ACN,2025-04-15,0.1854214097071277,0.3256729734945066
ACN,2025-04-16,0.1641033925860712,0.2985036762390281
ACN,2025-04-17,0.1467937806669305,0.2856695437345179
ACN,2025-04-21,0.1025207525925538,0.2933914876666768
ACN,2025-04-22,0.1443240160198161,0.29294807242577164
ACN,2025-04-23,0.1376264631989625,0.2934495983165167
ACN,2025-04-24,0.1357775041604149,0.3053518646901873
ACN,2025-04-25,0.1428325270873074,0.31237070468428346
ACN,2025-04-28,0.2431501938115988,0.3033822148096672
ACN,2025-04-29,0.2413854736494604,0.30541563022862755
ACN,2025-04-30,0.2509392010998453,0.3060582569108672
ACN,2025-05-01,0.2507475958514886,0.3059453175291342
ACN,2025-05-02,0.2730654443367438,0.3102794570801503
ACN,2025-05-05,0.272391536930641,0.31154762900819766
ACN,2025-05-06,0.2568145405607691,0.31385164281489447
ACN,2025-05-07,0.2643256253635623,0.3152441394144933
ACN,2025-05-08,0.2650740362757328,0.3178957306343754
ACN,2025-05-09,0.2915973470436174,0.3168361309636719
ACN,2025-05-12,0.1919917439483204,0.33812802713933404
ACN,2025-05-13,0.1922084213397355,0.3338691389609895
ACN,2025-05-14,0.1937735747188358,0.3358893666004364
ACN,2025-05-15,0.1863862281746554,0.3363319396306216
ACN,2025-05-16,0.1697320292434816,0.33902578270652517
ACN,2025-05-19,0.1668034299239409,0.3038973400337488
ACN,2025-05-20,0.1786120408960463,0.30572507858120984
ACN,2025-05-21,0.175415116995681,0.30533682741798995
ACN,2025-05-22,0.1785339234526772,0.301826678255619
ACN,2025-05-23,0.1315489582357173,0.3037547154419022
ACN,2025-05-27,0.1147596764955827,0.31982989062655537
ACN,2025-05-28,0.1200653038707772,0.3195318678820636
ACN,2025-05-29,0.1190968022287552,0.3196227165555658
ACN,2025-05-30,0.1576557097486992,0.31984004749854467
ACN,2025-06-02,0.161259641421558,0.3122556745470213
ACN,2025-06-03,0.1636833697513665,0.3047159091781114
ACN,2025-06-04,0.1726241852678332,0.3067747752080022
ACN,2025-06-05,0.3817288363983556,0.3038007642055057
ACN,2025-06-06,0.4333492259182391,0.3046940863038926
ACN,2025-06-09,0.4535550428542216,0.30521120837876936
ACN,2025-06-10,0.4465234797310404,0.310162154399525
ACN,2025-06-11,0.4516024258005652,0.30779872156120486
ACN,2025-06-12,0.4519881749897181,0.3079017297551267
ACN,2025-06-13,0.4546975211882751,0.31229822641620986
ACN,2025-06-16,0.4582551780425751,0.2827451289615744
ACN,2025-06-17,0.4579748056138504,0.276883064863741
ACN,2025-06-18,0.4527857136213023,0.2799869975691363
ACN,2025-06-20,0.2485363635231679,0.3142431894028983
ACN,2025-06-23,0.1966203972834892,0.32903454783448416
ACN,2025-06-24,0.2026656844449703,0.3314249397362399
ACN,2025-06-25,0.2181266171097107,0.33384806689135355
ACN,2025-06-26,0.2446144572973821,0.33070814701768486
ACN,2025-06-27,0.2442527451851759,0.296613683704938
ACN,2025-06-30,0.2294523950103922,0.28774750786831105
ACN,2025-07-01,0.2308061289285045,0.27336609826978675
ACN,2025-07-02,0.2469914953146899,0.24438496758125103
ACN,2025-07-03,0.236099243042324,0.24539358944597983
ACN,2025-07-07,0.2351383419911037,0.27231448250154566
ACN,2025-07-08,0.2488252282157463,0.25282035907620937
ACN,2025-07-09,0.2349414179799919,0.24472285363166746
ACN,2025-07-10,0.2113382394548362,0.25301368856626794
ACN,2025-07-11,0.1683826587094486,0.24938201482918848
ACN,2025-07-14,0.2027555812742343,0.2508994845010281
ACN,2025-07-15,0.1918859531145117,0.24250960926096624
ACN,2025-07-16,0.2000848418964967,0.2546226987339655
ACN,2025-07-17,0.2171395906326713,0.2529448364157658
ACN,2025-07-18,0.2901673545552228,0.24350135890053315
ACN,2025-07-21,0.3099967998314047,0.24413416491084122
ACN,2025-07-22,0.3283852558544172,0.23905329359642397
ACN,2025-07-23,0.3344553440030799,0.2414756857740584
ACN,2025-07-24,0.3377558221420796,0.24991455923927572
ACN,2025-07-25,0.3199851388644404,0.252539380213903
ACN,2025-07-28,0.3262849872399683,0.2580042041278448
ACN,2025-07-29,0.3114743684386158,0.2549423683852481
ACN,2025-07-30,0.393721066014793,0.2555205057304708
ACN,2025-07-31,0.3893234777968794,0.25974184957361696
ACN,2025-08-01,0.3331572362131411,0.26780298301680855
ACN,2025-08-04,0.3273684253153759,0.27539135934768644
ACN,2025-08-05,0.2602841000723107,0.28407140127873487
ACN,2025-08-06,0.2624468395888024,0.28818527899659857
ACN,2025-08-07,0.2216992151612851,0.2755279101740373
ACN,2025-08-08,0.2155988808199047,0.27102451903175895
ACN,2025-08-11,0.233895993544985,0.26430276343154835
ACN,2025-08-12,0.233135177864809,0.24913688835196604
ACN,2025-08-13,0.1864145639203804,0.26561520653927034
ACN,2025-08-14,0.1907322434650743,0.2590131971676604
ACN,2025-08-15,0.1981000448333858,0.2613446451889339
ACN,2025-08-18,0.220039718471583,0.2612670900243255
ACN,2025-08-19,0.1794614357094429,0.27313290607746055
ACN,2025-08-20,0.1802336965579217,0.26685929754659304
ACN,2025-08-21,0.184136116728389,0.2696155111794641
ACN,2025-08-22,0.1480402155480247,0.2752500978511244
ACN,2025-08-25,0.151975717008301,0.2788846832544667
ACN,2025-08-26,0.2298859224757992,0.27112177145061583
ACN,2025-08-27,0.2268386426651204,0.27652028615089613
ACN,2025-08-28,0.2438602182379295,0.2762576521031898
ACN,2025-08-29,0.2139023960411503,0.2737860803915906
ACN,2025-09-02,0.2122519649183001,0.2736958075879322
ACN,2025-09-03,0.2501911863201028,0.2793313536478058
ACN,2025-09-04,0.2503364686790721,0.27796103156267593
ACN,2025-09-05,0.2419838567077083,0.27886769528778244
ACN,2025-09-08,0.240845282418051,0.27745363776605836
ACN,2025-09-09,0.2463215779693466,0.2771795189988082
ACN,2025-09-10,0.2074931868800184,0.28719175664484575
ACN,2025-09-11,0.2410587711293097,0.28930696733458566
ACN,2025-09-12,0.2651278906787646,0.2874988679474314
ACN,2025-09-15,0.3109556367383458,0.28750241941171273
ACN,2025-09-16,0.3091692531412854,0.2609002886612799
ACN,2025-09-17,0.3068592922186418,0.24953232566692876
ACN,2025-09-18,0.303576022359964,0.24571479218378972
ACN,2025-09-19,0.3036276318508338,0.236872806817376
ACN,2025-09-22,0.3069899136847964,0.2366980506610915
ACN,2025-09-23,0.2826659209482453,0.24370177835841442
ACN,2025-09-24,0.2786382620419652,0.24600867729916281
ACN,2025-09-25,0.2178196377772947,0.25220503719487275
ACN,2025-09-26,0.3185508246675126,0.26508819361699343
ACN,2025-09-29,0.2716666399058086,0.2754315719789918
ACN,2025-09-30,0.2724059105316034,0.2701158917066172
ACN,2025-10-01,0.281882305329082,0.27189379512481926
ACN,2025-10-02,0.3016335155754084,0.25998361643115986
ACN,2025-10-03,0.3209887546056754,0.2526703448971878
ACN,2025-10-06,0.3269436615521108,0.23650161493312974
ACN,2025-10-07,0.369265756548857,0.24201837822144817
ACN,2025-10-08,0.3677200736509984,0.23382534630477433
ACN,2025-10-09,0.3680569001700796,0.2418813894681054
ACN,2025-10-10,0.2808656954811823,0.2708944932936922
ACN,2025-10-13,0.2823629136159002,0.27628203165589305
ACN,2025-10-14,0.2847171697984481,0.2742722345167816
ACN,2025-10-15,0.2935149780165544,0.2716109292497279
ACN,2025-10-16,0.2508557122024719,0.27253143488456777
ACN,2025-10-17,0.2415800307824532,0.26623044374675875
ACN,2025-10-20,0.2392726120982152,0.26884839995720416
ACN,2025-10-21,0.1965417184632607,0.27928348137452585
ACN,2025-10-22,0.2272259011549947,0.27496058722655325
ACN,2025-10-23,0.2604500420195671,0.26167448305082147
ACN,2025-10-24,0.2794858117274174,0.2709158303645612
ACN,2025-10-27,0.2698214019587182,0.25977291897237575
ACN,2025-10-28,0.2611546890048186,0.2461969140722079
ACN,2025-10-29,0.2585117617780746,0.24294812731293952
ACN,2025-10-30,0.2573800749579953,0.24775425962022438
ACN,2025-10-31,0.2598561641807914,0.24361150577792756
ACN,2025-11-03,0.2685842466151473,0.24171080430146735
ACN,2025-11-04,0.2463925987931125,0.2502181698895225
ACN,2025-11-05,0.2197485969372943,0.25311853678258806
ACN,2025-11-06,0.1754630130924921,0.25288412424298407
ACN,2025-11-07,0.2763537254307576,0.25880057981510446
ACN,2025-11-10,0.3289890845940041,0.25976734820824865
ACN,2025-11-11,0.3447571909243103,0.256543874528884
ACN,2025-11-12,0.3381148159410603,0.25222521315500335
ACN,2025-11-13,0.3401866771892629,0.24189698310081065
ACN,2025-11-14,0.3616890535231278,0.24022201242884164
ACN,2025-11-17,0.3441867971895538,0.24126569318551888
ACN,2025-11-18,0.3791668063061583,0.2431193636928352
ACN,2025-11-19,0.399465355032372,0.239685794301695
ACN,2025-11-20,0.4097247959455594,0.24182801673069357
ACN,2025-11-21,0.3625826783589554,0.2700850757501183
ACN,2025-11-24,0.2906651143788024,0.2774889063769065
ACN,2025-11-25,0.2820255378765458,0.2795528021375054
ACN,2025-11-26,0.2838991455615963,0.28125152785360275
ACN,2025-11-28,0.2847228351946315,0.28101439272542716
ACN,2025-12-01,0.260895545222039,0.2759617637441887
ACN,2025-12-02,0.2687614077698795,0.25965607089735543
ACN,2025-12-03,0.1518729107991465,0.27522620437675815
ACN,2025-12-04,0.1542725902898669,0.2702675463653785
ACN,2025-12-05,0.1470641314759369,0.2756564350865173
ACN,2025-12-08,0.1520988107716585,0.27429269275061163
ACN,2025-12-09,0.1420390262179479,0.28137332943558335
ACN,2025-12-10,0.1323650440037556,0.26241610909404184
ACN,2025-12-11,0.1298504455796036,0.2586470232928143
ACN,2025-12-12,0.1279173689200501,0.25446895780505263
ACN,2025-12-15,0.112354133028317,0.25775942759152914
ACN,2025-12-16,0.107011529595033,0.2610204075284354
ADBE,2025-01-02,0.2849704782294188,0.3419882100788922
ADBE,2025-01-03,0.2692821637199954,0.3510078406426281
ADBE,2025-01-06,0.269317271288064,0.35322687229357735
ADBE,2025-01-07,0.2420918432372747,0.3574513417434799
ADBE,2025-01-08,0.2389475900520865,0.35579555852031314
ADBE,2025-01-10,0.1223963728420083,0.35688086356662885
ADBE,2025-01-13,0.1224495746390094,0.3609974833802538
ADBE,2025-01-14,0.1326607562194893,0.37007157799320356
ADBE,2025-01-15,0.131671021604328,0.36956712998669766
ADBE,2025-01-16,0.1547212418301351,0.37235827220956497
ADBE,2025-01-17,0.1525189724637752,0.3477410485454153
ADBE,2025-01-21,0.1359207809503066,0.34966503257152726
ADBE,2025-01-22,0.1397805170354599,0.35182216907017383
ADBE,2025-01-23,0.1421919370593412,0.3574635056524385
ADBE,2025-01-24,0.1430612153112639,0.35423047715552036
ADBE,2025-01-27,0.2517948658309419,0.3657609626220016
ADBE,2025-01-28,0.2599306401193501,0.3629376095422188
ADBE,2025-01-29,0.258555141913474,0.36282200306068946
ADBE,2025-01-30,0.2637167434786081,0.36336833141460967
ADBE,2025-01-31,0.2332154763561592,0.37091834462875156
ADBE,2025-02-03,0.2333782899051389,0.3705078928497252
ADBE,2025-02-04,0.2565394183655916,0.3704904007071625
ADBE,2025-02-05,0.2556501177916521,0.363830670584328
ADBE,2025-02-06,0.2871809541731426,0.36044522992827915
ADBE,2025-02-07,0.2845096033605441,0.35256280383701016
ADBE,2025-02-10,0.1885486219235481,0.37326613051760804
ADBE,2025-02-11,0.1571360022369535,0.3661880170814009
ADBE,2025-02-12,0.1429643882480329,0.36347748486659415
ADBE,2025-02-13,0.1489124845609778,0.3639196827929244
ADBE,2025-02-14,0.153134225323928,0.3541694864496028
ADBE,2025-02-18,0.1619156649782951,0.33915872978274925
ADBE,2025-02-19,0.1651438400719104,0.33995103292791057
ADBE,2025-02-20,0.1774000817906599,0.3378194415040823
ADBE,2025-02-21,0.1433705476137686,0.34172427612450135
ADBE,2025-02-24,0.2213947204332696,0.34018442238892055
ADBE,2025-02-25,0.2214699259068404,0.34393352758200507
ADBE,2025-02-26,0.2310458143418789,0.3450438317284079
ADBE,2025-02-27,0.7834623980502814,0.34482933963658485
ADBE,2025-02-28,0.8340988970120297,0.3370027793061931
ADBE,2025-03-03,0.8382198789555366,0.338753538191764
ADBE,2025-03-04,0.8302654079603297,0.3429283986703302
ADBE,2025-03-05,0.8194970478146358,0.3363193068891588
ADBE,2025-03-06,0.8253914806752444,0.33854012421149027
ADBE,2025-03-07,0.8163357264395392,0.3390339988872664
ADBE,2025-03-10,0.8256481942286761,0.34924674791402127
ADBE,2025-03-11,0.8418175769510452,0.3476516634451904
ADBE,2025-03-12,0.8358954928616406,0.3474515838839516
ADBE,2025-03-13,0.3114724997817011,0.36940604628510465
ADBE,2025-03-14,0.2610514776685054,0.38370930366599015
ADBE,2025-03-17,0.2494380980437205,0.38665988066412355
ADBE,2025-03-18,0.2327730177464328,0.38763331812942264
ADBE,2025-03-19,0.2331806765235883,0.3825028246120399
ADBE,2025-03-20,0.334623251051276,0.3001570584503044
ADBE,2025-03-21,0.4033857996133619,0.2785784291442882
ADBE,2025-03-24,0.3738179254443452,0.2832961122828348
ADBE,2025-03-25,0.3205780468926946,0.28367212777993855
ADBE,2025-03-26,0.5432411801449076,0.2874017932643058
ADBE,2025-03-27,0.5654010496209771,0.33876349196352457
ADBE,2025-03-28,0.566702403235445,0.35421325552433475
ADBE,2025-03-31,0.5669397054662199,0.35057955683684006
ADBE,2025-04-01,0.5666910535567682,0.33906254498904376
ADBE,2025-04-02,0.5610582687646818,0.3406198042818768
ADBE,2025-04-03,0.5299945851437057,0.357081816773416
ADBE,2025-04-04,0.4718498270678462,0.36706614666550735
ADBE,2025-04-07,0.4641025829715532,0.36983230462144656
ADBE,2025-04-08,0.4635447799855453,0.3707721160895232
ADBE,2025-04-09,0.3138749460931812,0.40762431891351536
ADBE,2025-04-10,0.2347725015144497,0.413527919059421
ADBE,2025-04-11,0.2347912151428233,0.4042606454406791
ADBE,2025-04-14,0.2295098400206797,0.3980736111147672
ADBE,2025-04-15,0.2271584196635638,0.3976972958949241
ADBE,2025-04-16,0.188447474554476,0.3620433902921677
ADBE,2025-04-17,0.1914218128256966,0.35475955557815386
ADBE,2025-04-21,0.1428413876538404,0.3621137572199026
ADBE,2025-04-22,0.1358978059247762,0.3718922883488507
ADBE,2025-04-23,0.1363701949816939,0.37244488339617104
ADBE,2025-04-24,0.1134316450318498,0.3874433842443983
ADBE,2025-04-25,0.0955414957629034,0.39758277188780655
ADBE,2025-04-28,0.1703721162855132,0.38594252631177206
ADBE,2025-04-29,0.171250333271442,0.3858025779674711
ADBE,2025-04-30,0.1700192228636645,0.38573636349207885
ADBE,2025-05-01,0.1677163380311153,0.3867643660046151
ADBE,2025-05-02,0.1991949713185385,0.3873701712122572
ADBE,2025-05-05,0.1935011015909896,0.39387211852445114
ADBE,2025-05-06,0.2113094650884738,0.39515668983793467
ADBE,2025-05-07,0.2283164586509508,0.3873655703890974
ADBE,2025-05-08,0.2249383163491666,0.39101092207006094
ADBE,2025-05-09,0.2516513328576987,0.3878064912239037
ADBE,2025-05-12,0.2103766518738021,0.40245041999985576
ADBE,2025-05-13,0.2128027789715194,0.40263882253724836
ADBE,2025-05-14,0.2126651379636575,0.402559277638044
ADBE,2025-05-15,0.2060677506254941,0.40180128856897
ADBE,2025-05-16,0.1957369742889159,0.402827934123307
ADBE,2025-05-19,0.2286036823108578,0.3976106741130113
ADBE,2025-05-20,0.2279226401645149,0.40065670118426705
ADBE,2025-05-21,0.2243743653393956,0.4029182597239761
ADBE,2025-05-22,0.2252137989402379,0.40315715912130634
ADBE,2025-05-23,0.2058650006058188,0.3902608093379814
ADBE,2025-05-27,0.1964433556092047,0.39774810388659254
ADBE,2025-05-28,0.200729475768044,0.39701989620737826
ADBE,2025-05-29,0.2005059579824791,0.3957963911262643
ADBE,2025-05-30,0.3374882601693512,0.39625192876848864
ADBE,2025-06-02,0.344105023842843,0.4070493049626157
ADBE,2025-06-03,0.3935496249081707,0.40945978588606635
ADBE,2025-06-04,0.3891848599318012,0.40586699058592923
ADBE,2025-06-05,0.3850336920933685,0.4062626445314001
ADBE,2025-06-06,0.3899504097003443,0.4057295924993279
ADBE,2025-06-09,0.3957526736340423,0.2907311408015536
ADBE,2025-06-10,0.4097122414659572,0.271201393406054
ADBE,2025-06-11,0.4096977836883386,0.2739747873978271
ADBE,2025-06-12,0.4098543723070965,0.27120675816678264
ADBE,2025-06-13,0.3126416737153646,0.3045387851622081
ADBE,2025-06-16,0.2891008921341049,0.3163930865594136
ADBE,2025-06-17,0.2320572678504022,0.3306558065624554
ADBE,2025-06-18,0.2239027939697433,0.329549416318289
ADBE,2025-06-20,0.2258910845990934,0.3259574258226026
ADBE,2025-06-23,0.2332778234945093,0.3156588280787927
ADBE,2025-06-24,0.2595784860380337,0.3078025149635721
ADBE,2025-06-25,0.2440087464662934,0.2824425914152441
ADBE,2025-06-26,0.2598703021520237,0.27944390852400475
ADBE,2025-06-27,0.2692367671797208,0.2782265833761534
ADBE,2025-06-30,0.2659247971169665,0.28695136127738075
ADBE,2025-07-01,0.2429192878371873,0.2791782679398598
ADBE,2025-07-02,0.2093286196521393,0.29340816838745054
ADBE,2025-07-03,0.2073646236777386,0.29072775403449636
ADBE,2025-07-07,0.2111734730567929,0.29050832287965594
ADBE,2025-07-08,0.2112339321918681,0.2648756830039318
ADBE,2025-07-09,0.1759587648480507,0.2538103161758024
ADBE,2025-07-10,0.1741532348009627,0.2452586028254836
ADBE,2025-07-11,0.125835628194554,0.249426816129399
ADBE,2025-07-14,0.1199595181698742,0.25259640749074885
ADBE,2025-07-15,0.1108633574164662,0.2462067974683801
ADBE,2025-07-16,0.1454202282965223,0.24434434795587676
ADBE,2025-07-17,0.1534604002076481,0.25262552535576477
ADBE,2025-07-18,0.1999755746884308,0.24280236273139744
ADBE,2025-07-21,0.2161684426596332,0.2408890146807154
ADBE,2025-07-22,0.1846527848030974,0.23856056283304153
ADBE,2025-07-23,0.235636097786053,0.23716671081326254
ADBE,2025-07-24,0.2432063978513664,0.23660264147552917
ADBE,2025-07-25,0.2572684003969129,0.24127504426618326
ADBE,2025-07-28,0.2640499150699549,0.24159072737311665
ADBE,2025-07-29,0.284554491384183,0.23478726740135444
ADBE,2025-07-30,0.3589807340066119,0.24063837278342956
ADBE,2025-07-31,0.3514576808424396,0.24504262356551854
ADBE,2025-08-01,0.333382777971431,0.24946717090420106
ADBE,2025-08-04,0.29441878569908,0.25092048792232174
ADBE,2025-08-05,0.293678522413097,0.25178051164702453
ADBE,2025-08-06,0.312369338974844,0.26520561608877197
ADBE,2025-08-07,0.283995386065951,0.25949857209322913
ADBE,2025-08-08,0.300887062976693,0.25701047344131905
ADBE,2025-08-11,0.2591976137779841,0.25643778865827027
ADBE,2025-08-12,0.3005458010094115,0.25717658270947763
ADBE,2025-08-13,0.2425797091100078,0.26023741527135336
ADBE,2025-08-14,0.2422012081299882,0.25557849134434346
ADBE,2025-08-15,0.2280539573948809,0.26082875767425356
ADBE,2025-08-18,0.2749465859743677,0.2536717382333649
ADBE,2025-08-19,0.2719462809001051,0.25489559786875565
ADBE,2025-08-20,0.2587605992697125,0.2531036403534333
ADBE,2025-08-21,0.271071155378365,0.25322338901349317
ADBE,2025-08-22,0.2797746599166897,0.2586544536609886
ADBE,2025-08-25,0.2847863342303239,0.2625842436400985
ADBE,2025-08-26,0.2662514867947905,0.265579988100177
ADBE,2025-08-27,0.2649901699851088,0.26278880394163695
ADBE,2025-08-28,0.2637241605596944,0.2599230976407155
ADBE,2025-08-29,0.2597302961902039,0.2542006247181274
ADBE,2025-09-02,0.2186450838723302,0.26206642147379244
ADBE,2025-09-03,0.2491736906993955,0.26231629716067956
ADBE,2025-09-04,0.2373485488584818,0.26370719056154646
ADBE,2025-09-05,0.2394846464618536,0.2682542274756007
ADBE,2025-09-08,0.2066373698412147,0.2796070075568229
ADBE,2025-09-09,0.1961761087298865,0.27026812465330086
ADBE,2025-09-10,0.228032911777209,0.25719070420270496
ADBE,2025-09-11,0.2281810717489673,0.2507953968472164
ADBE,2025-09-12,0.2404188553647335,0.23455010235570792
ADBE,2025-09-15,0.236867987645512,0.2170767154461802
ADBE,2025-09-16,0.2491762100141063,0.23084070573410287
ADBE,2025-09-17,0.2328507667962714,0.23786244635292708
ADBE,2025-09-18,0.2531807612523502,0.24052331921364659
ADBE,2025-09-19,0.2572758021517878,0.23927982853150073
ADBE,2025-09-22,0.268314982722101,0.24197211530194473
ADBE,2025-09-23,0.2680928408924483,0.24467902016185933
ADBE,2025-09-24,0.244189055482407,0.24338509032648872
ADBE,2025-09-25,0.2434817357321436,0.23555370379161628
ADBE,2025-09-26,0.2519896225519042,0.23699765343840865
ADBE,2025-09-29,0.2585684151635054,0.23725555309617852
ADBE,2025-09-30,0.2498728562745255,0.2413657211426587
ADBE,2025-10-01,0.2305840485136917,0.24608487185994105
ADBE,2025-10-02,0.1787841071575573,0.25119472494819284
ADBE,2025-10-03,0.1962617869872693,0.24759105559011935
ADBE,2025-10-06,0.2536764492676941,0.2472747808336016
ADBE,2025-10-07,0.3292033066791169,0.24442431870181686
ADBE,2025-10-08,0.3350394152489033,0.23792837175137965
ADBE,2025-10-09,0.3339109913635974,0.22917874255463555
ADBE,2025-10-10,0.2878995117896117,0.24169342917698455
ADBE,2025-10-13,0.2903098767607915,0.23959959289736443
ADBE,2025-10-14,0.277516608517847,0.24094407066075477
ADBE,2025-10-15,0.4402455336696909,0.2420704126733828
ADBE,2025-10-16,0.4388343672422325,0.24726755195808353
ADBE,2025-10-17,0.4358824004453037,0.24420017165106575
ADBE,2025-10-20,0.4088799251750251,0.2566060993021807
ADBE,2025-10-21,0.3346431240164217,0.26696308407078384
ADBE,2025-10-22,0.3357601411264186,0.26409895057052174
ADBE,2025-10-23,0.3472852283812986,0.2608800259213987
ADBE,2025-10-24,0.3475284303839247,0.2657761469563431
ADBE,2025-10-27,0.3388540089491573,0.2573279720212179
ADBE,2025-10-28,0.3493461571117742,0.23534443327719753
ADBE,2025-10-29,0.1743233839454864,0.28039810651946784
ADBE,2025-10-30,0.1792106881566481,0.27902873948301704
ADBE,2025-10-31,0.1791489730734902,0.2772501698936116
ADBE,2025-11-03,0.1944143948468765,0.2767063700531717
ADBE,2025-11-04,0.1940588093805479,0.27895267223938214
ADBE,2025-11-05,0.2090703805907213,0.240638173210051
ADBE,2025-11-06,0.1941132780087664,0.2428990874767989
ADBE,2025-11-07,0.2863238681167488,0.24151012808132355
ADBE,2025-11-10,0.2942531293362245,0.24322133007653113
ADBE,2025-11-11,0.2823342410512777,0.24721721640327718
ADBE,2025-11-12,0.268569839181181,0.2661852191070349
ADBE,2025-11-13,0.2761560640671568,0.2541843214079333
ADBE,2025-11-14,0.2822485459789101,0.2563920500188118
ADBE,2025-11-17,0.2680025031122801,0.25807140627303826
ADBE,2025-11-18,0.2755150932209859,0.25429424448792715
ADBE,2025-11-19,0.2510944513644471,0.24598886648932908
ADBE,2025-11-20,0.3206352911936803,0.24957638193041817
ADBE,2025-11-21,0.3170353303930343,0.27591943916640377
ADBE,2025-11-24,0.2964694663817083,0.2758009018116999
ADBE,2025-11-25,0.30091771158001,0.2718013446148648
ADBE,2025-11-26,0.2979648392527687,0.27201402196664803
ADBE,2025-11-28,0.299842406006183,0.2674230354934233
ADBE,2025-12-01,0.3266078371417179,0.2503026653993692
ADBE,2025-12-02,0.3364541958583611,0.23864035271542258
ADBE,2025-12-03,0.3410654696338416,0.24044538705523655
ADBE,2025-12-04,0.3418346396933541,0.23748600052259936
ADBE,2025-12-05,0.2381750716139722,0.27367322099995317
ADBE,2025-12-08,0.1986305692354409,0.28588133097804513
ADBE,2025-12-09,0.2123299947487384,0.2880692089812675
ADBE,2025-12-10,0.2099763155394775,0.28785153590339646
ADBE,2025-12-11,0.183897892333688,0.2870349319285197
ADBE,2025-12-12,0.1608068106240255,0.2710934453609295
ADBE,2025-12-15,0.1411142238678836,0.2659623776433019
ADBE,2025-12-16,0.1373282455286721,0.2665162206700687
AMD,2025-01-02,0.5097415956699977,0.34834288645988637
AMD,2025-01-03,0.4667972204603227,0.3750671932618838
AMD,2025-01-06,0.4331842378152693,0.38717985848013636
AMD,2025-01-07,0.427546006967097,0.37823499612454947
AMD,2025-01-08,0.3627427933738697,0.39473858088401703
AMD,2025-01-10,0.4317436711757438,0.4077464561484677
AMD,2025-01-13,0.4274178319746584,0.3879813926863414
AMD,2025-01-14,0.4499510758361029,0.3710730446738005
AMD,2025-01-15,0.4207276597730837,0.3903212102098167
AMD,2025-01-16,0.4343221514894392,0.3828174753806223
AMD,2025-01-17,0.4094966520723151,0.3669355869079553
AMD,2025-01-21,0.4810848060078332,0.37017194981878015
AMD,2025-01-22,0.5642865375697794,0.3696961513138593
AMD,2025-01-23,0.5646604555275317,0.3655368389281385
AMD,2025-01-24,0.5653063057385797,0.3661124557346966
AMD,2025-01-27,0.5129136043241854,0.4016802893216953
AMD,2025-01-28,0.514678212800676,0.39193457415703237
AMD,2025-01-29,0.4898372662649773,0.3512334735357374
AMD,2025-01-30,0.4813328437424369,0.3545925472946512
AMD,2025-01-31,0.4763368172194474,0.35565309966728714
AMD,2025-02-03,0.4750609404882191,0.33350971563663206
AMD,2025-02-04,0.4064953250627193,0.3490830395213459
AMD,2025-02-05,0.2284916670172729,0.3735283583104039
AMD,2025-02-06,0.2643701970690366,0.3651669372676865
AMD,2025-02-07,0.2671419484502731,0.3666512173705752
AMD,2025-02-10,0.2896360854772412,0.38343626885858734
AMD,2025-02-11,0.2919019291997501,0.36693389107708946
AMD,2025-02-12,0.360595638552418,0.3431898121749246
AMD,2025-02-13,0.3634411267548177,0.34107654463406833
AMD,2025-02-14,0.3407729491697754,0.326444701932825
AMD,2025-02-18,0.3771629915524104,0.3133511091543424
AMD,2025-02-19,0.3847190171234064,0.3203767824983535
AMD,2025-02-20,0.3900160648513971,0.3408417843059117
AMD,2025-02-21,0.4047549269778612,0.3569128289060156
AMD,2025-02-24,0.4220687854711348,0.3591957781620784
AMD,2025-02-25,0.395163980964046,0.36098427481052675
AMD,2025-02-26,0.4598894439633095,0.3617988291457014
AMD,2025-02-27,0.4024229142116222,0.36859221104844125
AMD,2025-02-28,0.4300433017849216,0.3745093111575013
AMD,2025-03-03,0.4487946241483875,0.37013771507510906
AMD,2025-03-04,0.4420890110966373,0.3759340089328794
AMD,2025-03-05,0.4567523050788549,0.375735537731361
AMD,2025-03-06,0.4192087117260549,0.36428351569317996
AMD,2025-03-07,0.4233531251385012,0.36560903973013703
AMD,2025-03-10,0.4488690056680497,0.3653465276877565
AMD,2025-03-11,0.4436114743099332,0.3595492684337763
AMD,2025-03-12,0.5070096534377777,0.3731024271613911
AMD,2025-03-13,0.5189749582925087,0.3799777504074343
AMD,2025-03-14,0.5424788307031907,0.3828086504845817
AMD,2025-03-17,0.5105081029088959,0.3774137403794303
AMD,2025-03-18,0.5082889420109098,0.38109856295575323
AMD,2025-03-19,0.4868347989926671,0.3752727021879874
AMD,2025-03-20,0.6567250970331554,0.3629531110853847
AMD,2025-03-21,0.7574765391428562,0.3650948226719993
AMD,2025-03-24,0.5735188560237662,0.39139970964370485
AMD,2025-03-25,0.5538303106924474,0.3868845192338217
AMD,2025-03-26,1.3797325802163585,0.40364361292538237
AMD,2025-03-27,1.4287256977727711,0.4129188600506293
AMD,2025-03-28,1.4673421604441128,0.41618134957307135
AMD,2025-03-31,1.4713045931888724,0.37904021645496816
AMD,2025-04-01,1.4731641113678755,0.37520430104658226
AMD,2025-04-02,1.5109594411431622,0.3688632191088964
AMD,2025-04-03,1.4473409935214887,0.41244206274191814
AMD,2025-04-04,1.3775128209397376,0.44112657958153034
AMD,2025-04-07,1.370842365465188,0.4510699475892969
AMD,2025-04-08,1.3260088670006671,0.44960969402364936
AMD,2025-04-09,0.7691318386534278,0.6457951155008455
AMD,2025-04-10,0.6094073326740697,0.6563859347159109
AMD,2025-04-11,0.5610592998639276,0.6464720625001855
AMD,2025-04-14,0.559739240321452,0.6432612375978917
AMD,2025-04-15,0.5619784658913127,0.6247140332526476
AMD,2025-04-16,0.3642015420450323,0.5509840381439273
AMD,2025-04-17,0.3543238471912005,0.5335170786551168
AMD,2025-04-21,0.2974381593994735,0.5225087142492328
AMD,2025-04-22,0.3474042039710091,0.523294036163453
AMD,2025-04-23,0.295918238601379,0.5413403001789439
AMD,2025-04-24,0.2309631649561714,0.5772933816048748
AMD,2025-04-25,0.2160714575987017,0.5877286255957397
AMD,2025-04-28,0.3008925220300573,0.5807084724736583
AMD,2025-04-29,0.3177024129395723,0.5839506809010899
AMD,2025-04-30,0.3506429597903878,0.5765585024500101
AMD,2025-05-01,0.3917337454671056,0.5787476728068554
AMD,2025-05-02,0.3910016473054228,0.5725463940799078
AMD,2025-05-05,0.4348253529735117,0.5806111529045891
AMD,2025-05-06,0.4177451570172284,0.583485178682294
AMD,2025-05-07,0.4380548425622148,0.5892633689139146
AMD,2025-05-08,0.4527142754295422,0.6024658292036718
AMD,2025-05-09,0.4563407544452734,0.6048149404405916
AMD,2025-05-12,0.4271634975610512,0.6179641430490757
AMD,2025-05-13,0.3933140867120147,0.6072676866353555
AMD,2025-05-14,0.3027538333977969,0.6100453702689388
AMD,2025-05-15,0.2978531617690604,0.6303834613802437
AMD,2025-05-16,0.3391677566567936,0.6303659119265949
AMD,2025-05-19,0.3430199614925243,0.6292517627744479
AMD,2025-05-20,0.3371709990544072,0.6244586180451513
AMD,2025-05-21,0.358612446732197,0.5980732352778142
AMD,2025-05-22,0.3483110841362228,0.5946665987610037
AMD,2025-05-23,0.4013291134894726,0.5726759977671231
AMD,2025-05-27,0.3708654526683816,0.6037975686168219
AMD,2025-05-28,0.3747719401534748,0.6077134359430709
AMD,2025-05-29,0.4022009216342304,0.6135046304814293
AMD,2025-05-30,0.4011304528366548,0.6175389876515149
AMD,2025-06-02,0.5536600490465283,0.6210637862975183
AMD,2025-06-03,0.5487994419574013,0.6155486045518946
AMD,2025-06-04,0.5509465513707468,0.6081493849129251
AMD,2025-06-05,0.5224614189410252,0.6161687295730424
AMD,2025-06-06,0.5214011773705755,0.6071840497824001
AMD,2025-06-09,0.5660015377774762,0.6100144520576323
AMD,2025-06-10,0.5770153571203718,0.6111056915808468
AMD,2025-06-11,0.5545451929665006,0.6138679424966643
AMD,2025-06-12,0.520150391952285,0.61175922076435
AMD,2025-06-13,0.5071258868697732,0.615263995994534
AMD,2025-06-16,0.4506664743454239,0.6401348828623636
AMD,2025-06-17,0.4533091985760589,0.640503855279274
AMD,2025-06-18,0.4547600049172643,0.6278709014032912
AMD,2025-06-20,0.4801808609336667,0.6249925644716599
AMD,2025-06-23,0.4874630470585716,0.6129639534487263
AMD,2025-06-24,0.3557528956992795,0.6006097321888013
AMD,2025-06-25,0.3715294931559374,0.5980674001311305
AMD,2025-06-26,0.3791857172234707,0.5985253124926123
AMD,2025-06-27,0.3794921768855606,0.6046895300504777
AMD,2025-06-30,0.4732540617397717,0.6141299575386472
AMD,2025-07-01,0.3846786321676133,0.5931543013330213
AMD,2025-07-02,0.3909879450989509,0.560061625687162
AMD,2025-07-03,0.4225976371488413,0.5566458805704053
AMD,2025-07-07,0.3820460593368368,0.5417476132617456
AMD,2025-07-08,0.4072125328669347,0.4190027127983533
AMD,2025-07-09,0.4101642865443816,0.38396312982127967
AMD,2025-07-10,0.3853667800095204,0.38929663108953816
AMD,2025-07-11,0.3922336330017926,0.38743681030631694
AMD,2025-07-14,0.4090146799794373,0.3763100704911014
AMD,2025-07-15,0.326677703029617,0.36622656806009407
AMD,2025-07-16,0.3154961161923,0.37236766130950494
AMD,2025-07-17,0.346717520496751,0.3699995853074815
AMD,2025-07-18,0.3597396237373083,0.38179230008770854
AMD,2025-07-21,0.3691259706353085,0.37998779589663906
AMD,2025-07-22,0.3680133581566401,0.35304029610256615
AMD,2025-07-23,0.5279333302539815,0.35220942350231704
AMD,2025-07-24,0.5855829108076941,0.35991512239656165
AMD,2025-07-25,0.5745697590960246,0.3552435386920985
AMD,2025-07-28,0.5328766896231721,0.36235682105055017
AMD,2025-07-29,0.5265131879409837,0.34927868468396356
AMD,2025-07-30,0.5914219053967723,0.355349822688185
AMD,2025-07-31,0.5924297861585677,0.37329181146296386
AMD,2025-08-01,0.5834563400735118,0.38326951037748014
AMD,2025-08-04,0.5668879859047136,0.3777912504478289
AMD,2025-08-05,0.6307177115244018,0.3775063557923476
AMD,2025-08-06,0.5308057211901798,0.40019116155603524
AMD,2025-08-07,0.4373663986422776,0.4186659106846007
AMD,2025-08-08,0.4614804538340819,0.4132444297407287
AMD,2025-08-11,0.4764738406315882,0.4071950108380898
AMD,2025-08-12,0.4822730687014003,0.4063102765049669
AMD,2025-08-13,0.3668341755653729,0.38036117968557054
AMD,2025-08-14,0.3736975502787076,0.37844644857229953
AMD,2025-08-15,0.3975737973667728,0.3857993109460224
AMD,2025-08-18,0.3990660266438745,0.38733114958210896
AMD,2025-08-19,0.2969916056770218,0.4088215309279735
AMD,2025-08-20,0.2954323435089424,0.3865414543506614
AMD,2025-08-21,0.4451449401645749,0.39423924515153014
AMD,2025-08-22,0.4122501079198702,0.4048421456659431
AMD,2025-08-25,0.4432161333932367,0.4088562519722738
AMD,2025-08-26,0.4495191991161844,0.39315880133764186
AMD,2025-08-27,0.4580842564666405,0.40060983615916573
AMD,2025-08-28,0.4700288785019027,0.39737396461034025
AMD,2025-08-29,0.4498728859559037,0.40765702290225536
AMD,2025-09-02,0.4501923719498769,0.39987576846740513
AMD,2025-09-03,0.4515555661815223,0.404235900908017
AMD,2025-09-04,0.4525569648931574,0.39871178382641914
AMD,2025-09-05,0.2689671334749875,0.4242719159281827
AMD,2025-09-08,0.274114780746838,0.4264062326211617
AMD,2025-09-09,0.2421663775737434,0.4321523488984916
AMD,2025-09-10,0.2138812070796356,0.4350624683254738
AMD,2025-09-11,0.1603858908430482,0.4162500959370541
AMD,2025-09-12,0.1521869662931717,0.3856983725974438
AMD,2025-09-15,0.1407939739408084,0.3874002634933892
AMD,2025-09-16,0.1389396477879815,0.3854293702016111
AMD,2025-09-17,0.142546875697162,0.38326748284364326
AMD,2025-09-18,0.1986759836687451,0.360112566836623
AMD,2025-09-19,0.2713718409861938,0.36814131948872386
AMD,2025-09-22,1.0840841325839754,0.3677898048561049
AMD,2025-09-23,1.0812559937889417,0.3720950692206544
AMD,2025-09-24,1.1384983033046847,0.37218898988485
AMD,2025-09-25,1.1526618700032651,0.36622168917468667
AMD,2025-09-26,1.2786217034041896,0.37106506012348306
AMD,2025-09-29,1.2807366458717535,0.3711466745082132
AMD,2025-09-30,1.2780490562420084,0.3678785050421171
AMD,2025-10-01,1.3079058552046607,0.3690384305443131
AMD,2025-10-02,1.33652711192144,0.37841676580670536
AMD,2025-10-03,1.3102717233376513,0.38336084611382987
AMD,2025-10-06,0.8590333443331788,0.5613404763620631
AMD,2025-10-07,0.8601607127431599,0.5597355318336502
AMD,2025-10-08,0.6955726675558351,0.5718605179743088
AMD,2025-10-09,0.7022462490575704,0.5813848524432211
AMD,2025-10-10,0.6240941656443902,0.6097878668479881
AMD,2025-10-13,0.623608232719271,0.5352653503382474
AMD,2025-10-14,0.6342031440988126,0.5330629746283928
AMD,2025-10-15,0.4920963782979602,0.5357569298116628
AMD,2025-10-16,0.530599176172539,0.5341460039300738
AMD,2025-10-17,0.5248719008271652,0.5055851308956527
AMD,2025-10-20,0.5112245576685465,0.549869705555623
AMD,2025-10-21,0.5545215033377682,0.5504466044033468
AMD,2025-10-22,0.5178276747253844,0.534708441120475
AMD,2025-10-23,0.6691509371634162,0.5378013259422458
AMD,2025-10-24,0.5363557260931989,0.5805437295304207
AMD,2025-10-27,0.5733442471305918,0.5781602459735199
AMD,2025-10-28,0.5826141609343088,0.5751664592790443
AMD,2025-10-29,0.7408241166609021,0.5703162422695216
AMD,2025-10-30,0.7500685957316695,0.5773217117775145
AMD,2025-10-31,0.7488414788900812,0.5468347990574614
AMD,2025-11-03,0.7494108315383696,0.5513765045220982
AMD,2025-11-04,0.7564362420420333,0.5610475394446475
AMD,2025-11-05,0.7390707625143036,0.5679114082127792
AMD,2025-11-06,0.7540974678969606,0.583658118006859
AMD,2025-11-07,0.7540158919544697,0.5956778755205788
AMD,2025-11-10,0.7768806193743327,0.6065365849233779
AMD,2025-11-11,0.7886573899847161,0.605566471460556
AMD,2025-11-12,0.6416949157171741,0.624285540493831
AMD,2025-11-13,0.6469306059485166,0.6139907602046262
AMD,2025-11-14,0.6565791646113547,0.6117314595323226
AMD,2025-11-17,0.6540108037092791,0.6108113323129309
AMD,2025-11-18,0.6353728453992256,0.6170842307328318
AMD,2025-11-19,0.6214735251890676,0.5582877139018245
AMD,2025-11-20,0.4430389575688633,0.5941492117007418
AMD,2025-11-21,0.4346423784559451,0.5933503278413577
AMD,2025-11-24,0.3522018636153443,0.6306694465021283
AMD,2025-11-25,0.2490341427591566,0.634116777045627
AMD,2025-11-26,0.1777813264995238,0.6612260306289175
AMD,2025-11-28,0.3056179245326483,0.6317986133745528
AMD,2025-12-01,0.3011998524668277,0.6150529718091832
AMD,2025-12-02,0.2950768242104157,0.6090377084980998
AMD,2025-12-03,0.3794875339816762,0.5921171002679869
AMD,2025-12-04,0.398587266719186,0.5835349328275466
AMD,2025-12-05,0.5190724829284333,0.597856058454407
AMD,2025-12-08,0.5139294703683416,0.5997614214376524
AMD,2025-12-09,0.513378064051132,0.5976750328322217
AMD,2025-12-10,0.5136217489856186,0.6074399218503889
AMD,2025-12-11,0.5135787054934274,0.6130955940169378
AMD,2025-12-12,0.4438094111858469,0.6370630045569187
AMD,2025-12-15,0.4337321159716208,0.6334107510721778
AMD,2025-12-16,0.4353778602631519,0.6354837008273997
NVDA,2025-01-02,0.5560782036088595,0.3379186807344957
NVDA,2025-01-03,0.5180169507781893,0.349847615532063
NVDA,2025-01-06,0.5386848258428127,0.34807262056951455
NVDA,2025-01-07,0.4108071638833011,0.3817858036666829
NVDA,2025-01-08,0.4504396586210925,0.3811616845917811
NVDA,2025-01-10,1.0453874129210878,0.38222344959100274
NVDA,2025-01-13,1.1561177059845236,0.3594825033906087
NVDA,2025-01-14,1.1721917569594826,0.3368440915011991
NVDA,2025-01-15,1.1547261360219925,0.3382122485703279
NVDA,2025-01-16,1.1627582163092285,0.3407195695949447
NVDA,2025-01-17,1.1418835068204507,0.3405457777612041
NVDA,2025-01-21,1.136957044801848,0.34269665898793966
NVDA,2025-01-22,1.1485612544428092,0.34435203024711064
NVDA,2025-01-23,1.17027346521324,0.35760045225287074
NVDA,2025-01-24,1.1703113014295747,0.365249333938921
NVDA,2025-01-27,0.638796201964311,0.5247730981020884
NVDA,2025-01-28,0.4924746122267787,0.556447020946657
NVDA,2025-01-29,0.4366723362155909,0.5496776733131833
NVDA,2025-01-30,0.4549581940429047,0.5461806889250088
NVDA,2025-01-31,0.3824852752690812,0.5477853391189662
NVDA,2025-02-03,0.3063025091290963,0.4761648795709322
NVDA,2025-02-04,0.3209619407029522,0.4322412572809708
NVDA,2025-02-05,0.2573707907561184,0.44835094541421133
NVDA,2025-02-06,0.3469070946927077,0.45177332801162173
NVDA,2025-02-07,0.3885104454929308,0.43767897370891967
NVDA,2025-02-10,0.3783515372897423,0.46846630361864366
NVDA,2025-02-11,0.4315433246450081,0.490876070063335
NVDA,2025-02-12,0.6168288058899942,0.49248448425804053
NVDA,2025-02-13,0.6319680918054695,0.4941399568490438
NVDA,2025-02-14,0.7222239882378751,0.5021645864194519
NVDA,2025-02-18,0.7366942930822032,0.506661208275134
NVDA,2025-02-19,0.7473908744863478,0.4972602193123861
NVDA,2025-02-20,0.7619086295154733,0.49689844855487064
NVDA,2025-02-21,0.7826234765265118,0.5096849973876518
NVDA,2025-02-24,0.7994324420888153,0.5010512930680813
NVDA,2025-02-25,0.8173262415004239,0.5044657307848133
NVDA,2025-02-26,0.8721722883202415,0.5242410997542448
NVDA,2025-02-27,0.7623442474886987,0.5461914331090367
NVDA,2025-02-28,0.7841019252448914,0.5620114445389247
NVDA,2025-03-03,0.6227271678418473,0.5897741268882846
NVDA,2025-03-04,0.6481676008929169,0.5936226201313322
NVDA,2025-03-05,0.6524245048136071,0.5824690192400397
NVDA,2025-03-06,0.5624941075071136,0.5777954660676901
NVDA,2025-03-07,0.5620762921803482,0.5695115374164272
NVDA,2025-03-10,0.4770906781662703,0.55270149935569
NVDA,2025-03-11,0.4852723337030259,0.5507529365655099
NVDA,2025-03-12,0.5042779744273623,0.5730753019864115
NVDA,2025-03-13,0.5131507459914896,0.566245392103901
NVDA,2025-03-14,0.4124868753849877,0.5770811677065342
NVDA,2025-03-17,0.4105958802810677,0.5738604415379965
NVDA,2025-03-18,0.403159536934219,0.5882912855804148
NVDA,2025-03-19,0.3859457607232927,0.5727752841898955
NVDA,2025-03-20,0.5271989738244741,0.5810556582231412
NVDA,2025-03-21,0.6061965797267964,0.5583721120661065
NVDA,2025-03-24,0.6154117389445698,0.5727941369280226
NVDA,2025-03-25,0.6109915452841278,0.5568470991163167
NVDA,2025-03-26,1.1147808808847346,0.5908334003952866
NVDA,2025-03-27,1.1538383108985515,0.5902840426282508
NVDA,2025-03-28,1.1635502903968526,0.6005135860592513
NVDA,2025-03-31,1.1615240315192006,0.5833215943421857
NVDA,2025-04-01,1.160650355918647,0.5920323294188806
NVDA,2025-04-02,1.2170753983553817,0.5684571105535392
NVDA,2025-04-03,1.1526292588238738,0.6016842584753226
NVDA,2025-04-04,1.105749829468633,0.6100770019489062
NVDA,2025-04-07,1.096375693310908,0.6275945154260564
NVDA,2025-04-08,1.1071317863210066,0.6208581935986912
NVDA,2025-04-09,0.6585992000185118,0.725569064412281
NVDA,2025-04-10,0.6253244109636142,0.7217316404139243
NVDA,2025-04-11,0.6150215190286482,0.6995643044953229
NVDA,2025-04-14,0.6154679022290445,0.7013569342784935
NVDA,2025-04-15,0.6099326298630021,0.6960856945541558
NVDA,2025-04-16,0.4868993427555962,0.6310579654501669
NVDA,2025-04-17,0.4506008463329502,0.6239576580151482
NVDA,2025-04-21,0.3356071231380836,0.6214714829981355
NVDA,2025-04-22,0.3469032379046041,0.6312361087841597
NVDA,2025-04-23,0.3343195235549437,0.5696245329103413
NVDA,2025-04-24,0.31241803164001,0.5863227402738597
NVDA,2025-04-25,0.2624673941231448,0.5870013720298949
NVDA,2025-04-28,0.3159090561418372,0.5704913407074659
NVDA,2025-04-29,0.3742911554909749,0.5700703872647482
NVDA,2025-04-30,0.3752453415988403,0.5670641348183199
NVDA,2025-05-01,0.3957053518467791,0.5761159531527186
NVDA,2025-05-02,0.4001238655298607,0.5676586528782173
NVDA,2025-05-05,0.3901712156415991,0.5699649632407768
NVDA,2025-05-06,0.4004357176439675,0.5698694631012243
NVDA,2025-05-07,0.4300007792799559,0.574254809454937
NVDA,2025-05-08,0.427684549706089,0.5823023201250829
NVDA,2025-05-09,0.4351934860201208,0.5858590887616564
NVDA,2025-05-12,0.3892641752846364,0.6015794606532315
NVDA,2025-05-13,0.3009309360466344,0.6056117444424672
NVDA,2025-05-14,0.2723796902995863,0.6105823451496661
NVDA,2025-05-15,0.317044921596981,0.6133440413861977
NVDA,2025-05-16,0.3272282508268294,0.6090997401687377
NVDA,2025-05-19,0.3524716087321933,0.6053805697909852
NVDA,2025-05-20,0.3450618287691933,0.5905606219252784
NVDA,2025-05-21,0.3346087890073976,0.5692360504068417
NVDA,2025-05-22,0.3360283821156321,0.5695373745192884
NVDA,2025-05-23,0.3206061552284239,0.5485141543910872
NVDA,2025-05-27,0.2936890177263748,0.5676294596304853
NVDA,2025-05-28,0.2968652036295586,0.5525759188467535
NVDA,2025-05-29,0.2656038512440979,0.5575340452293613
NVDA,2025-05-30,0.2373776237190433,0.5669552350565661
NVDA,2025-06-02,0.2410347582860904,0.5543812346030113
NVDA,2025-06-03,0.2088896731766622,0.5515180153815129
NVDA,2025-06-04,0.2117946290294707,0.5419663592110671
NVDA,2025-06-05,0.2069017273486001,0.5407142630879296
NVDA,2025-06-06,0.1999391313164341,0.5184863174136443
NVDA,2025-06-09,0.2328653840649091,0.5192192622646191
NVDA,2025-06-10,0.3039615380003373,0.5084192079196543
NVDA,2025-06-11,0.2932869763189278,0.5102467375569042
NVDA,2025-06-12,0.2950889930351236,0.5060220599105056
NVDA,2025-06-13,0.2500713490882748,0.5190965166259872
NVDA,2025-06-16,0.3170646317683698,0.5228852861409936
NVDA,2025-06-17,0.3260128249851801,0.525441342239817
NVDA,2025-06-18,0.3267935975660132,0.5225764185788977
NVDA,2025-06-20,0.3198725541762623,0.5230079713890108
NVDA,2025-06-23,0.3172820668412693,0.5050180677743226
NVDA,2025-06-24,0.3092549466706857,0.5051303238362985
NVDA,2025-06-25,0.2495260087353954,0.5119164864327207
NVDA,2025-06-26,0.2494648374771918,0.5126794476722735
NVDA,2025-06-27,0.2466925003973384,0.5050083201942823
NVDA,2025-06-30,0.3037923259320426,0.5104633293243493
NVDA,2025-07-01,0.2220144961275124,0.4999770881010354
NVDA,2025-07-02,0.2071984588567851,0.46922592167715255
NVDA,2025-07-03,0.2156090973925328,0.4676227932300608
NVDA,2025-07-07,0.2138542268778457,0.466536195057778
NVDA,2025-07-08,0.271027778992427,0.36626761734156343
NVDA,2025-07-09,0.2779275423633843,0.33149209871465934
NVDA,2025-07-10,0.2847970814130815,0.3303358898716301
NVDA,2025-07-11,0.2870348519829554,0.3296275134065228
NVDA,2025-07-14,0.2880460308287159,0.3291800874403211
NVDA,2025-07-15,0.2318893543320888,0.3129257668426474
NVDA,2025-07-16,0.2497973315482362,0.31394310470207315
NVDA,2025-07-17,0.2552249235663363,0.29891893988938056
NVDA,2025-07-18,0.2870819799884505,0.3000583371980091
NVDA,2025-07-21,0.3318721846708252,0.2971510823946406
NVDA,2025-07-22,0.2985982658943476,0.2850095135843873
NVDA,2025-07-23,0.2856070803259646,0.2863448053791989
NVDA,2025-07-24,0.2780135464572033,0.2845792974548326
NVDA,2025-07-25,0.2780765448995348,0.28451662805648414
NVDA,2025-07-28,0.2702759025285148,0.28593558825374055
NVDA,2025-07-29,0.26463929479775,0.2796057232223945
NVDA,2025-07-30,0.2533022373141091,0.2774042017961378
NVDA,2025-07-31,0.2481352203465995,0.2792091328508263
NVDA,2025-08-01,0.2133332195937365,0.2888411279682587
NVDA,2025-08-04,0.1263903159201909,0.2936731198625903
NVDA,2025-08-05,0.2204541678197308,0.29877140264908925
NVDA,2025-08-06,0.2159871781685606,0.2959649337507826
NVDA,2025-08-07,0.2090657796190422,0.28383143799459104
NVDA,2025-08-08,0.2230541311411866,0.25970030222616436
NVDA,2025-08-11,0.2319121516303801,0.24010730256342572
NVDA,2025-08-12,0.2373367559320802,0.23555543434852522
NVDA,2025-08-13,0.2333251298903581,0.2423963218422862
NVDA,2025-08-14,0.2360968487671911,0.24205888064123582
NVDA,2025-08-15,0.2871261166160852,0.24361475982421166
NVDA,2025-08-18,0.2887786948411754,0.2507467269967226
NVDA,2025-08-19,0.2385026364956995,0.26644168338315355
NVDA,2025-08-20,0.2427320600747348,0.2661153691089684
NVDA,2025-08-21,0.273886534231126,0.2617041498880185
NVDA,2025-08-22,0.2565923998700758,0.2661392452986685
NVDA,2025-08-25,0.2647223545367898,0.2610606864171711
NVDA,2025-08-26,0.3353368551531156,0.233329474046179
NVDA,2025-08-27,0.3353486483407146,0.23308256958970108
NVDA,2025-08-28,0.3351205026115209,0.23297741429456
NVDA,2025-08-29,0.2821685005711116,0.250858859547339
NVDA,2025-09-02,0.275196392309308,0.25119517044327494
NVDA,2025-09-03,0.3115919431926769,0.25053478628856385
NVDA,2025-09-04,0.3565698178648896,0.25293594794750407
NVDA,2025-09-05,0.3152482077996243,0.25746716066912434
NVDA,2025-09-08,0.3562592119691977,0.256515233623389
NVDA,2025-09-09,0.3997606052942162,0.25613013236228666
NVDA,2025-09-10,0.3566482731830269,0.26400925362890026
NVDA,2025-09-11,0.357248427885954,0.26317418841038287
NVDA,2025-09-12,0.3570489952359604,0.24876018522013232
NVDA,2025-09-15,0.3709587457040662,0.2554901758118174
NVDA,2025-09-16,0.371976122628341,0.26334968796364255
NVDA,2025-09-17,0.3247151613707957,0.2539256394460435
NVDA,2025-09-18,0.2938124177432036,0.2690540487955809
NVDA,2025-09-19,0.3012679867728895,0.2629731547748629
NVDA,2025-09-22,0.249985936630673,0.2766884175664795
NVDA,2025-09-23,0.1907014647193858,0.28126812728456374
NVDA,2025-09-24,0.1977622778342607,0.28026489023158685
NVDA,2025-09-25,0.2051107568389921,0.26692626870253916
NVDA,2025-09-26,0.3579355567213343,0.2635998602892496
NVDA,2025-09-29,0.3699354507411545,0.25349844457615267
NVDA,2025-09-30,0.4183125086969331,0.24922963464974826
NVDA,2025-10-01,0.4167509657024842,0.24848000971307385
NVDA,2025-10-02,0.4187628627515243,0.24925453533702693
NVDA,2025-10-03,0.4222187658777994,0.2538510976036984
NVDA,2025-10-06,0.4194666496855744,0.2621419476603968
NVDA,2025-10-07,0.4207605998429866,0.2569204255070425
NVDA,2025-10-08,0.3991295723936998,0.25902997035223096
NVDA,2025-10-09,0.3884172607483591,0.2627618653869346
NVDA,2025-10-10,0.319874372446448,0.28537548075223584
NVDA,2025-10-13,0.3196680504826346,0.29285615816114535
NVDA,2025-10-14,0.2798585865246426,0.3104693461832923
NVDA,2025-10-15,0.2847451187047645,0.30237480898072416
NVDA,2025-10-16,0.33330659136495,0.29848113217985
NVDA,2025-10-17,0.3394497771333086,0.2849287884220528
NVDA,2025-10-20,0.3351737660385965,0.27801557590250503
NVDA,2025-10-21,0.4192501082909011,0.2526574585703084
NVDA,2025-10-22,0.4359027458532565,0.25534961984494153
NVDA,2025-10-23,0.4905350058578327,0.2541209583814536
NVDA,2025-10-24,0.4788896479568655,0.2704201612559193
NVDA,2025-10-27,0.5410677875255192,0.27602880326383755
NVDA,2025-10-28,0.5015613587269899,0.2918381643487892
NVDA,2025-10-29,0.4688389980110575,0.2844259622721199
NVDA,2025-10-30,0.4886997595967674,0.3012372014798399
NVDA,2025-10-31,0.505257804269193,0.30400097190274555
NVDA,2025-11-03,0.4834142154011934,0.30525310572680253
NVDA,2025-11-04,0.4660521808357164,0.3089243475383073
NVDA,2025-11-05,0.4980098935091916,0.299347850998009
NVDA,2025-11-06,0.4891047272825817,0.3050453007330061
NVDA,2025-11-07,0.4892007648456042,0.3076345186667518
NVDA,2025-11-10,0.385025054376324,0.33744540251424815
NVDA,2025-11-11,0.3795693199476465,0.342977205528412
NVDA,2025-11-12,0.3917284740733767,0.33876694061016127
NVDA,2025-11-13,0.3633192439339558,0.3428404861298196
NVDA,2025-11-14,0.3612444844210872,0.3439952903243272
NVDA,2025-11-17,0.359007444777765,0.32190662742124654
NVDA,2025-11-18,0.3333013389614897,0.32632933476779674
NVDA,2025-11-19,0.3174857542064016,0.33636802564805834
NVDA,2025-11-20,0.2709011331906172,0.33988366293445404
NVDA,2025-11-21,0.2745267202085819,0.33433786842301
NVDA,2025-11-24,0.2595477465489773,0.3466709179812896
NVDA,2025-11-25,0.2160334887668109,0.34864044229907576
NVDA,2025-11-26,0.2265466120315681,0.34232613695532815
NVDA,2025-11-28,0.2693827459202629,0.3414361234306798
NVDA,2025-12-01,0.2563749912301208,0.34135029006579576
NVDA,2025-12-02,0.255872457090926,0.3384179811398107
NVDA,2025-12-03,0.315006596363662,0.3341081358359187
NVDA,2025-12-04,0.3096881879324732,0.33374138043486257
NVDA,2025-12-05,0.3796222156347248,0.3330806660639849
NVDA,2025-12-08,0.3768063095833042,0.33403776549011743
NVDA,2025-12-09,0.4063252380293348,0.3378374108066947
NVDA,2025-12-10,0.4046851915725547,0.3397961886884489
NVDA,2025-12-11,0.3926870959504471,0.33445314834359624
NVDA,2025-12-12,0.3466538875306857,0.34080554283301356
NVDA,2025-12-15,0.3509417776561221,0.33726360968302393
NVDA,2025-12-16,0.3555315840928474,0.3339024377266835
PLTR,2025-01-02,0.7013632523874127,0.5459663973971061
PLTR,2025-01-03,0.617875540995826,0.582766224694616
PLTR,2025-01-06,0.6347092432483811,0.5893219609849331
PLTR,2025-01-07,0.4446735016864426,0.6322194962768745
PLTR,2025-01-08,0.4006526542340809,0.635740063611233
PLTR,2025-01-10,0.4865363809745163,0.6393821225189829
PLTR,2025-01-13,0.4711328747539621,0.5972460398168385
PLTR,2025-01-14,0.4897569850989887,0.6088059631735763
PLTR,2025-01-15,0.4833200260752842,0.5946463929033743
PLTR,2025-01-16,0.4833711654738603,0.5907100541992717
PLTR,2025-01-17,0.472381752675379,0.5902268310641499
PLTR,2025-01-21,1.108998138358377,0.5689788209661351
PLTR,2025-01-22,1.14262954025956,0.5769880952893046
PLTR,2025-01-23,1.1892030198625314,0.5972053650264296
PLTR,2025-01-24,1.1924827063126695,0.6086737823452149
PLTR,2025-01-27,1.1071724750920855,0.6353999768222247
PLTR,2025-01-28,1.1679906879759436,0.6535798176251012
PLTR,2025-01-29,1.1468224377634972,0.644086309923113
PLTR,2025-01-30,1.1557255075891344,0.6347590548521652
PLTR,2025-01-31,1.1586113676108472,0.6349907819572811
PLTR,2025-02-03,1.1525925690212235,0.6109179409200147
PLTR,2025-02-04,0.8808826648160447,0.6565020855936836
PLTR,2025-02-05,0.9211701616582726,0.6495984470798267
PLTR,2025-02-06,0.8057091548144746,0.6621400107519991
PLTR,2025-02-07,0.9522427637524914,0.6646958266527218
PLTR,2025-02-10,0.8659873508736876,0.6713447104968899
PLTR,2025-02-11,0.8931673649447214,0.602343982026532
PLTR,2025-02-12,0.8243747431319536,0.5992246013763455
PLTR,2025-02-13,0.8211453040891434,0.5706837755568713
PLTR,2025-02-14,0.7909913952075045,0.5473858264687373
PLTR,2025-02-18,0.7099803948019479,0.5317380443808748
PLTR,2025-02-19,0.7754395895650525,0.6352750492093749
PLTR,2025-02-20,0.8939898355287837,0.6355245862877985
PLTR,2025-02-21,0.972868573592771,0.6510203210270703
PLTR,2025-02-24,0.9586759591262244,0.6688955715575686
PLTR,2025-02-25,0.9732296529507776,0.6364839791687735
PLTR,2025-02-26,1.049283870897712,0.6501398704745914
PLTR,2025-02-27,1.0459687929064596,0.6632687483165876
PLTR,2025-02-28,1.132655609473113,0.6707284983512928
PLTR,2025-03-03,1.1284182128222024,0.6357888402644081
PLTR,2025-03-04,1.14938125571523,0.6365992558641808
PLTR,2025-03-05,1.1015646603313134,0.6698745275344452
PLTR,2025-03-06,0.9196331023554254,0.720470267369881
PLTR,2025-03-07,0.9029514334709072,0.7229377766227638
PLTR,2025-03-10,0.6818220308854337,0.7649765371875339
PLTR,2025-03-11,0.6945414038199972,0.76546570698407
PLTR,2025-03-12,0.709235520568387,0.7665499820627968
PLTR,2025-03-13,0.6596669090500887,0.748523867663853
PLTR,2025-03-14,0.6035712263091756,0.7573742811011339
PLTR,2025-03-17,0.6038177186833253,0.711848479701447
PLTR,2025-03-18,0.5676475921052291,0.7269087570333976
PLTR,2025-03-19,0.5760807977191157,0.718252223068008
PLTR,2025-03-20,0.6144995771190812,0.7176146267209284
PLTR,2025-03-21,0.7967647968384912,0.6890725317331936
PLTR,2025-03-24,0.7655928684434025,0.7315179558375496
PLTR,2025-03-25,0.7629833071251665,0.7071384101200745
PLTR,2025-03-26,1.229149704821101,0.7367347526233498
PLTR,2025-03-27,1.2385736284495612,0.745623460448195
PLTR,2025-03-28,1.211240558755951,0.7552627415182135
PLTR,2025-03-31,1.2223021072988698,0.7124923405259667
PLTR,2025-04-01,1.2479472709618116,0.7191700076500628
PLTR,2025-04-02,1.2966449258890909,0.729047767700267
PLTR,2025-04-03,1.2652261575185852,0.7321635196562192
PLTR,2025-04-04,1.0650045063914346,0.7699042422190043
PLTR,2025-04-07,1.0553967340386667,0.7948594113929631
PLTR,2025-04-08,1.0736439212029787,0.7938890957429732
PLTR,2025-04-09,0.7466104207422177,0.8650804652042763
PLTR,2025-04-10,0.6940523175701151,0.866157756824633
PLTR,2025-04-11,0.6823726718170467,0.8243208396682871
PLTR,2025-04-14,0.6763881236306825,0.8252980546575301
PLTR,2025-04-15,0.6424591971823251,0.8214947410813014
PLTR,2025-04-16,0.5263298309416016,0.775796126008849
PLTR,2025-04-17,0.5662717454191744,0.7668856156686703
PLTR,2025-04-21,0.4952562127986726,0.7940395336572514
PLTR,2025-04-22,0.9388929227185856,0.7940918589276094
PLTR,2025-04-23,0.8870220404843472,0.7997729629288948
PLTR,2025-04-24,0.9039486215348508,0.816795994679505
PLTR,2025-04-25,0.8889553502087065,0.8227163131315868
PLTR,2025-04-28,0.8869678582006594,0.7930198162473963
PLTR,2025-04-29,0.9641589365837862,0.801411735621156
PLTR,2025-04-30,0.9631702002969712,0.7984140180761046
PLTR,2025-05-01,0.9606881564663164,0.7281393645639594
PLTR,2025-05-02,0.9064328437851163,0.7442769176428214
PLTR,2025-05-05,0.9176938712203968,0.7417547651906168
PLTR,2025-05-06,0.5707224428643635,0.7927094242475368
PLTR,2025-05-07,0.6338886509036192,0.7922806060907087
PLTR,2025-05-08,0.5168045117015441,0.8195094137753786
PLTR,2025-05-09,0.5070168910613975,0.8058783395026543
PLTR,2025-05-12,0.5066576189562899,0.8072631880970043
PLTR,2025-05-13,0.2947843596802106,0.7562504559935949
PLTR,2025-05-14,0.2755643387122993,0.7533820376955563
PLTR,2025-05-15,0.4825237333716703,0.7274807649176677
PLTR,2025-05-16,0.4804294278719518,0.7210181940577848
PLTR,2025-05-19,0.4568232105137682,0.7257338764085742
PLTR,2025-05-20,0.4778122122933302,0.6948129632139777
PLTR,2025-05-21,0.6068631686659314,0.69373645579521
PLTR,2025-05-22,0.684845748937556,0.7122658627195179
PLTR,2025-05-23,0.7003377975613825,0.7059345744532837
PLTR,2025-05-27,0.6995453568247041,0.7037004791314894
PLTR,2025-05-28,0.7054344250335748,0.7234030769947722
PLTR,2025-05-29,0.7031402718653241,0.7058993897492619
PLTR,2025-05-30,0.6078885817534068,0.7276350130528924
PLTR,2025-06-02,0.619930505019257,0.699293249427096
PLTR,2025-06-03,0.637459864555219,0.6961598867975499
PLTR,2025-06-04,0.6191220457874103,0.6796942840043491
PLTR,2025-06-05,0.4175856226292179,0.7117780632786647
PLTR,2025-06-06,0.3177262040658228,0.6966908583713534
PLTR,2025-06-09,0.2997263512142042,0.6944460763120044
PLTR,2025-06-10,0.3041921176866545,0.6829456386269971
PLTR,2025-06-11,0.2853451747882246,0.6832866658793105
PLTR,2025-06-12,0.5963676955575956,0.6342940883168656
PLTR,2025-06-13,0.6325856050851323,0.6251710342648894
PLTR,2025-06-16,0.6400952085762545,0.6226970777219194
PLTR,2025-06-17,0.6403828195102405,0.6327324779339539
PLTR,2025-06-18,0.6438317919506491,0.6243102051825566
PLTR,2025-06-20,0.6650787077653225,0.6490438802589232
PLTR,2025-06-23,0.6582597503002356,0.6537658956284143
PLTR,2025-06-24,0.659075915597961,0.6515098684639725
PLTR,2025-06-25,0.6593605447855607,0.6365469710147431
PLTR,2025-06-26,0.6571853330071072,0.63647706193233
PLTR,2025-06-27,0.4228606522441337,0.6842630352500414
PLTR,2025-06-30,0.3976714001164314,0.6897680273775448
PLTR,2025-07-01,0.2787317349170295,0.6867761048158453
PLTR,2025-07-02,0.2794052329343181,0.6499741821549982
PLTR,2025-07-03,0.293858513727906,0.6474007053761577
PLTR,2025-07-07,0.2906882599361681,0.6098723813863144
PLTR,2025-07-08,0.3203907829207915,0.5351111860147799
PLTR,2025-07-09,0.344777930247168,0.5024748923989355
PLTR,2025-07-10,0.3402044077939772,0.5088514918080329
PLTR,2025-07-11,0.3435035081061849,0.5087336989315765
PLTR,2025-07-14,0.2807141288226853,0.5358226202775578
PLTR,2025-07-15,0.2888372923297956,0.5280041717110013
PLTR,2025-07-16,0.288332259135988,0.5384636503944823
PLTR,2025-07-17,0.2766455087094852,0.5318843086021932
PLTR,2025-07-18,0.3121958397336933,0.5290229843035621
PLTR,2025-07-21,0.3619775888036251,0.5063281639359777
PLTR,2025-07-22,0.4768668996814422,0.4993463205961732
PLTR,2025-07-23,0.4755370285012845,0.5051868582450472
PLTR,2025-07-24,0.4696618702464156,0.5025434507356801
PLTR,2025-07-25,0.4700254621990591,0.5068345820066189
PLTR,2025-07-28,0.5000130756257463,0.5149246141288284
PLTR,2025-07-29,0.4810181764804401,0.5101196962631163
PLTR,2025-07-30,0.5073236953347129,0.4904549518185262
PLTR,2025-07-31,0.5291575995191223,0.49183269951123787
PLTR,2025-08-01,0.519960484882598,0.4327687696351408
PLTR,2025-08-04,0.518589514886556,0.4492607324919557
PLTR,2025-08-05,0.6102511147550932,0.4587616434137412
PLTR,2025-08-06,0.5566613038850206,0.4604332938504678
PLTR,2025-08-07,0.5409404835083728,0.45777172772168445
PLTR,2025-08-08,0.5224134362905133,0.4173440703714758
PLTR,2025-08-11,0.5218126474149251,0.43813155251678976
PLTR,2025-08-12,0.5219282946469006,0.4178866112585134
PLTR,2025-08-13,0.524802322994637,0.4160156455915229
PLTR,2025-08-14,0.5393683582126544,0.41463220209792867
PLTR,2025-08-15,0.5378498635745776,0.4100071928330438
PLTR,2025-08-18,0.5415640256410371,0.403104699340288
PLTR,2025-08-19,0.2390503139391064,0.4563773713705476
PLTR,2025-08-20,0.2375065094803258,0.4632476172527327
PLTR,2025-08-21,0.2569573459354122,0.4695959993394446
PLTR,2025-08-22,0.2634669510106673,0.48057581229256213
PLTR,2025-08-25,0.3282815324854833,0.48097524656117474
PLTR,2025-08-26,0.3343780797772207,0.416693237295006
PLTR,2025-08-27,0.3093905017168455,0.4265750456389726
PLTR,2025-08-28,0.3622523788619911,0.42569172585944187
PLTR,2025-08-29,0.3541027866366022,0.42205535591720234
PLTR,2025-09-02,0.3603755441734567,0.39637837266789033
PLTR,2025-09-03,0.3560641092720426,0.40774975287667686
PLTR,2025-09-04,0.4130384640195608,0.39929435163305793
PLTR,2025-09-05,0.3788112459579609,0.40127567294757055
PLTR,2025-09-08,0.4158023927768164,0.40718065592732805
PLTR,2025-09-09,0.3922950416374888,0.41838416208205
PLTR,2025-09-10,0.4059474519217452,0.4159733756452399
PLTR,2025-09-11,0.3922126132089791,0.4230074762892082
PLTR,2025-09-12,0.3514552487850943,0.4149635994666007
PLTR,2025-09-15,0.3507974284696962,0.4197511584820917
PLTR,2025-09-16,0.3536845962401746,0.4154468144405986
PLTR,2025-09-17,0.3395087447707796,0.4184144345293697
PLTR,2025-09-18,0.2547878472468789,0.42832204237103466
PLTR,2025-09-19,0.457472311569513,0.42976943895396674
PLTR,2025-09-22,0.4965554019758608,0.4320507239674652
PLTR,2025-09-23,0.4936167145674139,0.3929545696474976
PLTR,2025-09-24,0.4860984067875619,0.3899804803138076
PLTR,2025-09-25,0.4869131952274991,0.3689110861483927
PLTR,2025-09-26,0.5696539671143839,0.36226913952551965
PLTR,2025-09-29,0.5709880817399727,0.3604946973709888
PLTR,2025-09-30,0.5660438152425954,0.3583906995512665
PLTR,2025-10-01,0.5597544791736467,0.3561738737767056
PLTR,2025-10-02,0.5544535158615698,0.36145648710138456
PLTR,2025-10-03,0.3779157782382956,0.41570701932580295
PLTR,2025-10-06,0.3426936704693403,0.42260605598645096
PLTR,2025-10-07,0.3343727451417551,0.4150941122610851
PLTR,2025-10-08,0.3693477636511357,0.41517391211117044
PLTR,2025-10-09,0.3987554350725323,0.4147299703419434
PLTR,2025-10-10,0.2858585795643673,0.4024699783513209
PLTR,2025-10-13,0.3013719317849282,0.39447176947880686
PLTR,2025-10-14,0.2988523165208323,0.3945908367694567
PLTR,2025-10-15,0.3625371436020325,0.3928107919618222
PLTR,2025-10-16,0.3868501974448119,0.3882142719652222
PLTR,2025-10-17,0.3969832722232271,0.37423321478771526
PLTR,2025-10-20,0.4099396923917625,0.38057736500788786
PLTR,2025-10-21,0.6334154066784704,0.3793454984737916
PLTR,2025-10-22,0.6078479819132251,0.39476474856057736
PLTR,2025-10-23,0.7059975895815398,0.40117899887694886
PLTR,2025-10-24,0.7001463024946617,0.41596183016398636
PLTR,2025-10-27,0.8219808208961829,0.4140041936262498
PLTR,2025-10-28,0.8259480479197336,0.4086253976817419
PLTR,2025-10-29,0.7997851381356194,0.37274524350041266
PLTR,2025-10-30,0.8536591939770344,0.3842430509658967
PLTR,2025-10-31,0.832271968080761,0.38928180746313357
PLTR,2025-11-03,0.7899451377190337,0.391176185834932
PLTR,2025-11-04,0.7079548222767833,0.43486519003894963
PLTR,2025-11-05,0.7079099024834743,0.42530869649304276
PLTR,2025-11-06,0.6852461058069469,0.4439281585559127
PLTR,2025-11-07,0.6687459813245998,0.4402915129573143
PLTR,2025-11-10,0.5245337251211609,0.47700558285586775
PLTR,2025-11-11,0.540194038888867,0.457111315962197
PLTR,2025-11-12,0.5444244908641642,0.43268019960271253
PLTR,2025-11-13,0.4533635572556119,0.4415824329331112
PLTR,2025-11-14,0.4476780114908514,0.4432088150341097
PLTR,2025-11-17,0.4553464268253136,0.4010110294423938
PLTR,2025-11-18,0.4605921119618824,0.4095282440719386
PLTR,2025-11-19,0.4515491599933764,0.4085259515640434
PLTR,2025-11-20,0.2510224295403856,0.4156991894691542
PLTR,2025-11-21,0.2416478191840951,0.4103467142623003
PLTR,2025-11-24,0.1779279398606458,0.45879055895708354
PLTR,2025-11-25,0.2060793378792293,0.4574481893726772
PLTR,2025-11-26,0.2209854607109452,0.4582502356596896
PLTR,2025-11-28,0.2763938463286097,0.43487462893214757
PLTR,2025-12-01,0.2713094366354742,0.4344395411144639
PLTR,2025-12-02,0.2780164954017103,0.4181499790008507
PLTR,2025-12-03,0.4092908059345068,0.4227405462563073
PLTR,2025-12-04,0.4685197041055989,0.4219450369677214
PLTR,2025-12-05,0.4972045780638526,0.4436832583878544
PLTR,2025-12-08,0.4957514052874281,0.4364334530728976
PLTR,2025-12-09,0.4960932051381731,0.44701898334230944
PLTR,2025-12-10,0.4742250211939783,0.44815645058338566
PLTR,2025-12-11,0.5004581307034265,0.44921651580632227
PLTR,2025-12-12,0.5042307996282914,0.44537458795912876
PLTR,2025-12-15,0.5129145530127627,0.4428291259644216
PLTR,2025-12-16,0.4970127098932442,0.44706854778725535
SCHW,2025-01-02,0.2416010955929458,0.2544667552208173
SCHW,2025-01-03,0.3643244392766971,0.2673303433610817
SCHW,2025-01-06,0.3677454343088283,0.2636476546425484
SCHW,2025-01-07,0.3014396988417736,0.2750493552433518
SCHW,2025-01-08,0.3117309170961839,0.27568411446103813
SCHW,2025-01-10,0.3017992902660981,0.27608893155586745
SCHW,2025-01-13,0.3158011609623614,0.2524000007983605
SCHW,2025-01-14,0.3061424254433551,0.2521692124204886
SCHW,2025-01-15,0.3064084613600099,0.24429479294208584
SCHW,2025-01-16,0.3183893663838206,0.2501090773664904
SCHW,2025-01-17,0.3208443514584821,0.24828407256895516
SCHW,2025-01-21,0.1779425235910682,0.2720484758118833
SCHW,2025-01-22,0.1756483211943536,0.2713055813858336
SCHW,2025-01-23,0.1846175777539561,0.27855703135318965
SCHW,2025-01-24,0.1868623214813523,0.2805483961619746
SCHW,2025-01-27,0.2227476801960833,0.28204021864260537
SCHW,2025-01-28,0.2523624741634953,0.25840881216001077
SCHW,2025-01-29,0.2598346867376388,0.257511522258986
SCHW,2025-01-30,0.2413830381024957,0.2590484948436915
SCHW,2025-01-31,0.2426889560758609,0.2613841216341682
SCHW,2025-02-03,0.256738788127485,0.2603156652214055
SCHW,2025-02-04,0.2523397757342013,0.27564388795706585
SCHW,2025-02-05,0.2527142477132221,0.25411480621177895
SCHW,2025-02-06,0.2360676353483682,0.24939624006921612
SCHW,2025-02-07,0.2358394876786695,0.2472238605315467
SCHW,2025-02-10,0.2147098386149905,0.23736077174872688
SCHW,2025-02-11,0.1528042069721001,0.24382505130006285
SCHW,2025-02-12,0.1493396811813708,0.24577597702699097
SCHW,2025-02-13,0.1727583347452559,0.23877419696674854
SCHW,2025-02-14,0.1844249735626085,0.24000058458918336
SCHW,2025-02-18,0.2332486664795892,0.23693387064273297
SCHW,2025-02-19,0.2673240038528379,0.2294988919689578
SCHW,2025-02-20,0.2694604179377982,0.22771159348685444
SCHW,2025-02-21,0.2659723602020087,0.2348167732132049
SCHW,2025-02-24,0.3284915580552532,0.23295461376144666
SCHW,2025-02-25,0.3582729920842056,0.23229023339184085
SCHW,2025-02-26,0.3938517612639876,0.233649186019398
SCHW,2025-02-27,0.3940074888958366,0.23346327974970624
SCHW,2025-02-28,0.4721171785617432,0.23861153701005802
SCHW,2025-03-03,0.4675317868629526,0.2413568758712485
SCHW,2025-03-04,0.4171236331508766,0.2576365587173647
SCHW,2025-03-05,0.4110352913238709,0.264504999169713
SCHW,2025-03-06,0.3998813264328152,0.26609234303795526
SCHW,2025-03-07,0.391491119373697,0.2624316012169807
SCHW,2025-03-10,0.270545098991168,0.2763140669256727
SCHW,2025-03-11,0.268811074266349,0.27644091166076595
SCHW,2025-03-12,0.2724132242260859,0.27828693425006773
SCHW,2025-03-13,0.2676821454071499,0.27777954841550534
SCHW,2025-03-14,0.1991011073319043,0.28729618873971513
SCHW,2025-03-17,0.1968043536950841,0.2610713138588542
SCHW,2025-03-18,0.2008853296318359,0.2677998234420051
SCHW,2025-03-19,0.1948262215552706,0.25979658950220175
SCHW,2025-03-20,0.3117278381472976,0.2580410930307706
SCHW,2025-03-21,0.4912027846693459,0.23775079068808064
SCHW,2025-03-24,0.4813149052932588,0.25609151408345665
SCHW,2025-03-25,0.4692594101783658,0.2551597646836024
SCHW,2025-03-26,0.6449603749761916,0.2571164779738986
SCHW,2025-03-27,0.6480178952108251,0.25903677440131634
SCHW,2025-03-28,0.6844628006559799,0.2758542998938327
SCHW,2025-03-31,0.6833440350411233,0.2702274985533463
SCHW,2025-04-01,0.6828921498092186,0.2664989959369755
SCHW,2025-04-02,0.6850361199096617,0.2729829719472512
SCHW,2025-04-03,0.6383925175002562,0.29263621998361883
SCHW,2025-04-04,0.4625541949879199,0.32815488904079526
SCHW,2025-04-07,0.4666911951291851,0.33294336772071265
SCHW,2025-04-08,0.4641002523892749,0.33525644067517046
SCHW,2025-04-09,0.315760277156407,0.37141591340962865
SCHW,2025-04-10,0.2857013301246403,0.3666777010065881
SCHW,2025-04-11,0.2170495312686211,0.3374515276486571
SCHW,2025-04-14,0.219963594805929,0.3371236351543941
SCHW,2025-04-15,0.2205951242490189,0.33557727632685347
SCHW,2025-04-16,0.1751014348237449,0.30100489743110254
SCHW,2025-04-17,0.1847997267331247,0.30125760329990625
SCHW,2025-04-21,0.1305330786025861,0.3001919294745764
SCHW,2025-04-22,0.1405883637498561,0.31090676069488965
SCHW,2025-04-23,0.1370747577449328,0.314988334845973
SCHW,2025-04-24,0.1205232658097874,0.3253595266934203
SCHW,2025-04-25,0.1206793565205025,0.3283167269090834
SCHW,2025-04-28,0.12170734464599,0.32142773558868115
SCHW,2025-04-29,0.1174595727875834,0.31936281600283906
SCHW,2025-04-30,0.1165447222804074,0.32046888863095796
SCHW,2025-05-01,0.1129870095974186,0.32032670596560225
SCHW,2025-05-02,0.0936617289017569,0.3271390614392205
SCHW,2025-05-05,0.0915509509585784,0.33333986338943083
SCHW,2025-05-06,0.0688770116082051,0.33453348287161283
SCHW,2025-05-07,0.1390155297870058,0.3343853458857653
SCHW,2025-05-08,0.1441417708653617,0.33520036643473416
SCHW,2025-05-09,0.1447069774243488,0.33040998613435746
SCHW,2025-05-12,0.1502890108396798,0.332254316987057
SCHW,2025-05-13,0.154086252118054,0.32630876226159844
SCHW,2025-05-14,0.1478459331492723,0.32454146824624797
SCHW,2025-05-15,0.141051993934908,0.32491044190108415
SCHW,2025-05-16,0.137036874959111,0.3252680249945452
SCHW,2025-05-19,0.1318033581113022,0.3254518732763665
SCHW,2025-05-20,0.1336004443148475,0.33149035438410956
SCHW,2025-05-21,0.0993889432794861,0.3358681689855691
SCHW,2025-05-22,0.1142031646087736,0.3331651838804929
SCHW,2025-05-23,0.1144604910371445,0.33149362186273856
SCHW,2025-05-27,0.0885302906485065,0.33473063708446066
SCHW,2025-05-28,0.0818146568321699,0.33309367206981066
SCHW,2025-05-29,0.0791919305172767,0.3194759173571555
SCHW,2025-05-30,0.0980408355543197,0.3186947495125809
SCHW,2025-06-02,0.1372725481985862,0.3183245955949015
SCHW,2025-06-03,0.1368757038595264,0.3118222584247576
SCHW,2025-06-04,0.1383420173382345,0.29900418868680595
SCHW,2025-06-05,0.1460943111184997,0.30153335586775276
SCHW,2025-06-06,0.1465272614069874,0.30152778240227696
SCHW,2025-06-09,0.1554567056568291,0.30049958358754975
SCHW,2025-06-10,0.1567453844532023,0.2917968014247086
SCHW,2025-06-11,0.1593868992784168,0.2905069659684154
SCHW,2025-06-12,0.1612322453568767,0.28974356110813543
SCHW,2025-06-13,0.1489506132772133,0.29026914861330944
SCHW,2025-06-16,0.1283819118943455,0.29565844438977146
SCHW,2025-06-17,0.1276620841955082,0.2956982109013606
SCHW,2025-06-18,0.1196520024543847,0.29524604099155505
SCHW,2025-06-20,0.1170323414670945,0.296754381028572
SCHW,2025-06-23,0.1101978779462034,0.29522291076051593
SCHW,2025-06-24,0.10390375946632,0.2904678289808128
SCHW,2025-06-25,0.1059227865596074,0.28735039489392544
SCHW,2025-06-26,0.12590893692827,0.2853970045753293
SCHW,2025-06-27,0.1276085994734553,0.2838497663936129
SCHW,2025-06-30,0.1312411603106969,0.28285326977279723
SCHW,2025-07-01,0.1328951623440353,0.2695285864450503
SCHW,2025-07-02,0.1664442171533516,0.22041583667651182
SCHW,2025-07-03,0.2134971476706171,0.2187647786131689
SCHW,2025-07-07,0.2093475907736848,0.22069265331720328
SCHW,2025-07-08,0.2123679982661763,0.1803417045095349
SCHW,2025-07-09,0.2145946127134622,0.1756616136461319
SCHW,2025-07-10,0.2207669956229828,0.16023590349657513
SCHW,2025-07-11,0.2038080435696284,0.16513119351934802
SCHW,2025-07-14,0.2041301897025663,0.16346125379548027
SCHW,2025-07-15,0.183679802623103,0.16161656293107335
SCHW,2025-07-16,0.1742199159759651,0.16170275611714263
SCHW,2025-07-17,0.1768488439346469,0.16335378794795466
SCHW,2025-07-18,0.1716952926336513,0.1665989795530745
SCHW,2025-07-21,0.1900277128569221,0.16532198999561723
SCHW,2025-07-22,0.1871854819751168,0.16242587582504353
SCHW,2025-07-23,0.1862112976769357,0.1620132560131214
SCHW,2025-07-24,0.1770383703151285,0.16129278182175885
SCHW,2025-07-25,0.1898189293597333,0.1519302902369515
SCHW,2025-07-28,0.1866057796721821,0.15292983367066856
SCHW,2025-07-29,0.1943276678043552,0.15094179605735344
SCHW,2025-07-30,0.2513306772474247,0.14612665977943057
SCHW,2025-07-31,0.278619771804218,0.15046131524610867
SCHW,2025-08-01,0.2668967724548161,0.16671506083256651
SCHW,2025-08-04,0.2527746349402605,0.1688668421783945
SCHW,2025-08-05,0.2513614104083875,0.17026762693628342
SCHW,2025-08-06,0.2508865485423444,0.16941746262579632
SCHW,2025-08-07,0.2488638562972302,0.17034720448515805
SCHW,2025-08-08,0.2364174159743562,0.1648374913850633
SCHW,2025-08-11,0.235043042174998,0.16083949941488465
SCHW,2025-08-12,0.2351280024691655,0.1590324842224809
SCHW,2025-08-13,0.1651950406108097,0.18175242702140043
SCHW,2025-08-14,0.1158510859915654,0.18736448256218685
SCHW,2025-08-15,0.0996601470951791,0.19377636297083048
SCHW,2025-08-18,0.1009007096224196,0.19084305548043007
SCHW,2025-08-19,0.0981661177169002,0.1888531995092414
SCHW,2025-08-20,0.1186833150171781,0.17922371283961053
SCHW,2025-08-21,0.3280433144069703,0.1672061719964869
SCHW,2025-08-22,0.341660893668865,0.15955857262794315
SCHW,2025-08-25,0.3410145372360916,0.16054209251056895
SCHW,2025-08-26,0.3373250539618898,0.16358757040651323
SCHW,2025-08-27,0.3576044968632648,0.17106842796021365
SCHW,2025-08-28,0.3563748615787485,0.17579089862253336
SCHW,2025-08-29,0.3584539948013856,0.185033065358882
SCHW,2025-09-02,0.3580814121139862,0.1848200911174143
SCHW,2025-09-03,0.3672120013318872,0.18041779231412478
SCHW,2025-09-04,0.3648381625563281,0.1851363543063149
SCHW,2025-09-05,0.2092208953448198,0.2262662394930588
SCHW,2025-09-08,0.1969685178852475,0.2300497308786585
SCHW,2025-09-09,0.1994541067426994,0.23008982566161404
SCHW,2025-09-10,0.202047075844289,0.2311267495301055
SCHW,2025-09-11,0.2232551263176974,0.23064332996351086
SCHW,2025-09-12,0.2232262027282406,0.20216161566444527
SCHW,2025-09-15,0.2079403816338114,0.20361250174150272
SCHW,2025-09-16,0.2153290110385073,0.2043706514066384
SCHW,2025-09-17,0.2862097709057218,0.20442352248522205
SCHW,2025-09-18,0.2790391042356906,0.20227037516705612
SCHW,2025-09-19,0.2838271017756753,0.2194662385658936
SCHW,2025-09-22,0.2837394044524716,0.2145427069867269
SCHW,2025-09-23,0.2823291690485895,0.2105064876642521
SCHW,2025-09-24,0.2675067799008307,0.21785642703091418
SCHW,2025-09-25,0.231567158483077,0.22686539470622713
SCHW,2025-09-26,0.2494177546317922,0.22647153956623683
SCHW,2025-09-29,0.2529354087646654,0.2308697361484554
SCHW,2025-09-30,0.2451921565853634,0.23400611099390245
SCHW,2025-10-01,0.1730134359716857,0.244295415036821
SCHW,2025-10-02,0.1821792049949063,0.23823754288693047
SCHW,2025-10-03,0.1700993978882492,0.24288421513302744
SCHW,2025-10-06,0.17517639056494,0.2383262296622877
SCHW,2025-10-07,0.1751143054279631,0.23715289970125325
SCHW,2025-10-08,0.1808053527416375,0.21860109142157266
SCHW,2025-10-09,0.1810144693514545,0.22209577085918386
SCHW,2025-10-10,0.1314541109408756,0.2259429892090379
SCHW,2025-10-13,0.1076286851130852,0.2279745150132314
SCHW,2025-10-14,0.1230565108877446,0.22861445190615676
SCHW,2025-10-15,0.1191589576056552,0.23723327488782325
SCHW,2025-10-16,0.1064975051731622,0.23822283434709654
SCHW,2025-10-17,0.0997745022619024,0.22983685272416612
SCHW,2025-10-20,0.113526714993373,0.2265704704500054
SCHW,2025-10-21,0.1220161796753465,0.22561645863565657
SCHW,2025-10-22,0.1159071527253715,0.22645901033406207
SCHW,2025-10-23,0.1187602388885705,0.22342550904554023
SCHW,2025-10-24,0.1312209197585301,0.2269419448220762
SCHW,2025-10-27,0.1306260248487583,0.22390503902924802
SCHW,2025-10-28,0.1159249060033021,0.22380726749849594
SCHW,2025-10-29,0.1335771321904501,0.22636062326244605
SCHW,2025-10-30,0.1922028223541513,0.2274300612507431
SCHW,2025-10-31,0.196741668529163,0.227879150153996
SCHW,2025-11-03,0.2286508511016212,0.22953059097230064
SCHW,2025-11-04,0.2257820630235213,0.22904137378589515
SCHW,2025-11-05,0.2273091977817573,0.22666219184028846
SCHW,2025-11-06,0.2500789996090988,0.22009881866868208
SCHW,2025-11-07,0.2378889035473647,0.21855989620384025
SCHW,2025-11-10,0.2351005432046865,0.20771642128409676
SCHW,2025-11-11,0.231503811275612,0.2091397149803926
SCHW,2025-11-12,0.2197725802244457,0.21035814879194442
SCHW,2025-11-13,0.2066715080176946,0.22625367042084105
SCHW,2025-11-14,0.2050203483743303,0.2255531017050944
SCHW,2025-11-17,0.1560821723793486,0.2325537338430453
SCHW,2025-11-18,0.1868195830049261,0.2323884797737634
SCHW,2025-11-19,0.1923408879587603,0.22549052743727507
SCHW,2025-11-20,0.155929322804508,0.2263568853348207
SCHW,2025-11-21,0.1548426065387182,0.2286277130340331
SCHW,2025-11-24,0.1559879741119729,0.2216698910135521
SCHW,2025-11-25,0.1693877946885773,0.22166827837819117
SCHW,2025-11-26,0.170768947181076,0.22658665831699462
SCHW,2025-11-28,0.1750854552678594,0.2145444818391707
SCHW,2025-12-01,0.1975598730782124,0.18695158898173134
SCHW,2025-12-02,0.1912854442995433,0.19329653673255584
SCHW,2025-12-03,0.1690019405676893,0.19897861141898812
SCHW,2025-12-04,0.164215562781076,0.19709388928962757
SCHW,2025-12-05,0.1537986587971325,0.20384424164730253
SCHW,2025-12-08,0.1854534723062685,0.20395334538526289
SCHW,2025-12-09,0.1868051602559002,0.2002603866020982
SCHW,2025-12-10,0.1779853159923217,0.1982506845240288
SCHW,2025-12-11,0.1757435075495528,0.19896983939744714
SCHW,2025-12-12,0.1781682324627601,0.19329428872460966
SCHW,2025-12-15,0.1603693089462741,0.19817020322150372
SCHW,2025-12-16,0.1700754147515012,0.19990910111836363
SPX,2025-01-02,0.1626917946814717,0.13286582692278104
SPX,2025-01-03,0.1569499239158936,0.14662203235892474
SPX,2025-01-06,0.1573760528825853,0.145283303487009
SPX,2025-01-07,0.1400229740555058,0.14675889108288087
SPX,2025-01-08,0.1434412144311344,0.14636332089032278
SPX,2025-01-10,0.1404127526284104,0.1533681050417776
SPX,2025-01-13,0.1432124011972696,0.1484157845969853
SPX,2025-01-14,0.1492133934728765,0.1471466418068463
SPX,2025-01-15,0.1254575836614749,0.15472922665350913
SPX,2025-01-16,0.1289944442751431,0.15495852780764377
SPX,2025-01-17,0.1278145466795566,0.14928850386044484
SPX,2025-01-21,0.1250764515459303,0.15104765751338928
SPX,2025-01-22,0.1224118492961674,0.1490380177717009
SPX,2025-01-23,0.1205112536354969,0.14673279740452472
SPX,2025-01-24,0.1284053920140669,0.14708646270124293
SPX,2025-01-27,0.1091169877692731,0.15763237212795028
SPX,2025-01-28,0.0988812110240948,0.15832212391763134
SPX,2025-01-29,0.0967352959581535,0.15745369334363768
SPX,2025-01-30,0.1070601505122082,0.15532948102086042
SPX,2025-01-31,0.1023442189817536,0.15552424437792348
SPX,2025-02-03,0.0896395543876066,0.15287208778271144
SPX,2025-02-04,0.0853145968232572,0.15107504152991674
SPX,2025-02-05,0.0894201644614699,0.14351040605048807
SPX,2025-02-06,0.1256077547044309,0.1429281740772951
SPX,2025-02-07,0.1190706247562222,0.14505625298237695
SPX,2025-02-10,0.1128023515247907,0.14663188568145386
SPX,2025-02-11,0.1126963289510689,0.14659258135630435
SPX,2025-02-12,0.1333076788730905,0.14678598071493604
SPX,2025-02-13,0.1502170832198665,0.1494891184694977
SPX,2025-02-14,0.1669732575958873,0.14337509228263054
SPX,2025-02-18,0.1663970646255919,0.14390556154012635
SPX,2025-02-19,0.1834384640197906,0.14414341809582978
SPX,2025-02-20,0.1944474108084616,0.14485079807223558
SPX,2025-02-21,0.1924969139609665,0.14955514389429791
SPX,2025-02-24,0.2252345331253745,0.1500313088975116
SPX,2025-02-25,0.2251038373932498,0.14951030748274252
SPX,2025-02-26,0.2303013851112352,0.14822612826820025
SPX,2025-02-27,0.2281200023573777,0.1508919287025553
SPX,2025-02-28,0.2433279082000545,0.1581786282323455
SPX,2025-03-03,0.2392894494214756,0.16330056627763156
SPX,2025-03-04,0.2376817703712656,0.16562657383797025
SPX,2025-03-05,0.2371006045247929,0.16820099834234065
SPX,2025-03-06,0.2217447689456942,0.1710055237969542
SPX,2025-03-07,0.2189336743706139,0.16703474345650507
SPX,2025-03-10,0.1855861688770612,0.1748405078127111
SPX,2025-03-11,0.1768602113706607,0.17506879098753253
SPX,2025-03-12,0.1914766113358317,0.17126339560912285
SPX,2025-03-13,0.1731445466854465,0.17199074960266175
SPX,2025-03-14,0.176171875597504,0.18316077931823357
SPX,2025-03-17,0.1751934533866172,0.17576189010545362
SPX,2025-03-18,0.1679327098777834,0.17778778344999205
SPX,2025-03-19,0.1620454324400087,0.1712466629874836
SPX,2025-03-20,0.2975358679005727,0.168418639140895
SPX,2025-03-21,0.4086909131509523,0.1609413730414801
SPX,2025-03-24,0.3810928929118712,0.17141239978418993
SPX,2025-03-25,0.3723148713222717,0.1660867794381557
SPX,2025-03-26,0.6494378543973331,0.16941973277704636
SPX,2025-03-27,0.6672144855666039,0.17044741628075072
SPX,2025-03-28,0.6749052071719175,0.17896574248777486
SPX,2025-03-31,0.675953032142644,0.1730644975850093
SPX,2025-04-01,0.6748041910808448,0.17471168676176818
SPX,2025-04-02,0.6775069913448625,0.17475562546081466
SPX,2025-04-03,0.6352223153040132,0.2047408068610156
SPX,2025-04-04,0.5600628241400779,0.23635789747850192
SPX,2025-04-07,0.5711277356126737,0.23700474815925326
SPX,2025-04-08,0.5621337928531106,0.23354639211631983
SPX,2025-04-09,0.3346591492836495,0.31033086453773756
SPX,2025-04-10,0.2692327563528306,0.31118435249952603
SPX,2025-04-11,0.2593712974991498,0.2950330039877358
SPX,2025-04-14,0.2584696325208032,0.29462295819660567
SPX,2025-04-15,0.2573865300737309,0.29111969760721407
SPX,2025-04-16,0.2133712799668487,0.25196916336882835
SPX,2025-04-17,0.2155727121708601,0.24437004091912362
SPX,2025-04-21,0.1537547608278732,0.2529165972412462
SPX,2025-04-22,0.1473726722071205,0.2649809914169019
SPX,2025-04-23,0.1348482213449632,0.27034092966573975
SPX,2025-04-24,0.1048655852265815,0.29005385951890167
SPX,2025-04-25,0.1037720664233095,0.2962107772473939
SPX,2025-04-28,0.1802911406471108,0.2810870595025027
SPX,2025-04-29,0.1804881046963158,0.2784495796718272
SPX,2025-04-30,0.180799699017847,0.27803979941726664
SPX,2025-05-01,0.1809122978236017,0.2743349816210128
SPX,2025-05-02,0.1739810436864413,0.2802741108348221
SPX,2025-05-05,0.1645987313776835,0.29127626813977736
SPX,2025-05-06,0.1569904444336807,0.29432673986816826
SPX,2025-05-07,0.1923724373301199,0.2956665369263719
SPX,2025-05-08,0.1930401652526644,0.30243495826823946
SPX,2025-05-09,0.1986475050778953,0.2982997138495083
SPX,2025-05-12,0.1531626376694329,0.31048133396157385
SPX,2025-05-13,0.1528269147947525,0.3070386958781777
SPX,2025-05-14,0.1540938087958962,0.3076976701441752
SPX,2025-05-15,0.1526354078711421,0.30855245278081034
SPX,2025-05-16,0.1495480589162852,0.30788812079308225
SPX,2025-05-19,0.1526957360463853,0.2926346264249911
SPX,2025-05-20,0.1510755258311147,0.29518002691806056
SPX,2025-05-21,0.1246928318142089,0.301068387106551
SPX,2025-05-22,0.1311200088949899,0.3004190315174365
SPX,2025-05-23,0.1209872268494524,0.29574098477211774
SPX,2025-05-27,0.0789053852655713,0.31170319446121414
SPX,2025-05-28,0.072312816626048,0.31032181042464957
SPX,2025-05-29,0.0721908600570919,0.30504960074381876
SPX,2025-05-30,0.0993733701401294,0.30453229092084105
SPX,2025-06-02,0.107016538808444,0.3011477164937818
SPX,2025-06-03,0.1149430645115494,0.2925701467223074
SPX,2025-06-04,0.114971542561685,0.28530063313984094
SPX,2025-06-05,0.1118538442042158,0.2903495376883479
SPX,2025-06-06,0.1102636774812625,0.29267875165314505
SPX,2025-06-09,0.1226270966989,0.29241802782347537
SPX,2025-06-10,0.1206380622883599,0.29532462322922914
SPX,2025-06-11,0.1236014355612072,0.2965485070407256
SPX,2025-06-12,0.1243824211897381,0.2935357555815772
SPX,2025-06-13,0.0995097074735633,0.29406853546516676
SPX,2025-06-16,0.0968380196612355,0.29600871679373053
SPX,2025-06-17,0.0746453553022569,0.2963107711274401
SPX,2025-06-18,0.0732039155086862,0.2947842810445927
SPX,2025-06-20,0.0918514118817408,0.29464337188980283
SPX,2025-06-23,0.0898327501538025,0.29389663849552605
SPX,2025-06-24,0.0807211876271672,0.29390199606733564
SPX,2025-06-25,0.0792436202117728,0.28868812423703616
SPX,2025-06-26,0.0797879866442346,0.2882253981082519
SPX,2025-06-27,0.0776517451323429,0.28552187576140003
SPX,2025-06-30,0.0792323386713108,0.2873943144553439
SPX,2025-07-01,0.079529857672455,0.2718532872252539
SPX,2025-07-02,0.0803974364827242,0.2466656121160645
SPX,2025-07-03,0.0697189636851561,0.24682528308011345
SPX,2025-07-07,0.0527719548748189,0.24821322779683466
SPX,2025-07-08,0.0518200437887758,0.18568249995877492
SPX,2025-07-09,0.0567360018750805,0.17231423691855516
SPX,2025-07-10,0.0564255895729411,0.1696738747836412
SPX,2025-07-11,0.0513533437050844,0.16806419449718404
SPX,2025-07-14,0.0521417432093656,0.16502851600541962
SPX,2025-07-15,0.0491389100433597,0.1593175641400035
SPX,2025-07-16,0.0511808013890233,0.15801746079147652
SPX,2025-07-17,0.0525958417113439,0.15028557208531712
SPX,2025-07-18,0.0996035962669486,0.14430465622128072
SPX,2025-07-21,0.1267420664480166,0.14339149959179337
SPX,2025-07-22,0.1294220452588027,0.13699926763239714
SPX,2025-07-23,0.1285416188976488,0.13868528571339467
SPX,2025-07-24,0.1284624444961941,0.13844036047053676
SPX,2025-07-25,0.1333794693541803,0.13857212005620065
SPX,2025-07-28,0.1339662627245929,0.13889186726201197
SPX,2025-07-29,0.1445699163225373,0.14071880992497163
SPX,2025-07-30,0.1442182642632082,0.13580743236883192
SPX,2025-07-31,0.1414582217842381,0.13585053785570503
SPX,2025-08-01,0.1048166170066985,0.14007675078542486
SPX,2025-08-04,0.0845029204776073,0.14680489728947488
SPX,2025-08-05,0.0868650419636644,0.14705597002623028
SPX,2025-08-06,0.0832614782197195,0.14879676909528813
SPX,2025-08-07,0.0864857274923942,0.1346265232237831
SPX,2025-08-08,0.1086598693236595,0.12751412509438892
SPX,2025-08-11,0.1106948815036827,0.12455108652207275
SPX,2025-08-12,0.0971333980570014,0.12513968786574753
SPX,2025-08-13,0.0965198310411753,0.12442645171299792
SPX,2025-08-14,0.0976340333101246,0.12439433133971098
SPX,2025-08-15,0.102551809082688,0.12815314243959158
SPX,2025-08-18,0.1086211089394978,0.12425908185877613
SPX,2025-08-19,0.107428502226936,0.12156892816346658
SPX,2025-08-20,0.1124309147339017,0.11946936933599699
SPX,2025-08-21,0.1113178111859152,0.1126945817812057
SPX,2025-08-22,0.0833190658276797,0.12319287098161202
SPX,2025-08-25,0.0795395898049533,0.12391607919215786
SPX,2025-08-26,0.0785332212815201,0.12454141656123585
SPX,2025-08-27,0.0869420813717585,0.12395075020898254
SPX,2025-08-28,0.0870673809662569,0.12206496995041873
SPX,2025-08-29,0.0769056782675953,0.1193941796910203
SPX,2025-09-02,0.0613925254648237,0.1205271404020956
SPX,2025-09-03,0.0629635139706979,0.11986995929080788
SPX,2025-09-04,0.0556373959118594,0.12230615663252897
SPX,2025-09-05,0.049062068622216,0.1224259427724185
SPX,2025-09-08,0.0495252170816118,0.12365510001640712
SPX,2025-09-09,0.0655615244390609,0.12075835021095178
SPX,2025-09-10,0.0699835772971979,0.11789176587039406
SPX,2025-09-11,0.0656500112336408,0.11681990341251708
SPX,2025-09-12,0.0711771409450635,0.11362155241974511
SPX,2025-09-15,0.0688090426787298,0.11471013815029313
SPX,2025-09-16,0.0697563647532267,0.11725070883394134
SPX,2025-09-17,0.0693425135505344,0.11667942164058387
SPX,2025-09-18,0.0672268974153062,0.11381712787801238
SPX,2025-09-19,0.0642359383681465,0.11491085344953932
SPX,2025-09-22,0.0631362500285905,0.11445273496594228
SPX,2025-09-23,0.0588911332639497,0.11588989789043513
SPX,2025-09-24,0.0596455967140121,0.11597468745232216
SPX,2025-09-25,0.0532107179344148,0.1171762249825778
SPX,2025-09-26,0.1534617002862111,0.11728023622656725
SPX,2025-09-29,0.1749195511282821,0.11603981010463638
SPX,2025-09-30,0.1734319842409374,0.11411184863262955
SPX,2025-10-01,0.1738682043584597,0.11343478167462707
SPX,2025-10-02,0.1759782938266522,0.10951220885085378
SPX,2025-10-03,0.1790041625883434,0.10952133867789754
SPX,2025-10-06,0.1870642684895213,0.1095374756910519
SPX,2025-10-07,0.185902437394054,0.11229445371425044
SPX,2025-10-08,0.1850955564588257,0.11312914684668209
SPX,2025-10-09,0.1875484255405299,0.11480038939314537
SPX,2025-10-10,0.1102613598680308,0.13325440306092629
SPX,2025-10-13,0.1012551879743449,0.13887072013406235
SPX,2025-10-14,0.097907769748637,0.1390848862737435
SPX,2025-10-15,0.0995819549659389,0.13884665521735762
SPX,2025-10-16,0.1104422298102885,0.13881035730897787
SPX,2025-10-17,0.1096394346428583,0.12620770386115332
SPX,2025-10-20,0.100133043678193,0.1239026586354471
SPX,2025-10-21,0.121149776184775,0.12371670692779048
SPX,2025-10-22,0.1172639451962893,0.1255511093432598
SPX,2025-10-23,0.1300025834326315,0.12388012699149585
SPX,2025-10-24,0.1224268677793243,0.13220505888013862
SPX,2025-10-27,0.1322288187572161,0.13070982477190962
SPX,2025-10-28,0.1321023851541353,0.1278157846306999
SPX,2025-10-29,0.1322312399733658,0.12402872052164271
SPX,2025-10-30,0.1488964463610878,0.13041412814593298
SPX,2025-10-31,0.1474456075353376,0.12957663664070507
SPX,2025-11-03,0.1507957214212977,0.1254650536259268
SPX,2025-11-04,0.1457713559748977,0.12835587995371564
SPX,2025-11-05,0.1458863755666954,0.12819161892721082
SPX,2025-11-06,0.1549531246532005,0.12959930832800082
SPX,2025-11-07,0.1665661563791574,0.13086353460630637
SPX,2025-11-10,0.1667545470609216,0.1391726929368972
SPX,2025-11-11,0.1748196626083712,0.13605205757613775
SPX,2025-11-12,0.179396817131174,0.13527927368823464
SPX,2025-11-13,0.1565550816443813,0.14115066206855562
SPX,2025-11-14,0.1602483913694359,0.1409842786522275
SPX,2025-11-17,0.1494606973860504,0.13352092751394468
SPX,2025-11-18,0.1372569130439854,0.13323666535732273
SPX,2025-11-19,0.137748480402437,0.13467547686622713
SPX,2025-11-20,0.0904073420364603,0.13674429581015698
SPX,2025-11-21,0.0949679645157187,0.14128148734417115
SPX,2025-11-24,0.0706937381044876,0.14759913029698757
SPX,2025-11-25,0.0650243611633061,0.1454964676284095
SPX,2025-11-26,0.0586009219360502,0.1453078344805928
SPX,2025-11-28,0.0793152376010572,0.13354012539056134
SPX,2025-12-01,0.0747791756087329,0.13957645370667843
SPX,2025-12-02,0.0743814351427279,0.13741997668680536
SPX,2025-12-03,0.0902306014494254,0.13733519044277187
SPX,2025-12-04,0.102224151802056,0.13608193271342722
SPX,2025-12-05,0.1132922590389546,0.1389920481274793
SPX,2025-12-08,0.1168931855406172,0.13741888139268432
SPX,2025-12-09,0.1183051808578968,0.13974584672961726
SPX,2025-12-10,0.1148143610163335,0.1427420047654991
SPX,2025-12-11,0.1146115799319323,0.14338819860424531
SPX,2025-12-12,0.0997238934151081,0.14759432001538353
SPX,2025-12-15,0.0995598357882556,0.1476356696593804
SPX,2025-12-16,0.1074020772056451,0.14772293425737704
WMT,2025-01-02,0.1513056600296493,0.1694186977393784
WMT,2025-01-03,0.1567835733843143,0.17422502306843374
WMT,2025-01-06,0.1546511646644091,0.1733769775259343
WMT,2025-01-07,0.1476617037339845,0.1707115843471162
WMT,2025-01-08,0.1466040427492592,0.1753187982583299
WMT,2025-01-10,0.1864109606102535,0.17975662119650948
WMT,2025-01-13,0.152419507209562,0.18650516397860434
WMT,2025-01-14,0.1330787893471061,0.1879179891340837
WMT,2025-01-15,0.1348236903738749,0.1884887293883249
WMT,2025-01-16,0.1441059021505863,0.18658140670063267
WMT,2025-01-17,0.1479571372216736,0.183395810569019
WMT,2025-01-21,0.1479224139121965,0.17933235930237654
WMT,2025-01-22,0.1491455120400353,0.17307545962422882
WMT,2025-01-23,0.1510814622039407,0.1738248793023873
WMT,2025-01-24,0.198837897143417,0.17269167266688762
WMT,2025-01-27,0.173883139932976,0.18432772112816856
WMT,2025-01-28,0.1780771539439453,0.18781008965077234
WMT,2025-01-29,0.1794405600651708,0.1893060589557151
WMT,2025-01-30,0.1815610191053959,0.18980093442974563
WMT,2025-01-31,0.1909712806044584,0.19259625211648473
WMT,2025-02-03,0.1891894765217658,0.18542921743121527
WMT,2025-02-04,0.1837935434012435,0.18480888721579983
WMT,2025-02-05,0.3856372258390058,0.18657401005896793
WMT,2025-02-06,0.394089902839275,0.18704265015689453
WMT,2025-02-07,0.3918976195122296,0.19282029800262146
WMT,2025-02-10,0.4511211975242975,0.19693747062415523
WMT,2025-02-11,0.4539163616667419,0.19759576468490392
WMT,2025-02-12,0.4492670273532412,0.19631222492572656
WMT,2025-02-13,0.4560688743794283,0.19645819880825055
WMT,2025-02-14,0.4562346781136889,0.1926258074734076
WMT,2025-02-18,0.4670599729011419,0.1899795577189678
WMT,2025-02-19,0.4745060999261481,0.18307966072875906
WMT,2025-02-20,0.3450691613132108,0.23826298017494185
WMT,2025-02-21,0.3572450609212135,0.23547879667285732
WMT,2025-02-24,0.409845487992272,0.23295804922429994
WMT,2025-02-25,0.3103209236374937,0.25763019887815397
WMT,2025-02-26,0.3188417164054731,0.2553748713356502
WMT,2025-02-27,0.3036010696268074,0.2349647768297243
WMT,2025-02-28,0.2801757316911627,0.23117827160616383
WMT,2025-03-03,0.3419562521861452,0.23156307668528087
WMT,2025-03-04,0.335598499559695,0.22663619187912531
WMT,2025-03-05,0.332279441406242,0.2264035178788292
WMT,2025-03-06,0.3323771422765502,0.2405214800245208
WMT,2025-03-07,0.3158099715910925,0.24165757583903144
WMT,2025-03-10,0.2570574463886161,0.25215198061750377
WMT,2025-03-11,0.3023854700529731,0.2629478130664158
WMT,2025-03-12,0.274950829967541,0.2552231247022906
WMT,2025-03-13,0.2714276026181425,0.258634540957667
WMT,2025-03-14,0.2692052711894302,0.2688911039908598
WMT,2025-03-17,0.2859337354211908,0.26349404018233785
WMT,2025-03-18,0.2611956665773148,0.2698567276957322
WMT,2025-03-19,0.2622453704898849,0.2629861795758437
WMT,2025-03-20,0.3064267796581554,0.2641219012464423
WMT,2025-03-21,0.393919815150887,0.2647024146218815
WMT,2025-03-24,0.3824450800100745,0.26626254889881307
WMT,2025-03-25,0.3696903508443924,0.27058208453951926
WMT,2025-03-26,0.6043769322695921,0.2727956849939652
WMT,2025-03-27,0.6051707788300632,0.2727421649815551
WMT,2025-03-28,0.6078978983277517,0.27258880820253906
WMT,2025-03-31,0.5998465617580596,0.2826406467002032
WMT,2025-04-01,0.6042332394011884,0.2709113044667977
WMT,2025-04-02,0.6288654199263836,0.2706914531075947
WMT,2025-04-03,0.6125194552633312,0.28498477174712433
WMT,2025-04-04,0.5428809730048966,0.3050114332527101
WMT,2025-04-07,0.5480110246873058,0.29815150602471857
WMT,2025-04-08,0.5134742277863955,0.29710659423445895
WMT,2025-04-09,0.2878737406832012,0.3631104118187039
WMT,2025-04-10,0.2953839917362904,0.3596939567639736
WMT,2025-04-11,0.2756801164473099,0.34523782381462914
WMT,2025-04-14,0.2598500908687018,0.3467983508044873
WMT,2025-04-15,0.2594735703104247,0.33939165738217525
WMT,2025-04-16,0.1823635345766749,0.3151764313286623
WMT,2025-04-17,0.1667384043694479,0.3212094449335099
WMT,2025-04-21,0.1460398608996041,0.3250116049498608
WMT,2025-04-22,0.1206276074372869,0.3293871131515196
WMT,2025-04-23,0.1198803246600872,0.32895225145959506
WMT,2025-04-24,0.1462799379561297,0.3368964654032735
WMT,2025-04-25,0.1415790684523353,0.3362404342919874
WMT,2025-04-28,0.1417982291142546,0.3348503100648688
WMT,2025-04-29,0.1458574634451257,0.32726829097447796
WMT,2025-04-30,0.1399944514801006,0.3291215347413766
WMT,2025-05-01,0.1414952750697625,0.33529574771932463
WMT,2025-05-02,0.1598217006964036,0.3334883116708611
WMT,2025-05-05,0.1561239862760881,0.3352376286356236
WMT,2025-05-06,0.1520789659332875,0.343040983118009
WMT,2025-05-07,0.164849504502437,0.34045860637737335
WMT,2025-05-08,0.1520799086241684,0.3477281968403388
WMT,2025-05-09,0.1529794174365244,0.3426401572028604
WMT,2025-05-12,0.1667894088783432,0.3396604513935866
WMT,2025-05-13,0.1597623744678052,0.3396610486672661
WMT,2025-05-14,0.1529511361601988,0.34461568494734407
WMT,2025-05-15,0.1695188463936336,0.3420921052478135
WMT,2025-05-16,0.1492952959149982,0.32789037425626505
WMT,2025-05-19,0.1485003481552842,0.32526621369135134
WMT,2025-05-20,0.1522088279504714,0.3234472818713857
WMT,2025-05-21,0.1521582583727476,0.3174167019885799
WMT,2025-05-22,0.151931645789115,0.31765333755936287
WMT,2025-05-23,0.1513863322687448,0.30817409710248683
WMT,2025-05-27,0.1368781135434009,0.3114357446741982
WMT,2025-05-28,0.1572567471308102,0.31167672282585124
WMT,2025-05-29,0.1631806032244075,0.3038285977124664
WMT,2025-05-30,0.1245147071298017,0.30514522831889423
WMT,2025-06-02,0.0948959239739343,0.30683346476933837
WMT,2025-06-03,0.0898282540547251,0.30051562192121106
WMT,2025-06-04,0.1163189278214825,0.2905263968744288
WMT,2025-06-05,0.1248705499028735,0.29679059822779186
WMT,2025-06-06,0.1579979487215573,0.28777027457911275
WMT,2025-06-09,0.1580183131206058,0.2822037305254861
WMT,2025-06-10,0.1631446971124572,0.28203194437520207
WMT,2025-06-11,0.1558014006506469,0.28166914103222784
WMT,2025-06-12,0.1557754109906261,0.27755479645676095
WMT,2025-06-13,0.1515952533112824,0.2813149386539543
WMT,2025-06-16,0.1489757210531786,0.28387094346599195
WMT,2025-06-17,0.1569315939354199,0.2846599711686977
WMT,2025-06-18,0.1558796755445138,0.28160834058933426
WMT,2025-06-20,0.1549154050322898,0.27429945188101107
WMT,2025-06-23,0.1805239003275319,0.27474902596195483
WMT,2025-06-24,0.1803730299194417,0.2735620629036847
WMT,2025-06-25,0.2029505985361816,0.27714279612878345
WMT,2025-06-26,0.1953915303669866,0.27895389557079225
WMT,2025-06-27,0.1988324594484002,0.2796035176432584
WMT,2025-06-30,0.1954156743732686,0.2750849233720308
WMT,2025-07-01,0.1913191626579138,0.2703852861739065
WMT,2025-07-02,0.1907864557250757,0.2536521646625468
WMT,2025-07-03,0.1827528938202998,0.24847441481570975
WMT,2025-07-07,0.1762555342425705,0.2426304357420917
WMT,2025-07-08,0.140945308917888,0.19437120894532314
WMT,2025-07-09,0.1407014729672887,0.1928865488062105
WMT,2025-07-10,0.1011362770488319,0.1931762322256136
WMT,2025-07-11,0.0993733016245916,0.187331050218233
WMT,2025-07-14,0.0768133555370946,0.19083420648468183
WMT,2025-07-15,0.073276182165004,0.1773838734182699
WMT,2025-07-16,0.0870313157513392,0.17304663945491192
WMT,2025-07-17,0.0854049000827072,0.1650002892055597
WMT,2025-07-18,0.0837530196140083,0.1576198086278591
WMT,2025-07-21,0.0911527628524773,0.15306874066978038
WMT,2025-07-22,0.0970876025974646,0.15492586140450648
WMT,2025-07-23,0.2022489068521335,0.15397657405414514
WMT,2025-07-24,0.207938562137239,0.16117356647701966
WMT,2025-07-25,0.2075027231329528,0.16166015720159724
WMT,2025-07-28,0.2071999291309693,0.16249485454772206
WMT,2025-07-29,0.212135949864321,0.16340855240559743
WMT,2025-07-30,0.2575171440210332,0.1641437613334944
WMT,2025-07-31,0.2585992405062716,0.1629625006052903
WMT,2025-08-01,0.2619982363652223,0.16159260760973965
WMT,2025-08-04,0.2586689048716939,0.1641980027282799
WMT,2025-08-05,0.2584238343231611,0.16230998605874153
WMT,2025-08-06,0.1665709870888701,0.18300963560858066
WMT,2025-08-07,0.2831321257845042,0.18459318758247206
WMT,2025-08-08,0.2780275229294259,0.1837805056295496
WMT,2025-08-11,0.2738847885632301,0.1837591372189246
WMT,2025-08-12,0.2755541963442777,0.1831287253507021
WMT,2025-08-13,0.2573806189436949,0.17239402205636825
WMT,2025-08-14,0.258142701173097,0.17237501025486807
WMT,2025-08-15,0.2666482856717759,0.16992566032007833
WMT,2025-08-18,0.2688814335014143,0.1703983458050387
WMT,2025-08-19,0.2827950666108728,0.17213430590266537
WMT,2025-08-20,0.286312612131944,0.17249932044925959
WMT,2025-08-21,0.1487535598079926,0.2061124488321716
WMT,2025-08-22,0.1426352450855483,0.20794954929785436
WMT,2025-08-25,0.1264203752933136,0.20687238461651494
WMT,2025-08-26,0.1764020270434564,0.20276952114434663
WMT,2025-08-27,0.1949693740492775,0.19891568090456915
WMT,2025-08-28,0.1918201706381192,0.17645342450096552
WMT,2025-08-29,0.1934391950276693,0.1767817696693344
WMT,2025-09-02,0.1983071030044242,0.1737026600187345
WMT,2025-09-03,0.1902898276247139,0.17735467805710373
WMT,2025-09-04,0.1886001888030847,0.17901387479659228
WMT,2025-09-05,0.2008736245408071,0.1953878272868811
WMT,2025-09-08,0.1824294326834445,0.19720108659032437
WMT,2025-09-09,0.1832561809930796,0.1996349422703459
WMT,2025-09-10,0.1503936485588965,0.20546157584302369
WMT,2025-09-11,0.1033322835070131,0.21046156960381554
WMT,2025-09-12,0.094146086945146,0.21026307195064856
WMT,2025-09-15,0.0933115664886761,0.20743021059445643
WMT,2025-09-16,0.0926347418671429,0.2066243056769122
WMT,2025-09-17,0.0925104583220271,0.19614144701777247
WMT,2025-09-18,0.0895721773724123,0.19219462974203666
WMT,2025-09-19,0.0712306021783088,0.19571326751704704
WMT,2025-09-22,0.0742245884473211,0.19690124156635896
WMT,2025-09-23,0.0768566711069227,0.19581714064012357
WMT,2025-09-24,0.0788913762299266,0.19633454556722676
WMT,2025-09-25,0.0945375714116639,0.20100324153852855
WMT,2025-09-26,0.0942961141286486,0.19474396291001297
WMT,2025-09-29,0.0964636803198888,0.19364149469828773
WMT,2025-09-30,0.2672672202059168,0.19165322070163196
WMT,2025-10-01,0.2606158329187351,0.19404521576070227
WMT,2025-10-02,0.3004122181309427,0.19340773391715013
WMT,2025-10-03,0.3024581029487929,0.19200374215813168
WMT,2025-10-06,0.308026682256139,0.193847584255201
WMT,2025-10-07,0.3136207498458853,0.19297303531333554
WMT,2025-10-08,0.3127903776244584,0.1888187075434637
WMT,2025-10-09,0.3041570144310813,0.1937607230191423
WMT,2025-10-10,0.3090111211540823,0.19348624149869878
WMT,2025-10-13,0.325541718813617,0.19216303793051076
WMT,2025-10-14,0.2035671291125177,0.2210164272250269
WMT,2025-10-15,0.1677979484943487,0.22232712575312447
WMT,2025-10-16,0.136682865466877,0.2292152798284332
WMT,2025-10-17,0.1067614346592205,0.2287249164308034
WMT,2025-10-20,0.1186447798551175,0.22994862509519498
WMT,2025-10-21,0.1314495873405756,0.21220326509301174
WMT,2025-10-22,0.1125451704239505,0.20897224176613602
WMT,2025-10-23,0.1181491061160077,0.20037953925231364
WMT,2025-10-24,0.136476119083267,0.19671451402442272
WMT,2025-10-27,0.1166277019828668,0.20094733460323144
WMT,2025-10-28,0.1142012156280113,0.21418455765936664
WMT,2025-10-29,0.1071077014295793,0.21097225668878739
WMT,2025-10-30,0.1170340815396366,0.20140537791087015
WMT,2025-10-31,0.1014469033210071,0.20480511779318228
WMT,2025-11-03,0.1018872209108746,0.20568884265332485
WMT,2025-11-04,0.1262886698625688,0.2056621599567294
WMT,2025-11-05,0.1260883892543398,0.20817415038471135
WMT,2025-11-06,0.3437218032769675,0.20251648567520766
WMT,2025-11-07,0.3598916593649966,0.19956222863343498
WMT,2025-11-10,0.367049983916724,0.20151173489323104
WMT,2025-11-11,0.3888593447189739,0.20516704622638016
WMT,2025-11-12,0.3962931803606943,0.20238184974549975
WMT,2025-11-13,0.3895962381049473,0.20544090975640678
WMT,2025-11-14,0.3870079704158799,0.18558241096614103
WMT,2025-11-17,0.3864351836126928,0.18449363984716918
WMT,2025-11-18,0.3637064396854497,0.18546481499214207
WMT,2025-11-19,0.3505350537296619,0.185946847876784
WMT,2025-11-20,0.2185401256922917,0.23306820654712945
WMT,2025-11-21,0.2087898584473332,0.23737058321494847
WMT,2025-11-24,0.1788125398043126,0.239228983053949
WMT,2025-11-25,0.1930882313093038,0.24167222166690394
WMT,2025-11-26,0.1952060216081276,0.23907323852277163
WMT,2025-11-28,0.194575713339834,0.2183748919999892
WMT,2025-12-01,0.1948826414638054,0.211023795951183
WMT,2025-12-02,0.2106271271267599,0.19846227765286029
WMT,2025-12-03,0.1938508254468058,0.19719035046024977
WMT,2025-12-04,0.19771699481712,0.1956527478091682
WMT,2025-12-05,0.1983999408205306,0.20654891840669307
WMT,2025-12-08,0.2022174268118468,0.21754888875726433
WMT,2025-12-09,0.1981876032879442,0.22263805549303498
WMT,2025-12-10,0.1892338344690101,0.22415326344304093
WMT,2025-12-11,0.1476105308353527,0.23226720538404697
WMT,2025-12-12,0.1342970893293553,0.23396241578397584
WMT,2025-12-15,0.1321884515889934,0.22823617227108386
WMT,2025-12-16,0.1254508248156903,0.22991170861448545
