ticker,date,actual,predicted
ACN,2025-01-02,0.1707392083199965,0.19477924908430155
ACN,2025-01-03,0.1641374508068608,0.205301520355664
ACN,2025-01-06,0.159840232206235,0.21693995363117138
ACN,2025-01-07,0.1546260476176697,0.21881193596967385
ACN,2025-01-08,0.156080147598721,0.22017988762556562
ACN,2025-01-10,0.1472405111810375,0.22715570004492577
ACN,2025-01-13,0.1422365665266236,0.22350854355573474
ACN,2025-01-14,0.1668918629669488,0.22286461234366772
ACN,2025-01-15,0.1699397888862037,0.21897954760099167
ACN,2025-01-16,0.1696886377745177,0.21972521242294019
ACN,2025-01-17,0.1745646964984512,0.20985240573600072
ACN,2025-01-21,0.1786494040272649,0.2112045001103257
ACN,2025-01-22,0.1819198790966962,0.21015035784614844
ACN,2025-01-23,0.2635018877753924,0.20868662545549968
ACN,2025-01-24,0.2646587622143224,0.21223622573622014
ACN,2025-01-27,0.2318924130183295,0.22584760481734817
ACN,2025-01-28,0.2263513551723822,0.22713702776301528
ACN,2025-01-29,0.2166696516552278,0.21829864242604205
ACN,2025-01-30,0.2042168069766458,0.2199253174067659
ACN,2025-01-31,0.2001230739318441,0.2185019089212672
ACN,2025-02-03,0.2003580292788985,0.21350878874281942
ACN,2025-02-04,0.1841055900728581,0.21520450444935502
ACN,2025-02-05,0.1677824549307449,0.20478001562484432
ACN,2025-02-06,0.2895511814574331,0.22098047892697636
ACN,2025-02-07,0.2904830222071009,0.21903606055646546
ACN,2025-02-10,0.2875817330960256,0.2208321316600558
ACN,2025-02-11,0.2771402249422742,0.2189870197312926
ACN,2025-02-12,0.2765868975030684,0.2112821738564909
ACN,2025-02-13,0.2794505951269608,0.1960164308285994
ACN,2025-02-14,0.2767028542895866,0.19240426323222357
ACN,2025-02-18,0.2808800772494612,0.19236522762556688
ACN,2025-02-19,0.2814415250072015,0.1927904200508571
ACN,2025-02-20,0.2836101685407816,0.19959411147662381
ACN,2025-02-21,0.15571314789428,0.23463660916836285
ACN,2025-02-24,0.1671760760492309,0.23475807079602456
ACN,2025-02-25,0.1783907250420013,0.2344366703832687
ACN,2025-02-26,0.1778511900066282,0.2322841256259282
ACN,2025-02-27,0.1849581928932296,0.23343428520830978
ACN,2025-02-28,0.1904037791900934,0.21806663667912607
ACN,2025-03-03,0.2431222109657213,0.21721923794028541
ACN,2025-03-04,0.2390866999215354,0.21545009918469762
ACN,2025-03-05,0.2313652562124499,0.2161359194023142
ACN,2025-03-06,0.414031002962636,0.21949831350539398
ACN,2025-03-07,0.4318416928554364,0.2218337565218746
ACN,2025-03-10,0.4368754106153367,0.22624394980815313
ACN,2025-03-11,0.4347219004674684,0.22890001593987433
ACN,2025-03-12,0.4386013071535838,0.22362173727492257
ACN,2025-03-13,0.4275069847027093,0.22616534498577387
ACN,2025-03-14,0.4280229991324126,0.2286584852455314
ACN,2025-03-17,0.4345585046400014,0.23845704856962166
ACN,2025-03-18,0.4369462218011685,0.23537727166079644
ACN,2025-03-19,0.4407247485527679,0.23101129370326834
ACN,2025-03-20,0.3191259014166362,0.25280962361845466
ACN,2025-03-21,0.412718036759202,0.25433683004402796
ACN,2025-03-24,0.4079230563591435,0.24921155383056312
ACN,2025-03-25,0.4014780488081953,0.25017823416456436
ACN,2025-03-26,0.5425859492775922,0.25124842573620765
ACN,2025-03-27,0.5819238284324321,0.21094195362451765
ACN,2025-03-28,0.5811222712187565,0.21318184304239396
ACN,2025-03-31,0.5727473184062715,0.22455800410547488
ACN,2025-04-01,0.5693474813467571,0.2243965232221643
ACN,2025-04-02,0.5619624459055931,0.22350860063540964
ACN,2025-04-03,0.520289054963396,0.2594338101827101
ACN,2025-04-04,0.4428509410490576,0.2788911638027473
ACN,2025-04-07,0.4523877603029209,0.271477434733786
ACN,2025-04-08,0.4522392209922407,0.2671839895410672
ACN,2025-04-09,0.3076257885988555,0.30704240183666315
ACN,2025-04-10,0.1939978724471919,0.3122750925727549
ACN,2025-04-11,0.1922025581807457,0.30174675901430104
ACN,2025-04-14,0.1891887061452578,0.30509763380532434
ACN,2025-04-15,0.1854214097071277,0.3040429628756381
ACN,2025-04-16,0.1641033925860712,0.28100990749986715
ACN,2025-04-17,0.1467937806669305,0.267743750849852
ACN,2025-04-21,0.1025207525925538,0.2721689591932896
ACN,2025-04-22,0.1443240160198161,0.2722572033691322
ACN,2025-04-23,0.1376264631989625,0.2725408375067803
ACN,2025-04-24,0.1357775041604149,0.27895517593575536
ACN,2025-04-25,0.1428325270873074,0.2820715464451298
ACN,2025-04-28,0.2431501938115988,0.27431971721438936
ACN,2025-04-29,0.2413854736494604,0.27591590399916277
ACN,2025-04-30,0.2509392010998453,0.27635781014347155
ACN,2025-05-01,0.2507475958514886,0.27561270678619576
ACN,2025-05-02,0.2730654443367438,0.2781668013808586
ACN,2025-05-05,0.272391536930641,0.27676284628870634
ACN,2025-05-06,0.2568145405607691,0.27985611532966015
ACN,2025-05-07,0.2643256253635623,0.2807905332448555
ACN,2025-05-08,0.2650740362757328,0.2812745477901784
ACN,2025-05-09,0.2915973470436174,0.2790787203110472
ACN,2025-05-12,0.1919917439483204,0.3011389053986238
ACN,2025-05-13,0.1922084213397355,0.2974306067279407
ACN,2025-05-14,0.1937735747188358,0.29940055466301124
ACN,2025-05-15,0.1863862281746554,0.29958927829164844
ACN,2025-05-16,0.1697320292434816,0.3026007627906541
ACN,2025-05-19,0.1668034299239409,0.2721566999740742
ACN,2025-05-20,0.1786120408960463,0.2732502619245216
ACN,2025-05-21,0.175415116995681,0.27317596250329795
ACN,2025-05-22,0.1785339234526772,0.27023348762714344
ACN,2025-05-23,0.1315489582357173,0.27300529283469316
ACN,2025-05-27,0.1147596764955827,0.2841516916284962
ACN,2025-05-28,0.1200653038707772,0.2837707112770152
ACN,2025-05-29,0.1190968022287552,0.2838988646850446
ACN,2025-05-30,0.1576557097486992,0.28389512226924735
ACN,2025-06-02,0.161259641421558,0.27698280303885675
ACN,2025-06-03,0.1636833697513665,0.27057904928008275
ACN,2025-06-04,0.1726241852678332,0.27247388290858604
ACN,2025-06-05,0.3817288363983556,0.2697562382195078
ACN,2025-06-06,0.4333492259182391,0.2705548383383924
ACN,2025-06-09,0.4535550428542216,0.26968043837521166
ACN,2025-06-10,0.4465234797310404,0.2721978968476423
ACN,2025-06-11,0.4516024258005652,0.270237174726757
ACN,2025-06-12,0.4519881749897181,0.2702714559010736
ACN,2025-06-13,0.4546975211882751,0.2752593735579567
ACN,2025-06-16,0.4582551780425751,0.24865651856050308
ACN,2025-06-17,0.4579748056138504,0.24375506660592935
ACN,2025-06-18,0.4527857136213023,0.24688923056179843
ACN,2025-06-20,0.2485363635231679,0.2848945780261569
ACN,2025-06-23,0.1966203972834892,0.29950940636456225
ACN,2025-06-24,0.2026656844449703,0.30214800837769756
ACN,2025-06-25,0.2181266171097107,0.3040261180143023
ACN,2025-06-26,0.2446144572973821,0.30135344913779344
ACN,2025-06-27,0.2442527451851759,0.2726981773508081
ACN,2025-06-30,0.2294523950103922,0.2654275050395784
ACN,2025-07-01,0.2308061289285045,0.252892638397663
ACN,2025-07-02,0.2469914953146899,0.22755293815495772
ACN,2025-07-03,0.236099243042324,0.2282591613258714
ACN,2025-07-07,0.2351383419911037,0.2458763742873247
ACN,2025-07-08,0.2488252282157463,0.2269111522366332
ACN,2025-07-09,0.2349414179799919,0.2197512530492966
ACN,2025-07-10,0.2113382394548362,0.22741320882491808
ACN,2025-07-11,0.1683826587094486,0.22527935005824756
ACN,2025-07-14,0.2027555812742343,0.22654341909539688
ACN,2025-07-15,0.1918859531145117,0.2191000084344126
ACN,2025-07-16,0.2000848418964967,0.2293873943619802
ACN,2025-07-17,0.2171395906326713,0.22846738396214628
ACN,2025-07-18,0.2901673545552228,0.22009923104102816
ACN,2025-07-21,0.3099967998314047,0.21845442132325305
ACN,2025-07-22,0.3283852558544172,0.21409205441331147
ACN,2025-07-23,0.3344553440030799,0.21550684538778
ACN,2025-07-24,0.3377558221420796,0.22198306298838977
ACN,2025-07-25,0.3199851388644404,0.22301166134360886
ACN,2025-07-28,0.3262849872399683,0.22883692443696302
ACN,2025-07-29,0.3114743684386158,0.22593598124470454
ACN,2025-07-30,0.393721066014793,0.22656405708132038
ACN,2025-07-31,0.3893234777968794,0.23093010486450644
ACN,2025-08-01,0.3331572362131411,0.24074440682026924
ACN,2025-08-04,0.3273684253153759,0.2478646107019213
ACN,2025-08-05,0.2602841000723107,0.25669691286110125
ACN,2025-08-06,0.2624468395888024,0.26032153628279275
ACN,2025-08-07,0.2216992151612851,0.24906360242223263
ACN,2025-08-08,0.2155988808199047,0.2447078421948787
ACN,2025-08-11,0.233895993544985,0.23922761031202147
ACN,2025-08-12,0.233135177864809,0.22605602474436576
ACN,2025-08-13,0.1864145639203804,0.2428442024310233
ACN,2025-08-14,0.1907322434650743,0.2370762510269226
ACN,2025-08-15,0.1981000448333858,0.23767721167223016
ACN,2025-08-18,0.220039718471583,0.2375960708854985
ACN,2025-08-19,0.1794614357094429,0.2464495163416337
ACN,2025-08-20,0.1802336965579217,0.24112166070130447
ACN,2025-08-21,0.184136116728389,0.24222636380710122
ACN,2025-08-22,0.1480402155480247,0.2471999133900612
ACN,2025-08-25,0.151975717008301,0.25060744988055556
ACN,2025-08-26,0.2298859224757992,0.2440250813013991
ACN,2025-08-27,0.2268386426651204,0.24739299305937013
ACN,2025-08-28,0.2438602182379295,0.2470627552777412
ACN,2025-08-29,0.2139023960411503,0.24443361179583614
ACN,2025-09-02,0.2122519649183001,0.24496892790260658
ACN,2025-09-03,0.2501911863201028,0.2475381472455039
ACN,2025-09-04,0.2503364686790721,0.24642860864785182
ACN,2025-09-05,0.2419838567077083,0.24684500958839192
ACN,2025-09-08,0.240845282418051,0.24465467593522644
ACN,2025-09-09,0.2463215779693466,0.2447313125610639
ACN,2025-09-10,0.2074931868800184,0.2561342621350052
ACN,2025-09-11,0.2410587711293097,0.2572337943395764
ACN,2025-09-12,0.2651278906787646,0.25653850004834106
ACN,2025-09-15,0.3109556367383458,0.2557224176811321
ACN,2025-09-16,0.3091692531412854,0.23173173509763773
ACN,2025-09-17,0.3068592922186418,0.22256605919337988
ACN,2025-09-18,0.303576022359964,0.21918540038135842
ACN,2025-09-19,0.3036276318508338,0.21145854108635226
ACN,2025-09-22,0.3069899136847964,0.2109181416085024
ACN,2025-09-23,0.2826659209482453,0.2171229210677122
ACN,2025-09-24,0.2786382620419652,0.2183665627093332
ACN,2025-09-25,0.2178196377772947,0.2247704559553256
ACN,2025-09-26,0.3185508246675126,0.23708167239005232
ACN,2025-09-29,0.2716666399058086,0.24781951134148972
ACN,2025-09-30,0.2724059105316034,0.2431990795987783
ACN,2025-10-01,0.281882305329082,0.24463219759684535
ACN,2025-10-02,0.3016335155754084,0.23447499438499447
ACN,2025-10-03,0.3209887546056754,0.2281361242805936
ACN,2025-10-06,0.3269436615521108,0.21459451695446138
ACN,2025-10-07,0.369265756548857,0.21869263944554554
ACN,2025-10-08,0.3677200736509984,0.21102244766625586
ACN,2025-10-09,0.3680569001700796,0.21621677975144474
ACN,2025-10-10,0.2808656954811823,0.24442650644400854
ACN,2025-10-13,0.2823629136159002,0.24788919949648064
ACN,2025-10-14,0.2847171697984481,0.24621204984474124
ACN,2025-10-15,0.2935149780165544,0.2442014197003751
ACN,2025-10-16,0.2508557122024719,0.24584001395422098
ACN,2025-10-17,0.2415800307824532,0.2412979749147176
ACN,2025-10-20,0.2392726120982152,0.24384286651809178
ACN,2025-10-21,0.1965417184632607,0.2542035278217906
ACN,2025-10-22,0.2272259011549947,0.2504793743570635
ACN,2025-10-23,0.2604500420195671,0.2388626974869658
ACN,2025-10-24,0.2794858117274174,0.24407551175745434
ACN,2025-10-27,0.2698214019587182,0.2337330651467197
ACN,2025-10-28,0.2611546890048186,0.22240504016520043
ACN,2025-10-29,0.2585117617780746,0.21948291242392687
ACN,2025-10-30,0.2573800749579953,0.2224840713311691
ACN,2025-10-31,0.2598561641807914,0.21855948372190656
ACN,2025-11-03,0.2685842466151473,0.21684700700886525
ACN,2025-11-04,0.2463925987931125,0.2232669153484523
ACN,2025-11-05,0.2197485969372943,0.22677501532612407
ACN,2025-11-06,0.1754630130924921,0.227550225301772
ACN,2025-11-07,0.2763537254307576,0.2323777215474246
ACN,2025-11-10,0.3289890845940041,0.2329182617643695
ACN,2025-11-11,0.3447571909243103,0.2300194609534719
ACN,2025-11-12,0.3381148159410603,0.22609910760646645
ACN,2025-11-13,0.3401866771892629,0.21706393376229965
ACN,2025-11-14,0.3616890535231278,0.21567549078699833
ACN,2025-11-17,0.3441867971895538,0.21670691639983347
ACN,2025-11-18,0.3791668063061583,0.2169947487704804
ACN,2025-11-19,0.399465355032372,0.21347960372914618
ACN,2025-11-20,0.4097247959455594,0.2141471691577642
ACN,2025-11-21,0.3625826783589554,0.24220479845397574
ACN,2025-11-24,0.2906651143788024,0.2504426886591706
ACN,2025-11-25,0.2820255378765458,0.25288577365695486
ACN,2025-11-26,0.2838991455615963,0.25393527224638424
ACN,2025-11-28,0.2847228351946315,0.25382510030192973
ACN,2025-12-01,0.260895545222039,0.2507371586956584
ACN,2025-12-02,0.2687614077698795,0.23670275293547352
ACN,2025-12-03,0.1518729107991465,0.2515570143523542
ACN,2025-12-04,0.1542725902898669,0.24754782609293782
ACN,2025-12-05,0.1470641314759369,0.2520678661635201
ACN,2025-12-08,0.1520988107716585,0.24948303281691978
ACN,2025-12-09,0.1420390262179479,0.2536501445232241
ACN,2025-12-10,0.1323650440037556,0.23745757882457874
ACN,2025-12-11,0.1298504455796036,0.23428564292067514
ACN,2025-12-12,0.1279173689200501,0.23077288801044502
ACN,2025-12-15,0.112354133028317,0.23289626502812677
ACN,2025-12-16,0.107011529595033,0.2357721344540351
ADBE,2025-01-02,0.2849704782294188,0.3127859150773211
ADBE,2025-01-03,0.2692821637199954,0.3192795108097776
ADBE,2025-01-06,0.269317271288064,0.3210638082172985
ADBE,2025-01-07,0.2420918432372747,0.3234175239351186
ADBE,2025-01-08,0.2389475900520865,0.32193976247444356
ADBE,2025-01-10,0.1223963728420083,0.32390791034477984
ADBE,2025-01-13,0.1224495746390094,0.3274762659178648
ADBE,2025-01-14,0.1326607562194893,0.3293961494741762
ADBE,2025-01-15,0.131671021604328,0.32953882549994534
ADBE,2025-01-16,0.1547212418301351,0.33350951506506266
ADBE,2025-01-17,0.1525189724637752,0.3129528324684897
ADBE,2025-01-21,0.1359207809503066,0.3139051898468856
ADBE,2025-01-22,0.1397805170354599,0.3156300083836084
ADBE,2025-01-23,0.1421919370593412,0.31937916688699786
ADBE,2025-01-24,0.1430612153112639,0.31659197609406103
ADBE,2025-01-27,0.2517948658309419,0.32343721453460034
ADBE,2025-01-28,0.2599306401193501,0.3211189252344351
ADBE,2025-01-29,0.258555141913474,0.321238156359913
ADBE,2025-01-30,0.2637167434786081,0.32169766351211565
ADBE,2025-01-31,0.2332154763561592,0.3288660430697695
ADBE,2025-02-03,0.2333782899051389,0.32844132790608177
ADBE,2025-02-04,0.2565394183655916,0.32763186515984394
ADBE,2025-02-05,0.2556501177916521,0.32179856000877693
ADBE,2025-02-06,0.2871809541731426,0.31874406812701767
ADBE,2025-02-07,0.2845096033605441,0.31210453535533433
ADBE,2025-02-10,0.1885486219235481,0.33255233068637347
ADBE,2025-02-11,0.1571360022369535,0.3265016744212945
ADBE,2025-02-12,0.1429643882480329,0.3241660354792469
ADBE,2025-02-13,0.1489124845609778,0.32475785527590534
ADBE,2025-02-14,0.153134225323928,0.3149851539890808
ADBE,2025-02-18,0.1619156649782951,0.3024093494733705
ADBE,2025-02-19,0.1651438400719104,0.3038370272561608
ADBE,2025-02-20,0.1774000817906599,0.30206179191181554
ADBE,2025-02-21,0.1433705476137686,0.30657166723083284
ADBE,2025-02-24,0.2213947204332696,0.30512128989459075
ADBE,2025-02-25,0.2214699259068404,0.30581217944219596
ADBE,2025-02-26,0.2310458143418789,0.30586543347568895
ADBE,2025-02-27,0.7834623980502814,0.3052999367697243
ADBE,2025-02-28,0.8340988970120297,0.2988155963562867
ADBE,2025-03-03,0.8382198789555366,0.3001906491219567
ADBE,2025-03-04,0.8302654079603297,0.3040446594292649
ADBE,2025-03-05,0.8194970478146358,0.29825718549130037
ADBE,2025-03-06,0.8253914806752444,0.3005649669257063
ADBE,2025-03-07,0.8163357264395392,0.29997007128256287
ADBE,2025-03-10,0.8256481942286761,0.3112845737024436
ADBE,2025-03-11,0.8418175769510452,0.30893267608254493
ADBE,2025-03-12,0.8358954928616406,0.3089172370737797
ADBE,2025-03-13,0.3114724997817011,0.34832663276622206
ADBE,2025-03-14,0.2610514776685054,0.3627317365079777
ADBE,2025-03-17,0.2494380980437205,0.3654118541600313
ADBE,2025-03-18,0.2327730177464328,0.3660526483090097
ADBE,2025-03-19,0.2331806765235883,0.36127127098751866
ADBE,2025-03-20,0.334623251051276,0.29231461173837836
ADBE,2025-03-21,0.4033857996133619,0.27377260225482497
ADBE,2025-03-24,0.3738179254443452,0.27820111952577214
ADBE,2025-03-25,0.3205780468926946,0.2792436440605508
ADBE,2025-03-26,0.5432411801449076,0.2822767173599256
ADBE,2025-03-27,0.5654010496209771,0.31239306813952555
ADBE,2025-03-28,0.566702403235445,0.32434444889624353
ADBE,2025-03-31,0.5669397054662199,0.320979452848687
ADBE,2025-04-01,0.5666910535567682,0.3108170341869071
ADBE,2025-04-02,0.5610582687646818,0.3119984371085249
ADBE,2025-04-03,0.5299945851437057,0.3292218199662069
ADBE,2025-04-04,0.4718498270678462,0.3400215704076746
ADBE,2025-04-07,0.4641025829715532,0.34165655882681417
ADBE,2025-04-08,0.4635447799855453,0.34092111374978157
ADBE,2025-04-09,0.3138749460931812,0.3797774403441353
ADBE,2025-04-10,0.2347725015144497,0.38117907027082726
ADBE,2025-04-11,0.2347912151428233,0.37275736498270134
ADBE,2025-04-14,0.2295098400206797,0.3673264465036523
ADBE,2025-04-15,0.2271584196635638,0.3669248494290179
ADBE,2025-04-16,0.188447474554476,0.3368632339620006
ADBE,2025-04-17,0.1914218128256966,0.3301156370326153
ADBE,2025-04-21,0.1428413876538404,0.33491202131773135
ADBE,2025-04-22,0.1358978059247762,0.34306074647272106
ADBE,2025-04-23,0.1363701949816939,0.3432835203864436
ADBE,2025-04-24,0.1134316450318498,0.3525816659005216
ADBE,2025-04-25,0.0955414957629034,0.35939787625904773
ADBE,2025-04-28,0.1703721162855132,0.34943660276819843
ADBE,2025-04-29,0.171250333271442,0.3491657078237522
ADBE,2025-04-30,0.1700192228636645,0.34912892589205907
ADBE,2025-05-01,0.1677163380311153,0.34900567400686267
ADBE,2025-05-02,0.1991949713185385,0.348981928801165
ADBE,2025-05-05,0.1935011015909896,0.3522265987627166
ADBE,2025-05-06,0.2113094650884738,0.3528111478900426
ADBE,2025-05-07,0.2283164586509508,0.34586158298704384
ADBE,2025-05-08,0.2249383163491666,0.34630481224448784
ADBE,2025-05-09,0.2516513328576987,0.3418948235419107
ADBE,2025-05-12,0.2103766518738021,0.3568366257055285
ADBE,2025-05-13,0.2128027789715194,0.35695144894950676
ADBE,2025-05-14,0.2126651379636575,0.3567993718959537
ADBE,2025-05-15,0.2060677506254941,0.35568849505878647
ADBE,2025-05-16,0.1957369742889159,0.35787851066204074
ADBE,2025-05-19,0.2286036823108578,0.3527838248381286
ADBE,2025-05-20,0.2279226401645149,0.3559371467139134
ADBE,2025-05-21,0.2243743653393956,0.35848064566143634
ADBE,2025-05-22,0.2252137989402379,0.35840089428024924
ADBE,2025-05-23,0.2058650006058188,0.34851209316432036
ADBE,2025-05-27,0.1964433556092047,0.35385213923553777
ADBE,2025-05-28,0.200729475768044,0.3533331785016629
ADBE,2025-05-29,0.2005059579824791,0.352249786310152
ADBE,2025-05-30,0.3374882601693512,0.3524147278244879
ADBE,2025-06-02,0.344105023842843,0.36193660203449823
ADBE,2025-06-03,0.3935496249081707,0.36507292560686544
ADBE,2025-06-04,0.3891848599318012,0.3618323255403135
ADBE,2025-06-05,0.3850336920933685,0.36207777979226247
ADBE,2025-06-06,0.3899504097003443,0.3615998357817987
ADBE,2025-06-09,0.3957526736340423,0.2588972497033465
ADBE,2025-06-10,0.4097122414659572,0.24118761338376588
ADBE,2025-06-11,0.4096977836883386,0.2436711310879065
ADBE,2025-06-12,0.4098543723070965,0.24119557420089033
ADBE,2025-06-13,0.3126416737153646,0.27503468994428043
ADBE,2025-06-16,0.2891008921341049,0.28519297524383286
ADBE,2025-06-17,0.2320572678504022,0.29992567074459525
ADBE,2025-06-18,0.2239027939697433,0.29884635610916965
ADBE,2025-06-20,0.2258910845990934,0.2955610972791447
ADBE,2025-06-23,0.2332778234945093,0.2870671650623287
ADBE,2025-06-24,0.2595784860380337,0.28059812321465183
ADBE,2025-06-25,0.2440087464662934,0.25951027447683933
ADBE,2025-06-26,0.2598703021520237,0.25700048864075187
ADBE,2025-06-27,0.2692367671797208,0.2559812596263842
ADBE,2025-06-30,0.2659247971169665,0.2608788186740184
ADBE,2025-07-01,0.2429192878371873,0.2528999121954043
ADBE,2025-07-02,0.2093286196521393,0.26319030230391055
ADBE,2025-07-03,0.2073646236777386,0.26051933896087237
ADBE,2025-07-07,0.2111734730567929,0.26037685744619804
ADBE,2025-07-08,0.2112339321918681,0.23760996538981602
ADBE,2025-07-09,0.1759587648480507,0.22868594393576072
ADBE,2025-07-10,0.1741532348009627,0.22111163198379577
ADBE,2025-07-11,0.125835628194554,0.22528541948090614
ADBE,2025-07-14,0.1199595181698742,0.22828448252520406
ADBE,2025-07-15,0.1108633574164662,0.22168631104871508
ADBE,2025-07-16,0.1454202282965223,0.21909052692805298
ADBE,2025-07-17,0.1534604002076481,0.2241983969821716
ADBE,2025-07-18,0.1999755746884308,0.2157135771907565
ADBE,2025-07-21,0.2161684426596332,0.21422466345170035
ADBE,2025-07-22,0.1846527848030974,0.2121963123705423
ADBE,2025-07-23,0.235636097786053,0.20999497669138528
ADBE,2025-07-24,0.2432063978513664,0.2093326412720969
ADBE,2025-07-25,0.2572684003969129,0.21203162321150676
ADBE,2025-07-28,0.2640499150699549,0.2120992350447311
ADBE,2025-07-29,0.284554491384183,0.20617062799718355
ADBE,2025-07-30,0.3589807340066119,0.21192917400449826
ADBE,2025-07-31,0.3514576808424396,0.2153633760462695
ADBE,2025-08-01,0.333382777971431,0.22088105951226145
ADBE,2025-08-04,0.29441878569908,0.22298996361448856
ADBE,2025-08-05,0.293678522413097,0.2227039400753925
ADBE,2025-08-06,0.312369338974844,0.23559848001659267
ADBE,2025-08-07,0.283995386065951,0.2308714512133243
ADBE,2025-08-08,0.300887062976693,0.22904985712952947
ADBE,2025-08-11,0.2591976137779841,0.22892810333585611
ADBE,2025-08-12,0.3005458010094115,0.23026568692103816
ADBE,2025-08-13,0.2425797091100078,0.23566007005550196
ADBE,2025-08-14,0.2422012081299882,0.23142408907338008
ADBE,2025-08-15,0.2280539573948809,0.23572634062286982
ADBE,2025-08-18,0.2749465859743677,0.22878153955692856
ADBE,2025-08-19,0.2719462809001051,0.2298007650180877
ADBE,2025-08-20,0.2587605992697125,0.22899418191979679
ADBE,2025-08-21,0.271071155378365,0.22830944304972292
ADBE,2025-08-22,0.2797746599166897,0.2338486297816809
ADBE,2025-08-25,0.2847863342303239,0.23612130285296545
ADBE,2025-08-26,0.2662514867947905,0.23998987272806596
ADBE,2025-08-27,0.2649901699851088,0.2358778869449616
ADBE,2025-08-28,0.2637241605596944,0.2331463182595366
ADBE,2025-08-29,0.2597302961902039,0.22766938013103405
ADBE,2025-09-02,0.2186450838723302,0.2358686626876393
ADBE,2025-09-03,0.2491736906993955,0.236052761880719
ADBE,2025-09-04,0.2373485488584818,0.23682002086177215
ADBE,2025-09-05,0.2394846464618536,0.24087821665733242
ADBE,2025-09-08,0.2066373698412147,0.25120892513192017
ADBE,2025-09-09,0.1961761087298865,0.24335311337507415
ADBE,2025-09-10,0.228032911777209,0.23099843705714035
ADBE,2025-09-11,0.2281810717489673,0.2246833268379371
ADBE,2025-09-12,0.2404188553647335,0.21015117685763013
ADBE,2025-09-15,0.236867987645512,0.19518339505132432
ADBE,2025-09-16,0.2491762100141063,0.20596612358518815
ADBE,2025-09-17,0.2328507667962714,0.21317402614214725
ADBE,2025-09-18,0.2531807612523502,0.21503229004604923
ADBE,2025-09-19,0.2572758021517878,0.21398365508370512
ADBE,2025-09-22,0.268314982722101,0.21515459398800915
ADBE,2025-09-23,0.2680928408924483,0.21719214183201457
ADBE,2025-09-24,0.244189055482407,0.21710176275909618
ADBE,2025-09-25,0.2434817357321436,0.21044463502927177
ADBE,2025-09-26,0.2519896225519042,0.21177170273650933
ADBE,2025-09-29,0.2585684151635054,0.2118768095097447
ADBE,2025-09-30,0.2498728562745255,0.21537829007987092
ADBE,2025-10-01,0.2305840485136917,0.2194197851327113
ADBE,2025-10-02,0.1787841071575573,0.22442236507403368
ADBE,2025-10-03,0.1962617869872693,0.22156374162374284
ADBE,2025-10-06,0.2536764492676941,0.2210771979417927
ADBE,2025-10-07,0.3292033066791169,0.21857228428629402
ADBE,2025-10-08,0.3350394152489033,0.21244791912149547
ADBE,2025-10-09,0.3339109913635974,0.20507988330509788
ADBE,2025-10-10,0.2878995117896117,0.21645398154875875
ADBE,2025-10-13,0.2903098767607915,0.2148866120990906
ADBE,2025-10-14,0.277516608517847,0.21567867061647383
ADBE,2025-10-15,0.4402455336696909,0.21572324079300417
ADBE,2025-10-16,0.4388343672422325,0.21856965927355593
ADBE,2025-10-17,0.4358824004453037,0.2166829180133715
ADBE,2025-10-20,0.4088799251750251,0.22952283425194722
ADBE,2025-10-21,0.3346431240164217,0.24154034214883124
ADBE,2025-10-22,0.3357601411264186,0.2390925327318936
ADBE,2025-10-23,0.3472852283812986,0.23625034055381033
ADBE,2025-10-24,0.3475284303839247,0.23896868214765385
ADBE,2025-10-27,0.3388540089491573,0.23177445089975973
ADBE,2025-10-28,0.3493461571117742,0.21258793675201576
ADBE,2025-10-29,0.1743233839454864,0.257282464623933
ADBE,2025-10-30,0.1792106881566481,0.2557614071821611
ADBE,2025-10-31,0.1791489730734902,0.25399384803185016
ADBE,2025-11-03,0.1944143948468765,0.2528390141253734
ADBE,2025-11-04,0.1940588093805479,0.2527396308889943
ADBE,2025-11-05,0.2090703805907213,0.22052883401111628
ADBE,2025-11-06,0.1941132780087664,0.2226225906531323
ADBE,2025-11-07,0.2863238681167488,0.2211659478639713
ADBE,2025-11-10,0.2942531293362245,0.22227987313859188
ADBE,2025-11-11,0.2823342410512777,0.22599423193318022
ADBE,2025-11-12,0.268569839181181,0.23753480353666007
ADBE,2025-11-13,0.2761560640671568,0.22750496116958238
ADBE,2025-11-14,0.2822485459789101,0.22933706419390612
ADBE,2025-11-17,0.2680025031122801,0.23069962592258964
ADBE,2025-11-18,0.2755150932209859,0.22662222289041492
ADBE,2025-11-19,0.2510944513644471,0.22006951155601803
ADBE,2025-11-20,0.3206352911936803,0.22284748696069592
ADBE,2025-11-21,0.3170353303930343,0.24856909532772656
ADBE,2025-11-24,0.2964694663817083,0.24865324593149568
ADBE,2025-11-25,0.30091771158001,0.24466649729676487
ADBE,2025-11-26,0.2979648392527687,0.2427809364443514
ADBE,2025-11-28,0.299842406006183,0.23915014496273093
ADBE,2025-12-01,0.3266078371417179,0.22493720493771047
ADBE,2025-12-02,0.3364541958583611,0.21447699736740597
ADBE,2025-12-03,0.3410654696338416,0.21630017181826458
ADBE,2025-12-04,0.3418346396933541,0.21322056393923194
ADBE,2025-12-05,0.2381750716139722,0.24727842574940076
ADBE,2025-12-08,0.1986305692354409,0.2578132138339151
ADBE,2025-12-09,0.2123299947487384,0.25927819939547736
ADBE,2025-12-10,0.2099763155394775,0.2590760535442288
ADBE,2025-12-11,0.183897892333688,0.25835821337137216
ADBE,2025-12-12,0.1608068106240255,0.24506199607430038
ADBE,2025-12-15,0.1411142238678836,0.24157264654607644
ADBE,2025-12-16,0.1373282455286721,0.2421667738694823
AMD,2025-01-02,0.5097415956699977,0.31701984601249317
AMD,2025-01-03,0.4667972204603227,0.3410990984945744
AMD,2025-01-06,0.4331842378152693,0.3520340457510715
AMD,2025-01-07,0.427546006967097,0.3447848337656974
AMD,2025-01-08,0.3627427933738697,0.3587306803328836
AMD,2025-01-10,0.4317436711757438,0.37183672426967607
AMD,2025-01-13,0.4274178319746584,0.3549272052895817
AMD,2025-01-14,0.4499510758361029,0.3406812004283499
AMD,2025-01-15,0.4207276597730837,0.3582216286422075
AMD,2025-01-16,0.4343221514894392,0.3519520956272729
AMD,2025-01-17,0.4094966520723151,0.33941810262680033
AMD,2025-01-21,0.4810848060078332,0.34075938996262967
AMD,2025-01-22,0.5642865375697794,0.33945565490719354
AMD,2025-01-23,0.5646604555275317,0.33583214900967495
AMD,2025-01-24,0.5653063057385797,0.33395297373876914
AMD,2025-01-27,0.5129136043241854,0.36740017868142444
AMD,2025-01-28,0.514678212800676,0.3586644908202815
AMD,2025-01-29,0.4898372662649773,0.322855306242113
AMD,2025-01-30,0.4813328437424369,0.3247787242295292
AMD,2025-01-31,0.4763368172194474,0.3262019252595738
AMD,2025-02-03,0.4750609404882191,0.3070659486725869
AMD,2025-02-04,0.4064953250627193,0.3226266962952322
AMD,2025-02-05,0.2284916670172729,0.3465376609476125
AMD,2025-02-06,0.2643701970690366,0.3392339532053714
AMD,2025-02-07,0.2671419484502731,0.3402667516161276
AMD,2025-02-10,0.2896360854772412,0.3530203326820326
AMD,2025-02-11,0.2919019291997501,0.33909492269468317
AMD,2025-02-12,0.360595638552418,0.31839517335515904
AMD,2025-02-13,0.3634411267548177,0.3160492096047218
AMD,2025-02-14,0.3407729491697754,0.3035692855729406
AMD,2025-02-18,0.3771629915524104,0.29214887004053863
AMD,2025-02-19,0.3847190171234064,0.2963337789994374
AMD,2025-02-20,0.3900160648513971,0.3090088733820376
AMD,2025-02-21,0.4047549269778612,0.3237463156264286
AMD,2025-02-24,0.4220687854711348,0.3259191222462344
AMD,2025-02-25,0.395163980964046,0.3273436835855201
AMD,2025-02-26,0.4598894439633095,0.3280731110756014
AMD,2025-02-27,0.4024229142116222,0.3362604963499178
AMD,2025-02-28,0.4300433017849216,0.3411850896061943
AMD,2025-03-03,0.4487946241483875,0.3365243642996472
AMD,2025-03-04,0.4420890110966373,0.3428345365907853
AMD,2025-03-05,0.4567523050788549,0.3420304495435207
AMD,2025-03-06,0.4192087117260549,0.33158432144206157
AMD,2025-03-07,0.4233531251385012,0.3332213179392747
AMD,2025-03-10,0.4488690056680497,0.33329109876783564
AMD,2025-03-11,0.4436114743099332,0.32728756235189754
AMD,2025-03-12,0.5070096534377777,0.34138768905537953
AMD,2025-03-13,0.5189749582925087,0.3459540574173545
AMD,2025-03-14,0.5424788307031907,0.34952020696183583
AMD,2025-03-17,0.5105081029088959,0.34622775501295877
AMD,2025-03-18,0.5082889420109098,0.3490859248990231
AMD,2025-03-19,0.4868347989926671,0.3448495162406748
AMD,2025-03-20,0.6567250970331554,0.3335620271471352
AMD,2025-03-21,0.7574765391428562,0.3352432952104328
AMD,2025-03-24,0.5735188560237662,0.3596890246601247
AMD,2025-03-25,0.5538303106924474,0.35522451137740757
AMD,2025-03-26,1.3797325802163585,0.3717553278771695
AMD,2025-03-27,1.4287256977727711,0.3795677546552517
AMD,2025-03-28,1.4673421604441128,0.383352220355584
AMD,2025-03-31,1.4713045931888724,0.35127146907051027
AMD,2025-04-01,1.4731641113678755,0.34783946571953234
AMD,2025-04-02,1.5109594411431622,0.34159313275778685
AMD,2025-04-03,1.4473409935214887,0.38577465880218265
AMD,2025-04-04,1.3775128209397376,0.415202839675702
AMD,2025-04-07,1.370842365465188,0.41866374239791093
AMD,2025-04-08,1.3260088670006671,0.4179850578984818
AMD,2025-04-09,0.7691318386534278,0.6181518318800715
AMD,2025-04-10,0.6094073326740697,0.6300685323306956
AMD,2025-04-11,0.5610592998639276,0.6231950798595606
AMD,2025-04-14,0.559739240321452,0.6204593908232361
AMD,2025-04-15,0.5619784658913127,0.6048548432221045
AMD,2025-04-16,0.3642015420450323,0.5450303596626926
AMD,2025-04-17,0.3543238471912005,0.5287099013861052
AMD,2025-04-21,0.2974381593994735,0.5177898203569204
AMD,2025-04-22,0.3474042039710091,0.517580826634788
AMD,2025-04-23,0.295918238601379,0.5318656951682394
AMD,2025-04-24,0.2309631649561714,0.5487956896268787
AMD,2025-04-25,0.2160714575987017,0.5535831082947426
AMD,2025-04-28,0.3008925220300573,0.5463581922872944
AMD,2025-04-29,0.3177024129395723,0.5489853586086351
AMD,2025-04-30,0.3506429597903878,0.5428829630332764
AMD,2025-05-01,0.3917337454671056,0.5395138833010766
AMD,2025-05-02,0.3910016473054228,0.5326115023166431
AMD,2025-05-05,0.4348253529735117,0.5368366925418281
AMD,2025-05-06,0.4177451570172284,0.540421093542884
AMD,2025-05-07,0.4380548425622148,0.5431134055930696
AMD,2025-05-08,0.4527142754295422,0.5450938188612559
AMD,2025-05-09,0.4563407544452734,0.5444582399690778
AMD,2025-05-12,0.4271634975610512,0.557914775347428
AMD,2025-05-13,0.3933140867120147,0.5498301074303183
AMD,2025-05-14,0.3027538333977969,0.5536113838720877
AMD,2025-05-15,0.2978531617690604,0.5697491763245222
AMD,2025-05-16,0.3391677566567936,0.5695804293958827
AMD,2025-05-19,0.3430199614925243,0.5696324360061866
AMD,2025-05-20,0.3371709990544072,0.565325262439851
AMD,2025-05-21,0.358612446732197,0.5432833155960509
AMD,2025-05-22,0.3483110841362228,0.5405261742137758
AMD,2025-05-23,0.4013291134894726,0.521735472528445
AMD,2025-05-27,0.3708654526683816,0.5476147562125828
AMD,2025-05-28,0.3747719401534748,0.5502022725686238
AMD,2025-05-29,0.4022009216342304,0.5527504797716587
AMD,2025-05-30,0.4011304528366548,0.5562736019483114
AMD,2025-06-02,0.5536600490465283,0.5604622403100595
AMD,2025-06-03,0.5487994419574013,0.5560101662755104
AMD,2025-06-04,0.5509465513707468,0.5491673051838212
AMD,2025-06-05,0.5224614189410252,0.5568757509317933
AMD,2025-06-06,0.5214011773705755,0.5488677961793127
AMD,2025-06-09,0.5660015377774762,0.553185971514337
AMD,2025-06-10,0.5770153571203718,0.5526857033844699
AMD,2025-06-11,0.5545451929665006,0.554781573821666
AMD,2025-06-12,0.520150391952285,0.5532694251811768
AMD,2025-06-13,0.5071258868697732,0.5561128043227532
AMD,2025-06-16,0.4506664743454239,0.5838030472701726
AMD,2025-06-17,0.4533091985760589,0.5837934691432322
AMD,2025-06-18,0.4547600049172643,0.5726186904239822
AMD,2025-06-20,0.4801808609336667,0.5694033990733637
AMD,2025-06-23,0.4874630470585716,0.5589207101580408
AMD,2025-06-24,0.3557528956992795,0.5508795008169001
AMD,2025-06-25,0.3715294931559374,0.5489159914274329
AMD,2025-06-26,0.3791857172234707,0.5485596635342268
AMD,2025-06-27,0.3794921768855606,0.5528858031563723
AMD,2025-06-30,0.4732540617397717,0.5604157703068661
AMD,2025-07-01,0.3846786321676133,0.5409637601918816
AMD,2025-07-02,0.3909879450989509,0.5118916058079468
AMD,2025-07-03,0.4225976371488413,0.5089607497092256
AMD,2025-07-07,0.3820460593368368,0.49634570267480466
AMD,2025-07-08,0.4072125328669347,0.3862627314803404
AMD,2025-07-09,0.4101642865443816,0.35129786398634266
AMD,2025-07-10,0.3853667800095204,0.35628257335147856
AMD,2025-07-11,0.3922336330017926,0.35475182055124277
AMD,2025-07-14,0.4090146799794373,0.3451815234791422
AMD,2025-07-15,0.326677703029617,0.33846042841517715
AMD,2025-07-16,0.3154961161923,0.33999795235710867
AMD,2025-07-17,0.346717520496751,0.3379494190548014
AMD,2025-07-18,0.3597396237373083,0.3491459341364176
AMD,2025-07-21,0.3691259706353085,0.3463559398734524
AMD,2025-07-22,0.3680133581566401,0.3243630444961369
AMD,2025-07-23,0.5279333302539815,0.32276956264635065
AMD,2025-07-24,0.5855829108076941,0.3284303571906367
AMD,2025-07-25,0.5745697590960246,0.3248420931064476
AMD,2025-07-28,0.5328766896231721,0.33184707351384657
AMD,2025-07-29,0.5265131879409837,0.31864737274330895
AMD,2025-07-30,0.5914219053967723,0.32238872947375685
AMD,2025-07-31,0.5924297861585677,0.33873859646171034
AMD,2025-08-01,0.5834563400735118,0.34796178261365635
AMD,2025-08-04,0.5668879859047136,0.34333788591346537
AMD,2025-08-05,0.6307177115244018,0.343413765002071
AMD,2025-08-06,0.5308057211901798,0.36946972978653253
AMD,2025-08-07,0.4373663986422776,0.38683032747287016
AMD,2025-08-08,0.4614804538340819,0.38179117451765304
AMD,2025-08-11,0.4764738406315882,0.375376268345919
AMD,2025-08-12,0.4822730687014003,0.3734468647140706
AMD,2025-08-13,0.3668341755653729,0.3541771605507776
AMD,2025-08-14,0.3736975502787076,0.35274845284996564
AMD,2025-08-15,0.3975737973667728,0.35874695190061895
AMD,2025-08-18,0.3990660266438745,0.3596256303270602
AMD,2025-08-19,0.2969916056770218,0.3808990698016871
AMD,2025-08-20,0.2954323435089424,0.3596471795726437
AMD,2025-08-21,0.4451449401645749,0.3635575943409228
AMD,2025-08-22,0.4122501079198702,0.37300478497195877
AMD,2025-08-25,0.4432161333932367,0.37663567255852304
AMD,2025-08-26,0.4495191991161844,0.3634618550213745
AMD,2025-08-27,0.4580842564666405,0.3666450929772467
AMD,2025-08-28,0.4700288785019027,0.3640134532923272
AMD,2025-08-29,0.4498728859559037,0.37374204226619545
AMD,2025-09-02,0.4501923719498769,0.36677978853747567
AMD,2025-09-03,0.4515555661815223,0.3678948828667172
AMD,2025-09-04,0.4525569648931574,0.36164853077892567
AMD,2025-09-05,0.2689671334749875,0.38810916072383855
AMD,2025-09-08,0.274114780746838,0.38899759420010255
AMD,2025-09-09,0.2421663775737434,0.3949283488021327
AMD,2025-09-10,0.2138812070796356,0.39758956276420304
AMD,2025-09-11,0.1603858908430482,0.37985446006442797
AMD,2025-09-12,0.1521869662931717,0.35472349712467555
AMD,2025-09-15,0.1407939739408084,0.35577246181810984
AMD,2025-09-16,0.1389396477879815,0.3541253286472614
AMD,2025-09-17,0.142546875697162,0.3514479398634401
AMD,2025-09-18,0.1986759836687451,0.3311749829361259
AMD,2025-09-19,0.2713718409861938,0.3331042377938451
AMD,2025-09-22,1.0840841325839754,0.33283079914376207
AMD,2025-09-23,1.0812559937889417,0.3354563096687374
AMD,2025-09-24,1.1384983033046847,0.3346151393093325
AMD,2025-09-25,1.1526618700032651,0.32782831242008914
AMD,2025-09-26,1.2786217034041896,0.33166947749290515
AMD,2025-09-29,1.2807366458717535,0.3310701747059335
AMD,2025-09-30,1.2780490562420084,0.3281285993056701
AMD,2025-10-01,1.3079058552046607,0.3292038788292854
AMD,2025-10-02,1.33652711192144,0.3391102249039436
AMD,2025-10-03,1.3102717233376513,0.3432656164318066
AMD,2025-10-06,0.8590333443331788,0.5315525721169527
AMD,2025-10-07,0.8601607127431599,0.5303434801565068
AMD,2025-10-08,0.6955726675558351,0.5443746755863818
AMD,2025-10-09,0.7022462490575704,0.5525439025580494
AMD,2025-10-10,0.6240941656443902,0.5820692841160889
AMD,2025-10-13,0.623608232719271,0.5194594147966227
AMD,2025-10-14,0.6342031440988126,0.5174938909039901
AMD,2025-10-15,0.4920963782979602,0.5220960531379741
AMD,2025-10-16,0.530599176172539,0.5215710816104943
AMD,2025-10-17,0.5248719008271652,0.4969513776497411
AMD,2025-10-20,0.5112245576685465,0.5230011772299871
AMD,2025-10-21,0.5545215033377682,0.5234639033691053
AMD,2025-10-22,0.5178276747253844,0.5066646595869023
AMD,2025-10-23,0.6691509371634162,0.5094223671015657
AMD,2025-10-24,0.5363557260931989,0.544191257657564
AMD,2025-10-27,0.5733442471305918,0.5420637238906671
AMD,2025-10-28,0.5826141609343088,0.5398265069089191
AMD,2025-10-29,0.7408241166609021,0.5322039202069951
AMD,2025-10-30,0.7500685957316695,0.5389755440749932
AMD,2025-10-31,0.7488414788900812,0.5125849927144761
AMD,2025-11-03,0.7494108315383696,0.5100598875789344
AMD,2025-11-04,0.7564362420420333,0.5198157042255592
AMD,2025-11-05,0.7390707625143036,0.5227052946438657
AMD,2025-11-06,0.7540974678969606,0.5415093986821476
AMD,2025-11-07,0.7540158919544697,0.5469514239796803
AMD,2025-11-10,0.7768806193743327,0.5574414705234872
AMD,2025-11-11,0.7886573899847161,0.5571930021875382
AMD,2025-11-12,0.6416949157171741,0.5770492130786953
AMD,2025-11-13,0.6469306059485166,0.5693182046220827
AMD,2025-11-14,0.6565791646113547,0.5673686515209925
AMD,2025-11-17,0.6540108037092791,0.5666736155601148
AMD,2025-11-18,0.6353728453992256,0.5726555233610993
AMD,2025-11-19,0.6214735251890676,0.5229568216475962
AMD,2025-11-20,0.4430389575688633,0.5554783551925849
AMD,2025-11-21,0.4346423784559451,0.5534995217033123
AMD,2025-11-24,0.3522018636153443,0.5860753145334646
AMD,2025-11-25,0.2490341427591566,0.5897395624901012
AMD,2025-11-26,0.1777813264995238,0.6092425788613202
AMD,2025-11-28,0.3056179245326483,0.5846453970879427
AMD,2025-12-01,0.3011998524668277,0.5701495758622143
AMD,2025-12-02,0.2950768242104157,0.5650624167680892
AMD,2025-12-03,0.3794875339816762,0.5502305287032779
AMD,2025-12-04,0.398587266719186,0.54245078451344
AMD,2025-12-05,0.5190724829284333,0.5490139721503223
AMD,2025-12-08,0.5139294703683416,0.5504188622346489
AMD,2025-12-09,0.513378064051132,0.5461319361917059
AMD,2025-12-10,0.5136217489856186,0.5516557000910582
AMD,2025-12-11,0.5135787054934274,0.5525774746567896
AMD,2025-12-12,0.4438094111858469,0.5763610151917331
AMD,2025-12-15,0.4337321159716208,0.5732382100641368
AMD,2025-12-16,0.4353778602631519,0.5747908676514808
NVDA,2025-01-02,0.5560782036088595,0.30674606913073893
NVDA,2025-01-03,0.5180169507781893,0.31791145731846165
NVDA,2025-01-06,0.5386848258428127,0.3174821303716587
NVDA,2025-01-07,0.4108071638833011,0.3516461115580942
NVDA,2025-01-08,0.4504396586210925,0.35015310650879666
NVDA,2025-01-10,1.0453874129210878,0.3517378858185656
NVDA,2025-01-13,1.1561177059845236,0.3321466005050411
NVDA,2025-01-14,1.1721917569594826,0.3127590998878946
NVDA,2025-01-15,1.1547261360219925,0.31517305172044746
NVDA,2025-01-16,1.1627582163092285,0.31728986380235724
NVDA,2025-01-17,1.1418835068204507,0.3171943045548347
NVDA,2025-01-21,1.136957044801848,0.31822435532918686
NVDA,2025-01-22,1.1485612544428092,0.3207727382118423
NVDA,2025-01-23,1.17027346521324,0.3285478043255984
NVDA,2025-01-24,1.1703113014295747,0.33620607505373845
NVDA,2025-01-27,0.638796201964311,0.4985853258165866
NVDA,2025-01-28,0.4924746122267787,0.5305283495794698
NVDA,2025-01-29,0.4366723362155909,0.5256524077553842
NVDA,2025-01-30,0.4549581940429047,0.521949612015251
NVDA,2025-01-31,0.3824852752690812,0.5237387798135139
NVDA,2025-02-03,0.3063025091290963,0.463071215837273
NVDA,2025-02-04,0.3209619407029522,0.4256643809085659
NVDA,2025-02-05,0.2573707907561184,0.439913507831244
NVDA,2025-02-06,0.3469070946927077,0.44310754489299237
NVDA,2025-02-07,0.3885104454929308,0.4313135564503987
NVDA,2025-02-10,0.3783515372897423,0.4441304338433136
NVDA,2025-02-11,0.4315433246450081,0.4591890218139458
NVDA,2025-02-12,0.6168288058899942,0.4591580687694403
NVDA,2025-02-13,0.6319680918054695,0.4611482460498926
NVDA,2025-02-14,0.7222239882378751,0.4660702932500726
NVDA,2025-02-18,0.7366942930822032,0.4678048581983173
NVDA,2025-02-19,0.7473908744863478,0.4598176473656877
NVDA,2025-02-20,0.7619086295154733,0.45763536179366265
NVDA,2025-02-21,0.7826234765265118,0.4710690266473985
NVDA,2025-02-24,0.7994324420888153,0.4648344502168251
NVDA,2025-02-25,0.8173262415004239,0.46086778352300384
NVDA,2025-02-26,0.8721722883202415,0.4774410683365542
NVDA,2025-02-27,0.7623442474886987,0.5032823043584634
NVDA,2025-02-28,0.7841019252448914,0.517479451022328
NVDA,2025-03-03,0.6227271678418473,0.5457164315193775
NVDA,2025-03-04,0.6481676008929169,0.5492438575258994
NVDA,2025-03-05,0.6524245048136071,0.5399315239372675
NVDA,2025-03-06,0.5624941075071136,0.5368535005937035
NVDA,2025-03-07,0.5620762921803482,0.5303113682703213
NVDA,2025-03-10,0.4770906781662703,0.5172256127861119
NVDA,2025-03-11,0.4852723337030259,0.5158538249493773
NVDA,2025-03-12,0.5042779744273623,0.5374250526047636
NVDA,2025-03-13,0.5131507459914896,0.528950666050859
NVDA,2025-03-14,0.4124868753849877,0.5393033898599568
NVDA,2025-03-17,0.4105958802810677,0.5324294203594073
NVDA,2025-03-18,0.403159536934219,0.5454191173164457
NVDA,2025-03-19,0.3859457607232927,0.532666216391362
NVDA,2025-03-20,0.5271989738244741,0.5373856058588653
NVDA,2025-03-21,0.6061965797267964,0.5179687828044528
NVDA,2025-03-24,0.6154117389445698,0.5280361979786056
NVDA,2025-03-25,0.6109915452841278,0.5147240127547082
NVDA,2025-03-26,1.1147808808847346,0.5444180869947874
NVDA,2025-03-27,1.1538383108985515,0.5428485946630991
NVDA,2025-03-28,1.1635502903968526,0.5485697959085468
NVDA,2025-03-31,1.1615240315192006,0.5323232718440093
NVDA,2025-04-01,1.160650355918647,0.5393476855265084
NVDA,2025-04-02,1.2170753983553817,0.518770580609127
NVDA,2025-04-03,1.1526292588238738,0.5514793252572574
NVDA,2025-04-04,1.105749829468633,0.5616574212574591
NVDA,2025-04-07,1.096375693310908,0.5767467718015044
NVDA,2025-04-08,1.1071317863210066,0.5708189099170635
NVDA,2025-04-09,0.6585992000185118,0.6799979190313185
NVDA,2025-04-10,0.6253244109636142,0.678679233015231
NVDA,2025-04-11,0.6150215190286482,0.6600008875120746
NVDA,2025-04-14,0.6154679022290445,0.6613953890066501
NVDA,2025-04-15,0.6099326298630021,0.6567211659653055
NVDA,2025-04-16,0.4868993427555962,0.6046081481614067
NVDA,2025-04-17,0.4506008463329502,0.5968686010004016
NVDA,2025-04-21,0.3356071231380836,0.5940104344606777
NVDA,2025-04-22,0.3469032379046041,0.6018712458927501
NVDA,2025-04-23,0.3343195235549437,0.5467712454118485
NVDA,2025-04-24,0.31241803164001,0.5486455845418676
NVDA,2025-04-25,0.2624673941231448,0.5486827213488936
NVDA,2025-04-28,0.3159090561418372,0.5346272281041251
NVDA,2025-04-29,0.3742911554909749,0.5340942940823923
NVDA,2025-04-30,0.3752453415988403,0.5312897001466249
NVDA,2025-05-01,0.3957053518467791,0.5359726965006665
NVDA,2025-05-02,0.4001238655298607,0.5267013381321867
NVDA,2025-05-05,0.3901712156415991,0.5245505423799625
NVDA,2025-05-06,0.4004357176439675,0.5246389391225377
NVDA,2025-05-07,0.4300007792799559,0.5280243070363859
NVDA,2025-05-08,0.427684549706089,0.5287084021511765
NVDA,2025-05-09,0.4351934860201208,0.529380485635438
NVDA,2025-05-12,0.3892641752846364,0.5446298352434163
NVDA,2025-05-13,0.3009309360466344,0.5503860837983269
NVDA,2025-05-14,0.2723796902995863,0.5550716492351728
NVDA,2025-05-15,0.317044921596981,0.5561247112968366
NVDA,2025-05-16,0.3272282508268294,0.5521335321300683
NVDA,2025-05-19,0.3524716087321933,0.547292971383278
NVDA,2025-05-20,0.3450618287691933,0.53519839782741
NVDA,2025-05-21,0.3346087890073976,0.5181560852174305
NVDA,2025-05-22,0.3360283821156321,0.5179853669480953
NVDA,2025-05-23,0.3206061552284239,0.4991864151232122
NVDA,2025-05-27,0.2936890177263748,0.5138548882097924
NVDA,2025-05-28,0.2968652036295586,0.49782051278845435
NVDA,2025-05-29,0.2656038512440979,0.501475884172287
NVDA,2025-05-30,0.2373776237190433,0.511163641447135
NVDA,2025-06-02,0.2410347582860904,0.5002267469757545
NVDA,2025-06-03,0.2088896731766622,0.4985200289609989
NVDA,2025-06-04,0.2117946290294707,0.48977735747310425
NVDA,2025-06-05,0.2069017273486001,0.48854659628414826
NVDA,2025-06-06,0.1999391313164341,0.46938096069988167
NVDA,2025-06-09,0.2328653840649091,0.4695268980136605
NVDA,2025-06-10,0.3039615380003373,0.4587046946053182
NVDA,2025-06-11,0.2932869763189278,0.4593611591880788
NVDA,2025-06-12,0.2950889930351236,0.4542386161980238
NVDA,2025-06-13,0.2500713490882748,0.4648443294481237
NVDA,2025-06-16,0.3170646317683698,0.4682726321276293
NVDA,2025-06-17,0.3260128249851801,0.46963556401279616
NVDA,2025-06-18,0.3267935975660132,0.4671272176166855
NVDA,2025-06-20,0.3198725541762623,0.46723667061052027
NVDA,2025-06-23,0.3172820668412693,0.45131144863688505
NVDA,2025-06-24,0.3092549466706857,0.45226058038487976
NVDA,2025-06-25,0.2495260087353954,0.4601876659769205
NVDA,2025-06-26,0.2494648374771918,0.460450159200799
NVDA,2025-06-27,0.2466925003973384,0.4538125361563561
NVDA,2025-06-30,0.3037923259320426,0.4566078000652587
NVDA,2025-07-01,0.2220144961275124,0.44902802746541237
NVDA,2025-07-02,0.2071984588567851,0.4221876489795402
NVDA,2025-07-03,0.2156090973925328,0.42076635900225057
NVDA,2025-07-07,0.2138542268778457,0.41952812106809867
NVDA,2025-07-08,0.271027778992427,0.32962372959101116
NVDA,2025-07-09,0.2779275423633843,0.2992027059577483
NVDA,2025-07-10,0.2847970814130815,0.296600213131361
NVDA,2025-07-11,0.2870348519829554,0.29588107052103624
NVDA,2025-07-14,0.2880460308287159,0.29549445014506204
NVDA,2025-07-15,0.2318893543320888,0.28197427123324487
NVDA,2025-07-16,0.2497973315482362,0.28036567006307195
NVDA,2025-07-17,0.2552249235663363,0.26638768828124126
NVDA,2025-07-18,0.2870819799884505,0.26764172884510734
NVDA,2025-07-21,0.3318721846708252,0.2648749843837412
NVDA,2025-07-22,0.2985982658943476,0.25674123054130643
NVDA,2025-07-23,0.2856070803259646,0.257672255982957
NVDA,2025-07-24,0.2780135464572033,0.25557031453199075
NVDA,2025-07-25,0.2780765448995348,0.25561700442499447
NVDA,2025-07-28,0.2702759025285148,0.2568585143309985
NVDA,2025-07-29,0.26463929479775,0.2502059175835202
NVDA,2025-07-30,0.2533022373141091,0.2481616263411382
NVDA,2025-07-31,0.2481352203465995,0.24976112135444914
NVDA,2025-08-01,0.2133332195937365,0.2593290727995071
NVDA,2025-08-04,0.1263903159201909,0.26495645326090916
NVDA,2025-08-05,0.2204541678197308,0.2685993365023197
NVDA,2025-08-06,0.2159871781685606,0.26579006016993134
NVDA,2025-08-07,0.2090657796190422,0.2547277504655967
NVDA,2025-08-08,0.2230541311411866,0.2336816571829301
NVDA,2025-08-11,0.2319121516303801,0.21660073652225847
NVDA,2025-08-12,0.2373367559320802,0.2119772766801476
NVDA,2025-08-13,0.2333251298903581,0.21758228744762392
NVDA,2025-08-14,0.2360968487671911,0.21714405084771216
NVDA,2025-08-15,0.2871261166160852,0.21763422807753585
NVDA,2025-08-18,0.2887786948411754,0.221230789939741
NVDA,2025-08-19,0.2385026364956995,0.23767521212158527
NVDA,2025-08-20,0.2427320600747348,0.2370038711437918
NVDA,2025-08-21,0.273886534231126,0.23274904252115336
NVDA,2025-08-22,0.2565923998700758,0.23698048190752996
NVDA,2025-08-25,0.2647223545367898,0.23255374927411254
NVDA,2025-08-26,0.3353368551531156,0.20899199442052382
NVDA,2025-08-27,0.3353486483407146,0.2084298616727231
NVDA,2025-08-28,0.3351205026115209,0.20826046406060067
NVDA,2025-08-29,0.2821685005711116,0.22539321884511315
NVDA,2025-09-02,0.275196392309308,0.225247968434424
NVDA,2025-09-03,0.3115919431926769,0.22339381934095853
NVDA,2025-09-04,0.3565698178648896,0.2255096474122481
NVDA,2025-09-05,0.3152482077996243,0.23067769014524725
NVDA,2025-09-08,0.3562592119691977,0.22937710577288867
NVDA,2025-09-09,0.3997606052942162,0.22943042935967203
NVDA,2025-09-10,0.3566482731830269,0.2387827317850966
NVDA,2025-09-11,0.357248427885954,0.23797997085617978
NVDA,2025-09-12,0.3570489952359604,0.2258585901620149
NVDA,2025-09-15,0.3709587457040662,0.23016173494709224
NVDA,2025-09-16,0.371976122628341,0.23670598637982188
NVDA,2025-09-17,0.3247151613707957,0.22975119600610278
NVDA,2025-09-18,0.2938124177432036,0.24429852353237438
NVDA,2025-09-19,0.3012679867728895,0.23761191208678836
NVDA,2025-09-22,0.249985936630673,0.25108484533061065
NVDA,2025-09-23,0.1907014647193858,0.25656373744616495
NVDA,2025-09-24,0.1977622778342607,0.2546561473078434
NVDA,2025-09-25,0.2051107568389921,0.2431268916791549
NVDA,2025-09-26,0.3579355567213343,0.24012692520209
NVDA,2025-09-29,0.3699354507411545,0.23173592449570934
NVDA,2025-09-30,0.4183125086969331,0.2283224224888798
NVDA,2025-10-01,0.4167509657024842,0.2264862298905816
NVDA,2025-10-02,0.4187628627515243,0.2263090876349114
NVDA,2025-10-03,0.4222187658777994,0.2299784461238164
NVDA,2025-10-06,0.4194666496855744,0.23584304229443562
NVDA,2025-10-07,0.4207605998429866,0.22995927766718854
NVDA,2025-10-08,0.3991295723936998,0.23116872821823
NVDA,2025-10-09,0.3884172607483591,0.2346631110619382
NVDA,2025-10-10,0.319874372446448,0.25948020547658635
NVDA,2025-10-13,0.3196680504826346,0.2665241239136947
NVDA,2025-10-14,0.2798585865246426,0.28383071831174567
NVDA,2025-10-15,0.2847451187047645,0.27649681613994875
NVDA,2025-10-16,0.33330659136495,0.2728263876619083
NVDA,2025-10-17,0.3394497771333086,0.261477986984571
NVDA,2025-10-20,0.3351737660385965,0.2550771072066222
NVDA,2025-10-21,0.4192501082909011,0.2334350131341458
NVDA,2025-10-22,0.4359027458532565,0.23513011238092824
NVDA,2025-10-23,0.4905350058578327,0.23375751625724456
NVDA,2025-10-24,0.4788896479568655,0.24604353336306642
NVDA,2025-10-27,0.5410677875255192,0.25090099688183554
NVDA,2025-10-28,0.5015613587269899,0.26410795775275897
NVDA,2025-10-29,0.4688389980110575,0.25841641890169187
NVDA,2025-10-30,0.4886997595967674,0.2740846250908972
NVDA,2025-10-31,0.505257804269193,0.27652632128650095
NVDA,2025-11-03,0.4834142154011934,0.27757568129797644
NVDA,2025-11-04,0.4660521808357164,0.2839050373506397
NVDA,2025-11-05,0.4980098935091916,0.276388455211504
NVDA,2025-11-06,0.4891047272825817,0.28324702075174457
NVDA,2025-11-07,0.4892007648456042,0.2843320984743582
NVDA,2025-11-10,0.385025054376324,0.3124419820305182
NVDA,2025-11-11,0.3795693199476465,0.3159748100449038
NVDA,2025-11-12,0.3917284740733767,0.31125827600939543
NVDA,2025-11-13,0.3633192439339558,0.31600257342181615
NVDA,2025-11-14,0.3612444844210872,0.3175147048233254
NVDA,2025-11-17,0.359007444777765,0.298585602711344
NVDA,2025-11-18,0.3333013389614897,0.3022879132458185
NVDA,2025-11-19,0.3174857542064016,0.31187996869886536
NVDA,2025-11-20,0.2709011331906172,0.3151465541414387
NVDA,2025-11-21,0.2745267202085819,0.31036887932451007
NVDA,2025-11-24,0.2595477465489773,0.3178388549415497
NVDA,2025-11-25,0.2160334887668109,0.31875889118078954
NVDA,2025-11-26,0.2265466120315681,0.3135251250590437
NVDA,2025-11-28,0.2693827459202629,0.31214239802007754
NVDA,2025-12-01,0.2563749912301208,0.312032072830502
NVDA,2025-12-02,0.255872457090926,0.3093463957695629
NVDA,2025-12-03,0.315006596363662,0.30469899961782665
NVDA,2025-12-04,0.3096881879324732,0.30389667692621736
NVDA,2025-12-05,0.3796222156347248,0.3017940673030964
NVDA,2025-12-08,0.3768063095833042,0.3028663215118681
NVDA,2025-12-09,0.4063252380293348,0.3044365876763058
NVDA,2025-12-10,0.4046851915725547,0.30464833375767436
NVDA,2025-12-11,0.3926870959504471,0.30034828581091894
NVDA,2025-12-12,0.3466538875306857,0.30665250108194614
NVDA,2025-12-15,0.3509417776561221,0.30322847666054276
NVDA,2025-12-16,0.3555315840928474,0.29996135999936985
PLTR,2025-01-02,0.7013632523874127,0.5054794944761937
PLTR,2025-01-03,0.617875540995826,0.5374775167040151
PLTR,2025-01-06,0.6347092432483811,0.5452508467352658
PLTR,2025-01-07,0.4446735016864426,0.5818733080449378
PLTR,2025-01-08,0.4006526542340809,0.5844667314838428
PLTR,2025-01-10,0.4865363809745163,0.5866449818732811
PLTR,2025-01-13,0.4711328747539621,0.551310808892909
PLTR,2025-01-14,0.4897569850989887,0.5615578679837238
PLTR,2025-01-15,0.4833200260752842,0.5509263534922786
PLTR,2025-01-16,0.4833711654738603,0.5480207803040859
PLTR,2025-01-17,0.472381752675379,0.5488851117977592
PLTR,2025-01-21,1.108998138358377,0.5287360811838685
PLTR,2025-01-22,1.14262954025956,0.5363084738361965
PLTR,2025-01-23,1.1892030198625314,0.5472840581278626
PLTR,2025-01-24,1.1924827063126695,0.5557809965636902
PLTR,2025-01-27,1.1071724750920855,0.5810404740146489
PLTR,2025-01-28,1.1679906879759436,0.5971722954338905
PLTR,2025-01-29,1.1468224377634972,0.5892143308745518
PLTR,2025-01-30,1.1557255075891344,0.5806639224093326
PLTR,2025-01-31,1.1586113676108472,0.5807703266556001
PLTR,2025-02-03,1.1525925690212235,0.5602119172417444
PLTR,2025-02-04,0.8808826648160447,0.6212541654562502
PLTR,2025-02-05,0.9211701616582726,0.615380810678101
PLTR,2025-02-06,0.8057091548144746,0.6273145004317823
PLTR,2025-02-07,0.9522427637524914,0.6291821358366151
PLTR,2025-02-10,0.8659873508736876,0.6326585684109166
PLTR,2025-02-11,0.8931673649447214,0.5764833830277455
PLTR,2025-02-12,0.8243747431319536,0.5734578856331234
PLTR,2025-02-13,0.8211453040891434,0.5496305510382242
PLTR,2025-02-14,0.7909913952075045,0.5289764911427132
PLTR,2025-02-18,0.7099803948019479,0.5149688275267612
PLTR,2025-02-19,0.7754395895650525,0.5993526406690769
PLTR,2025-02-20,0.8939898355287837,0.6015345820000576
PLTR,2025-02-21,0.972868573592771,0.6124939206560015
PLTR,2025-02-24,0.9586759591262244,0.6344232649530062
PLTR,2025-02-25,0.9732296529507776,0.6050927429869548
PLTR,2025-02-26,1.049283870897712,0.6168853990649065
PLTR,2025-02-27,1.0459687929064596,0.6269549152241345
PLTR,2025-02-28,1.132655609473113,0.6330947459670117
PLTR,2025-03-03,1.1284182128222024,0.6030660000428963
PLTR,2025-03-04,1.14938125571523,0.6012554967557561
PLTR,2025-03-05,1.1015646603313134,0.6254835482531422
PLTR,2025-03-06,0.9196331023554254,0.6740128172436651
PLTR,2025-03-07,0.9029514334709072,0.6769519955238145
PLTR,2025-03-10,0.6818220308854337,0.7140387859325622
PLTR,2025-03-11,0.6945414038199972,0.7143258243498792
PLTR,2025-03-12,0.709235520568387,0.718602670178422
PLTR,2025-03-13,0.6596669090500887,0.7033377641041852
PLTR,2025-03-14,0.6035712263091756,0.7146618115981735
PLTR,2025-03-17,0.6038177186833253,0.6763590978110128
PLTR,2025-03-18,0.5676475921052291,0.689224151983182
PLTR,2025-03-19,0.5760807977191157,0.6797783550224997
PLTR,2025-03-20,0.6144995771190812,0.6744781513175416
PLTR,2025-03-21,0.7967647968384912,0.6496584500414218
PLTR,2025-03-24,0.7655928684434025,0.679005231005774
PLTR,2025-03-25,0.7629833071251665,0.65863242904001
PLTR,2025-03-26,1.229149704821101,0.6844025335473913
PLTR,2025-03-27,1.2385736284495612,0.6901917971634896
PLTR,2025-03-28,1.211240558755951,0.6974722275170953
PLTR,2025-03-31,1.2223021072988698,0.6615514583319831
PLTR,2025-04-01,1.2479472709618116,0.6662375463753522
PLTR,2025-04-02,1.2966449258890909,0.6739566966924629
PLTR,2025-04-03,1.2652261575185852,0.6756895605163914
PLTR,2025-04-04,1.0650045063914346,0.7145951556970239
PLTR,2025-04-07,1.0553967340386667,0.7337160016408161
PLTR,2025-04-08,1.0736439212029787,0.7327478467784821
PLTR,2025-04-09,0.7466104207422177,0.810621539846137
PLTR,2025-04-10,0.6940523175701151,0.8117865652746807
PLTR,2025-04-11,0.6823726718170467,0.7750946626218619
PLTR,2025-04-14,0.6763881236306825,0.7765803694496358
PLTR,2025-04-15,0.6424591971823251,0.7743632750510805
PLTR,2025-04-16,0.5263298309416016,0.7381220029137536
PLTR,2025-04-17,0.5662717454191744,0.7296424568456452
PLTR,2025-04-21,0.4952562127986726,0.747500822812752
PLTR,2025-04-22,0.9388929227185856,0.7470422612943998
PLTR,2025-04-23,0.8870220404843472,0.7531123570997408
PLTR,2025-04-24,0.9039486215348508,0.759541900604463
PLTR,2025-04-25,0.8889553502087065,0.7633753568490755
PLTR,2025-04-28,0.8869678582006594,0.7376528303373573
PLTR,2025-04-29,0.9641589365837862,0.7444046869506156
PLTR,2025-04-30,0.9631702002969712,0.7410378255237884
PLTR,2025-05-01,0.9606881564663164,0.6747699402025343
PLTR,2025-05-02,0.9064328437851163,0.6894989109062057
PLTR,2025-05-05,0.9176938712203968,0.6817287571766815
PLTR,2025-05-06,0.5707224428643635,0.7404702291670586
PLTR,2025-05-07,0.6338886509036192,0.7384922494555883
PLTR,2025-05-08,0.5168045117015441,0.7590389512341622
PLTR,2025-05-09,0.5070168910613975,0.7467793695096022
PLTR,2025-05-12,0.5066576189562899,0.7478678997620647
PLTR,2025-05-13,0.2947843596802106,0.7080733688853523
PLTR,2025-05-14,0.2755643387122993,0.7051284784219921
PLTR,2025-05-15,0.4825237333716703,0.6813533483410454
PLTR,2025-05-16,0.4804294278719518,0.6742580869547838
PLTR,2025-05-19,0.4568232105137682,0.6781888812212921
PLTR,2025-05-20,0.4778122122933302,0.6421868291999724
PLTR,2025-05-21,0.6068631686659314,0.6428140198413835
PLTR,2025-05-22,0.684845748937556,0.6548429094213605
PLTR,2025-05-23,0.7003377975613825,0.6486136705820188
PLTR,2025-05-27,0.6995453568247041,0.646703815453721
PLTR,2025-05-28,0.7054344250335748,0.6579164361717572
PLTR,2025-05-29,0.7031402718653241,0.6427571501529066
PLTR,2025-05-30,0.6078885817534068,0.6670736070020532
PLTR,2025-06-02,0.619930505019257,0.6408364415324538
PLTR,2025-06-03,0.637459864555219,0.637365985407116
PLTR,2025-06-04,0.6191220457874103,0.6189017037387169
PLTR,2025-06-05,0.4175856226292179,0.6517468880039592
PLTR,2025-06-06,0.3177262040658228,0.6405642978373315
PLTR,2025-06-09,0.2997263512142042,0.6388396020363242
PLTR,2025-06-10,0.3041921176866545,0.6285242759096779
PLTR,2025-06-11,0.2853451747882246,0.6278413582901571
PLTR,2025-06-12,0.5963676955575956,0.5863852237121153
PLTR,2025-06-13,0.6325856050851323,0.5762932553670164
PLTR,2025-06-16,0.6400952085762545,0.5747024344520554
PLTR,2025-06-17,0.6403828195102405,0.5835181648372044
PLTR,2025-06-18,0.6438317919506491,0.5756022218254159
PLTR,2025-06-20,0.6650787077653225,0.5910597361044639
PLTR,2025-06-23,0.6582597503002356,0.5922640926654669
PLTR,2025-06-24,0.659075915597961,0.589898544127177
PLTR,2025-06-25,0.6593605447855607,0.5770672579089757
PLTR,2025-06-26,0.6571853330071072,0.5764520964984867
PLTR,2025-06-27,0.4228606522441337,0.6280764575607305
PLTR,2025-06-30,0.3976714001164314,0.632895780064204
PLTR,2025-07-01,0.2787317349170295,0.6309290314724821
PLTR,2025-07-02,0.2794052329343181,0.5978805017464927
PLTR,2025-07-03,0.293858513727906,0.5955163842498111
PLTR,2025-07-07,0.2906882599361681,0.5631468811381901
PLTR,2025-07-08,0.3203907829207915,0.4955403543827072
PLTR,2025-07-09,0.344777930247168,0.46777385884504197
PLTR,2025-07-10,0.3402044077939772,0.47316355606290816
PLTR,2025-07-11,0.3435035081061849,0.4726726873481268
PLTR,2025-07-14,0.2807141288226853,0.4899199296848694
PLTR,2025-07-15,0.2888372923297956,0.48203670922844
PLTR,2025-07-16,0.288332259135988,0.487753208286416
PLTR,2025-07-17,0.2766455087094852,0.48187959644373235
PLTR,2025-07-18,0.3121958397336933,0.47975066194846366
PLTR,2025-07-21,0.3619775888036251,0.4599618692046135
PLTR,2025-07-22,0.4768668996814422,0.4543999125582126
PLTR,2025-07-23,0.4755370285012845,0.4599856155485621
PLTR,2025-07-24,0.4696618702464156,0.4576255290840577
PLTR,2025-07-25,0.4700254621990591,0.4614707728298809
PLTR,2025-07-28,0.5000130756257463,0.46337987031330746
PLTR,2025-07-29,0.4810181764804401,0.4591901209847237
PLTR,2025-07-30,0.5073236953347129,0.44096538908847116
PLTR,2025-07-31,0.5291575995191223,0.44188120790790925
PLTR,2025-08-01,0.519960484882598,0.39059440822585084
PLTR,2025-08-04,0.518589514886556,0.40603729923013904
PLTR,2025-08-05,0.6102511147550932,0.41847536370622457
PLTR,2025-08-06,0.5566613038850206,0.42004998135080956
PLTR,2025-08-07,0.5409404835083728,0.4175966353006566
PLTR,2025-08-08,0.5224134362905133,0.38270635965005584
PLTR,2025-08-11,0.5218126474149251,0.4010170960194965
PLTR,2025-08-12,0.5219282946469006,0.3834932601777706
PLTR,2025-08-13,0.524802322994637,0.3828422610162781
PLTR,2025-08-14,0.5393683582126544,0.38234870160462464
PLTR,2025-08-15,0.5378498635745776,0.37858705220054445
PLTR,2025-08-18,0.5415640256410371,0.3725239738250474
PLTR,2025-08-19,0.2390503139391064,0.4242107685705226
PLTR,2025-08-20,0.2375065094803258,0.4284406430382065
PLTR,2025-08-21,0.2569573459354122,0.43338036064141655
PLTR,2025-08-22,0.2634669510106673,0.4420800500492881
PLTR,2025-08-25,0.3282815324854833,0.44240616127418647
PLTR,2025-08-26,0.3343780797772207,0.3876718481076744
PLTR,2025-08-27,0.3093905017168455,0.39631682388179873
PLTR,2025-08-28,0.3622523788619911,0.3959564640491859
PLTR,2025-08-29,0.3541027866366022,0.39261042766174403
PLTR,2025-09-02,0.3603755441734567,0.36934408942519453
PLTR,2025-09-03,0.3560641092720426,0.369113797018293
PLTR,2025-09-04,0.4130384640195608,0.36132758336566767
PLTR,2025-09-05,0.3788112459579609,0.36345998043334277
PLTR,2025-09-08,0.4158023927768164,0.3683894086754674
PLTR,2025-09-09,0.3922950416374888,0.3802439728694592
PLTR,2025-09-10,0.4059474519217452,0.3785110122286192
PLTR,2025-09-11,0.3922126132089791,0.38372211546017576
PLTR,2025-09-12,0.3514552487850943,0.3790057956811749
PLTR,2025-09-15,0.3507974284696962,0.3827080864869265
PLTR,2025-09-16,0.3536845962401746,0.3790898200950366
PLTR,2025-09-17,0.3395087447707796,0.37817332295663325
PLTR,2025-09-18,0.2547878472468789,0.38899950197872696
PLTR,2025-09-19,0.457472311569513,0.38968988981293534
PLTR,2025-09-22,0.4965554019758608,0.3927803763989958
PLTR,2025-09-23,0.4936167145674139,0.3571093714527046
PLTR,2025-09-24,0.4860984067875619,0.35484294472721484
PLTR,2025-09-25,0.4869131952274991,0.3359560202042237
PLTR,2025-09-26,0.5696539671143839,0.32948830634564946
PLTR,2025-09-29,0.5709880817399727,0.3278632571795233
PLTR,2025-09-30,0.5660438152425954,0.3260621327577538
PLTR,2025-10-01,0.5597544791736467,0.3236915904049447
PLTR,2025-10-02,0.5544535158615698,0.3259500222089511
PLTR,2025-10-03,0.3779157782382956,0.380195200032006
PLTR,2025-10-06,0.3426936704693403,0.3873991619460882
PLTR,2025-10-07,0.3343727451417551,0.38031236309301375
PLTR,2025-10-08,0.3693477636511357,0.38005058925920476
PLTR,2025-10-09,0.3987554350725323,0.3795646588624935
PLTR,2025-10-10,0.2858585795643673,0.37259003506224947
PLTR,2025-10-13,0.3013719317849282,0.3659338680201554
PLTR,2025-10-14,0.2988523165208323,0.3659220420888115
PLTR,2025-10-15,0.3625371436020325,0.36412502974551175
PLTR,2025-10-16,0.3868501974448119,0.35925338092976805
PLTR,2025-10-17,0.3969832722232271,0.34284930508457084
PLTR,2025-10-20,0.4099396923917625,0.34728325520056563
PLTR,2025-10-21,0.6334154066784704,0.345930971603047
PLTR,2025-10-22,0.6078479819132251,0.36025181820238705
PLTR,2025-10-23,0.7059975895815398,0.3667205826806584
PLTR,2025-10-24,0.7001463024946617,0.3765304936043325
PLTR,2025-10-27,0.8219808208961829,0.3753248962603147
PLTR,2025-10-28,0.8259480479197336,0.37035621497823945
PLTR,2025-10-29,0.7997851381356194,0.3416219430735739
PLTR,2025-10-30,0.8536591939770344,0.35189164353153485
PLTR,2025-10-31,0.832271968080761,0.35463508504616637
PLTR,2025-11-03,0.7899451377190337,0.35656396358978676
PLTR,2025-11-04,0.7079548222767833,0.40244466818244157
PLTR,2025-11-05,0.7079099024834743,0.3937944648898863
PLTR,2025-11-06,0.6852461058069469,0.4140265925170376
PLTR,2025-11-07,0.6687459813245998,0.4101715887942636
PLTR,2025-11-10,0.5245337251211609,0.44683884267227236
PLTR,2025-11-11,0.540194038888867,0.43025110096816993
PLTR,2025-11-12,0.5444244908641642,0.40772428466477917
PLTR,2025-11-13,0.4533635572556119,0.4183807687835151
PLTR,2025-11-14,0.4476780114908514,0.41926154889220985
PLTR,2025-11-17,0.4553464268253136,0.382752778745022
PLTR,2025-11-18,0.4605921119618824,0.3880378386322427
PLTR,2025-11-19,0.4515491599933764,0.38695720448170373
PLTR,2025-11-20,0.2510224295403856,0.3933679043914619
PLTR,2025-11-21,0.2416478191840951,0.3882708715911914
PLTR,2025-11-24,0.1779279398606458,0.4261415245622108
PLTR,2025-11-25,0.2060793378792293,0.42543981549370175
PLTR,2025-11-26,0.2209854607109452,0.42569441953237636
PLTR,2025-11-28,0.2763938463286097,0.40392548753060503
PLTR,2025-12-01,0.2713094366354742,0.4030588141431069
PLTR,2025-12-02,0.2780164954017103,0.38936953420849674
PLTR,2025-12-03,0.4092908059345068,0.39233415460315413
PLTR,2025-12-04,0.4685197041055989,0.39134852625898525
PLTR,2025-12-05,0.4972045780638526,0.4036281779772877
PLTR,2025-12-08,0.4957514052874281,0.3969435484173794
PLTR,2025-12-09,0.4960932051381731,0.4023097943828701
PLTR,2025-12-10,0.4742250211939783,0.40445248305797893
PLTR,2025-12-11,0.5004581307034265,0.4053007502947688
PLTR,2025-12-12,0.5042307996282914,0.40170586976737216
PLTR,2025-12-15,0.5129145530127627,0.399257164606766
PLTR,2025-12-16,0.4970127098932442,0.4030498535193169
SCHW,2025-01-02,0.2416010955929458,0.22669086637186212
SCHW,2025-01-03,0.3643244392766971,0.234903352883514
SCHW,2025-01-06,0.3677454343088283,0.2314525055932525
SCHW,2025-01-07,0.3014396988417736,0.2436939219960418
SCHW,2025-01-08,0.3117309170961839,0.24449725167142733
SCHW,2025-01-10,0.3017992902660981,0.2446784284824684
SCHW,2025-01-13,0.3158011609623614,0.22348073808692456
SCHW,2025-01-14,0.3061424254433551,0.22321921017552315
SCHW,2025-01-15,0.3064084613600099,0.216879201139965
SCHW,2025-01-16,0.3183893663838206,0.22312486989326702
SCHW,2025-01-17,0.3208443514584821,0.22167009624556705
SCHW,2025-01-21,0.1779425235910682,0.24657221437635646
SCHW,2025-01-22,0.1756483211943536,0.24601264615763282
SCHW,2025-01-23,0.1846175777539561,0.2505896966002192
SCHW,2025-01-24,0.1868623214813523,0.25249970641823977
SCHW,2025-01-27,0.2227476801960833,0.2535217479651041
SCHW,2025-01-28,0.2523624741634953,0.23417577439507362
SCHW,2025-01-29,0.2598346867376388,0.2330891702055875
SCHW,2025-01-30,0.2413830381024957,0.23441365146443635
SCHW,2025-01-31,0.2426889560758609,0.23684828811365038
SCHW,2025-02-03,0.256738788127485,0.23599532366185222
SCHW,2025-02-04,0.2523397757342013,0.24551490336868914
SCHW,2025-02-05,0.2527142477132221,0.22618711074336234
SCHW,2025-02-06,0.2360676353483682,0.22157096133391802
SCHW,2025-02-07,0.2358394876786695,0.2198502404897341
SCHW,2025-02-10,0.2147098386149905,0.21212159187693846
SCHW,2025-02-11,0.1528042069721001,0.218637424551892
SCHW,2025-02-12,0.1493396811813708,0.22060514370136536
SCHW,2025-02-13,0.1727583347452559,0.21410130063369867
SCHW,2025-02-14,0.1844249735626085,0.21513379396944965
SCHW,2025-02-18,0.2332486664795892,0.2129715947993161
SCHW,2025-02-19,0.2673240038528379,0.2049503654849868
SCHW,2025-02-20,0.2694604179377982,0.20344877062281952
SCHW,2025-02-21,0.2659723602020087,0.20909245881490812
SCHW,2025-02-24,0.3284915580552532,0.20751928106611722
SCHW,2025-02-25,0.3582729920842056,0.20653268325943952
SCHW,2025-02-26,0.3938517612639876,0.20608758878392647
SCHW,2025-02-27,0.3940074888958366,0.20581527576063963
SCHW,2025-02-28,0.4721171785617432,0.2106892748080616
SCHW,2025-03-03,0.4675317868629526,0.21340816751554212
SCHW,2025-03-04,0.4171236331508766,0.22953661510987156
SCHW,2025-03-05,0.4110352913238709,0.23660448388590294
SCHW,2025-03-06,0.3998813264328152,0.23812190988197293
SCHW,2025-03-07,0.391491119373697,0.23468182738820156
SCHW,2025-03-10,0.270545098991168,0.24938138133705084
SCHW,2025-03-11,0.268811074266349,0.2504123767123762
SCHW,2025-03-12,0.2724132242260859,0.2530426755676364
SCHW,2025-03-13,0.2676821454071499,0.25261720952797867
SCHW,2025-03-14,0.1991011073319043,0.2639287883128877
SCHW,2025-03-17,0.1968043536950841,0.24169681443444238
SCHW,2025-03-18,0.2008853296318359,0.24592104523692673
SCHW,2025-03-19,0.1948262215552706,0.23872354089225975
SCHW,2025-03-20,0.3117278381472976,0.2369649584366667
SCHW,2025-03-21,0.4912027846693459,0.2196104099757757
SCHW,2025-03-24,0.4813149052932588,0.2322843081593483
SCHW,2025-03-25,0.4692594101783658,0.23143653819237925
SCHW,2025-03-26,0.6449603749761916,0.23321352431923362
SCHW,2025-03-27,0.6480178952108251,0.2347352379144898
SCHW,2025-03-28,0.6844628006559799,0.24741549739235993
SCHW,2025-03-31,0.6833440350411233,0.24254551131935456
SCHW,2025-04-01,0.6828921498092186,0.23894755700374506
SCHW,2025-04-02,0.6850361199096617,0.2441485223669056
SCHW,2025-04-03,0.6383925175002562,0.2651705600531437
SCHW,2025-04-04,0.4625541949879199,0.3030805843245251
SCHW,2025-04-07,0.4666911951291851,0.3063836792659464
SCHW,2025-04-08,0.4641002523892749,0.307920406541259
SCHW,2025-04-09,0.315760277156407,0.3454726324009971
SCHW,2025-04-10,0.2857013301246403,0.3417312705207053
SCHW,2025-04-11,0.2170495312686211,0.3182827987974853
SCHW,2025-04-14,0.219963594805929,0.3178109791864215
SCHW,2025-04-15,0.2205951242490189,0.31647296424532884
SCHW,2025-04-16,0.1751014348237449,0.2867467629737233
SCHW,2025-04-17,0.1847997267331247,0.2858293964692824
SCHW,2025-04-21,0.1305330786025861,0.2805887607706324
SCHW,2025-04-22,0.1405883637498561,0.28984414317780793
SCHW,2025-04-23,0.1370747577449328,0.293316256497331
SCHW,2025-04-24,0.1205232658097874,0.298532950783471
SCHW,2025-04-25,0.1206793565205025,0.30028139697003575
SCHW,2025-04-28,0.12170734464599,0.29255830180263664
SCHW,2025-04-29,0.1174595727875834,0.29095145673754425
SCHW,2025-04-30,0.1165447222804074,0.2918704294698136
SCHW,2025-05-01,0.1129870095974186,0.29056530656272855
SCHW,2025-05-02,0.0936617289017569,0.2959443602261112
SCHW,2025-05-05,0.0915509509585784,0.2971062323605367
SCHW,2025-05-06,0.0688770116082051,0.2984438741148602
SCHW,2025-05-07,0.1390155297870058,0.2980899378030846
SCHW,2025-05-08,0.1441417708653617,0.2961915556953767
SCHW,2025-05-09,0.1447069774243488,0.29177218577503755
SCHW,2025-05-12,0.1502890108396798,0.2925181559523377
SCHW,2025-05-13,0.154086252118054,0.28738287140719143
SCHW,2025-05-14,0.1478459331492723,0.285869465486758
SCHW,2025-05-15,0.141051993934908,0.28553394263571885
SCHW,2025-05-16,0.137036874959111,0.28535767843652343
SCHW,2025-05-19,0.1318033581113022,0.28477251070681836
SCHW,2025-05-20,0.1336004443148475,0.28915949578376393
SCHW,2025-05-21,0.0993889432794861,0.29518971244478504
SCHW,2025-05-22,0.1142031646087736,0.2929249138319978
SCHW,2025-05-23,0.1144604910371445,0.29153723342370125
SCHW,2025-05-27,0.0885302906485065,0.2944717528259676
SCHW,2025-05-28,0.0818146568321699,0.2931535141761814
SCHW,2025-05-29,0.0791919305172767,0.28115609487191306
SCHW,2025-05-30,0.0980408355543197,0.2802407504509221
SCHW,2025-06-02,0.1372725481985862,0.27953950522743026
SCHW,2025-06-03,0.1368757038595264,0.2739088623177082
SCHW,2025-06-04,0.1383420173382345,0.2624907144563339
SCHW,2025-06-05,0.1460943111184997,0.26360716328582035
SCHW,2025-06-06,0.1465272614069874,0.2639471416011353
SCHW,2025-06-09,0.1554567056568291,0.2630491494136475
SCHW,2025-06-10,0.1567453844532023,0.2543982560026216
SCHW,2025-06-11,0.1593868992784168,0.2530599617706967
SCHW,2025-06-12,0.1612322453568767,0.25223854041709404
SCHW,2025-06-13,0.1489506132772133,0.25323073650551714
SCHW,2025-06-16,0.1283819118943455,0.259112605941501
SCHW,2025-06-17,0.1276620841955082,0.2590950832517022
SCHW,2025-06-18,0.1196520024543847,0.25878317643473947
SCHW,2025-06-20,0.1170323414670945,0.25996726003828036
SCHW,2025-06-23,0.1101978779462034,0.25879539419114234
SCHW,2025-06-24,0.10390375946632,0.2551212358004119
SCHW,2025-06-25,0.1059227865596074,0.25218665355751924
SCHW,2025-06-26,0.12590893692827,0.2505882024783672
SCHW,2025-06-27,0.1276085994734553,0.24931271730227844
SCHW,2025-06-30,0.1312411603106969,0.24831999037613203
SCHW,2025-07-01,0.1328951623440353,0.23574429187515988
SCHW,2025-07-02,0.1664442171533516,0.19174027814445374
SCHW,2025-07-03,0.2134971476706171,0.19005517685782036
SCHW,2025-07-07,0.2093475907736848,0.19168185823670125
SCHW,2025-07-08,0.2123679982661763,0.15534588277322187
SCHW,2025-07-09,0.2145946127134622,0.1509687482243674
SCHW,2025-07-10,0.2207669956229828,0.13721288624244116
SCHW,2025-07-11,0.2038080435696284,0.14213858332229196
SCHW,2025-07-14,0.2041301897025663,0.14082392523844758
SCHW,2025-07-15,0.183679802623103,0.13914251640169073
SCHW,2025-07-16,0.1742199159759651,0.1390491146759788
SCHW,2025-07-17,0.1768488439346469,0.1415190265526304
SCHW,2025-07-18,0.1716952926336513,0.1461199645896353
SCHW,2025-07-21,0.1900277128569221,0.14473843991203644
SCHW,2025-07-22,0.1871854819751168,0.14230196869834338
SCHW,2025-07-23,0.1862112976769357,0.14200934838604448
SCHW,2025-07-24,0.1770383703151285,0.14172691998285267
SCHW,2025-07-25,0.1898189293597333,0.1333346507231372
SCHW,2025-07-28,0.1866057796721821,0.13421572402779708
SCHW,2025-07-29,0.1943276678043552,0.13197596883370608
SCHW,2025-07-30,0.2513306772474247,0.12751626567649454
SCHW,2025-07-31,0.278619771804218,0.1314246042111021
SCHW,2025-08-01,0.2668967724548161,0.1457875246931452
SCHW,2025-08-04,0.2527746349402605,0.14815066231738575
SCHW,2025-08-05,0.2513614104083875,0.14930488657833557
SCHW,2025-08-06,0.2508865485423444,0.14856258737212114
SCHW,2025-08-07,0.2488638562972302,0.14916503690929972
SCHW,2025-08-08,0.2364174159743562,0.14487679302883
SCHW,2025-08-11,0.235043042174998,0.14138756190441323
SCHW,2025-08-12,0.2351280024691655,0.13994285316952157
SCHW,2025-08-13,0.1651950406108097,0.1618413032214344
SCHW,2025-08-14,0.1158510859915654,0.167530195099383
SCHW,2025-08-15,0.0996601470951791,0.17258395623877476
SCHW,2025-08-18,0.1009007096224196,0.16954885321081292
SCHW,2025-08-19,0.0981661177169002,0.16781104433500957
SCHW,2025-08-20,0.1186833150171781,0.15972467575234955
SCHW,2025-08-21,0.3280433144069703,0.14938301945761476
SCHW,2025-08-22,0.341660893668865,0.14259550911473132
SCHW,2025-08-25,0.3410145372360916,0.1433335502612438
SCHW,2025-08-26,0.3373250539618898,0.14600796555068637
SCHW,2025-08-27,0.3576044968632648,0.1505373170406557
SCHW,2025-08-28,0.3563748615787485,0.15323831192032855
SCHW,2025-08-29,0.3584539948013856,0.16045393800370383
SCHW,2025-09-02,0.3580814121139862,0.16011836433402432
SCHW,2025-09-03,0.3672120013318872,0.15626912786939084
SCHW,2025-09-04,0.3648381625563281,0.16096721902534902
SCHW,2025-09-05,0.2092208953448198,0.2043321660181238
SCHW,2025-09-08,0.1969685178852475,0.20795204832892256
SCHW,2025-09-09,0.1994541067426994,0.20795224840627208
SCHW,2025-09-10,0.202047075844289,0.2087536578931517
SCHW,2025-09-11,0.2232551263176974,0.2086267052972734
SCHW,2025-09-12,0.2232262027282406,0.18440881582752683
SCHW,2025-09-15,0.2079403816338114,0.18572577909194682
SCHW,2025-09-16,0.2153290110385073,0.18642669159719596
SCHW,2025-09-17,0.2862097709057218,0.18680347796676305
SCHW,2025-09-18,0.2790391042356906,0.1850609284783604
SCHW,2025-09-19,0.2838271017756753,0.19574443059796837
SCHW,2025-09-22,0.2837394044524716,0.1912979437125183
SCHW,2025-09-23,0.2823291690485895,0.18797629017532097
SCHW,2025-09-24,0.2675067799008307,0.1942848928929369
SCHW,2025-09-25,0.231567158483077,0.20300147132725632
SCHW,2025-09-26,0.2494177546317922,0.20271200761709166
SCHW,2025-09-29,0.2529354087646654,0.20613575225928815
SCHW,2025-09-30,0.2451921565853634,0.20909372099347992
SCHW,2025-10-01,0.1730134359716857,0.22041966495297308
SCHW,2025-10-02,0.1821792049949063,0.21506266851086145
SCHW,2025-10-03,0.1700993978882492,0.21766822297319113
SCHW,2025-10-06,0.17517639056494,0.21367102408425473
SCHW,2025-10-07,0.1751143054279631,0.2126256918710938
SCHW,2025-10-08,0.1808053527416375,0.19648868704263941
SCHW,2025-10-09,0.1810144693514545,0.1983432244574273
SCHW,2025-10-10,0.1314541109408756,0.20232410629961098
SCHW,2025-10-13,0.1076286851130852,0.20391286626656008
SCHW,2025-10-14,0.1230565108877446,0.20415913326598903
SCHW,2025-10-15,0.1191589576056552,0.209602695640977
SCHW,2025-10-16,0.1064975051731622,0.21067307356413503
SCHW,2025-10-17,0.0997745022619024,0.20323779468205383
SCHW,2025-10-20,0.113526714993373,0.20067941971734227
SCHW,2025-10-21,0.1220161796753465,0.19982440785298022
SCHW,2025-10-22,0.1159071527253715,0.20056863493181534
SCHW,2025-10-23,0.1187602388885705,0.1976170390397957
SCHW,2025-10-24,0.1312209197585301,0.19928115953105047
SCHW,2025-10-27,0.1306260248487583,0.19579443180075667
SCHW,2025-10-28,0.1159249060033021,0.19595359579034607
SCHW,2025-10-29,0.1335771321904501,0.19712362823840965
SCHW,2025-10-30,0.1922028223541513,0.19770147088873402
SCHW,2025-10-31,0.196741668529163,0.19770151001544398
SCHW,2025-11-03,0.2286508511016212,0.1996204913919341
SCHW,2025-11-04,0.2257820630235213,0.19948315790371404
SCHW,2025-11-05,0.2273091977817573,0.1972758161360341
SCHW,2025-11-06,0.2500789996090988,0.1914472292088371
SCHW,2025-11-07,0.2378889035473647,0.18987427551846783
SCHW,2025-11-10,0.2351005432046865,0.18039181997417977
SCHW,2025-11-11,0.231503811275612,0.18125240556156685
SCHW,2025-11-12,0.2197725802244457,0.1829850542914776
SCHW,2025-11-13,0.2066715080176946,0.19855970122259892
SCHW,2025-11-14,0.2050203483743303,0.1981143220562921
SCHW,2025-11-17,0.1560821723793486,0.20555701988734268
SCHW,2025-11-18,0.1868195830049261,0.20536415067677422
SCHW,2025-11-19,0.1923408879587603,0.1995424319112831
SCHW,2025-11-20,0.155929322804508,0.20138103460596213
SCHW,2025-11-21,0.1548426065387182,0.2029849612156087
SCHW,2025-11-24,0.1559879741119729,0.19698900131513883
SCHW,2025-11-25,0.1693877946885773,0.19685817884247875
SCHW,2025-11-26,0.170768947181076,0.20081593769607906
SCHW,2025-11-28,0.1750854552678594,0.19041589202478426
SCHW,2025-12-01,0.1975598730782124,0.1656462955318097
SCHW,2025-12-02,0.1912854442995433,0.16956132878651872
SCHW,2025-12-03,0.1690019405676893,0.17555350890062577
SCHW,2025-12-04,0.164215562781076,0.1741100989193005
SCHW,2025-12-05,0.1537986587971325,0.1788939601232104
SCHW,2025-12-08,0.1854534723062685,0.17889806186211327
SCHW,2025-12-09,0.1868051602559002,0.1756919717617994
SCHW,2025-12-10,0.1779853159923217,0.17457331084370808
SCHW,2025-12-11,0.1757435075495528,0.17516147183961944
SCHW,2025-12-12,0.1781682324627601,0.1700609810708638
SCHW,2025-12-15,0.1603693089462741,0.17486783661532745
SCHW,2025-12-16,0.1700754147515012,0.1756712454466148
SPX,2025-01-02,0.1626917946814717,0.11593489107383989
SPX,2025-01-03,0.1569499239158936,0.12628283142901403
SPX,2025-01-06,0.1573760528825853,0.12520717319720032
SPX,2025-01-07,0.1400229740555058,0.1267129629775236
SPX,2025-01-08,0.1434412144311344,0.12620363018605518
SPX,2025-01-10,0.1404127526284104,0.13238497175448194
SPX,2025-01-13,0.1432124011972696,0.1281547876325452
SPX,2025-01-14,0.1492133934728765,0.1269356816035892
SPX,2025-01-15,0.1254575836614749,0.134431544262541
SPX,2025-01-16,0.1289944442751431,0.13456357249669326
SPX,2025-01-17,0.1278145466795566,0.13006593671754968
SPX,2025-01-21,0.1250764515459303,0.1307469639872872
SPX,2025-01-22,0.1224118492961674,0.12903434937204597
SPX,2025-01-23,0.1205112536354969,0.12661743507933765
SPX,2025-01-24,0.1284053920140669,0.12699084583267609
SPX,2025-01-27,0.1091169877692731,0.1360374500516694
SPX,2025-01-28,0.0988812110240948,0.1368100586846712
SPX,2025-01-29,0.0967352959581535,0.1361428419718114
SPX,2025-01-30,0.1070601505122082,0.13340766600423556
SPX,2025-01-31,0.1023442189817536,0.13368615970956996
SPX,2025-02-03,0.0896395543876066,0.1315331356562756
SPX,2025-02-04,0.0853145968232572,0.12980502992567347
SPX,2025-02-05,0.0894201644614699,0.12294697508115235
SPX,2025-02-06,0.1256077547044309,0.1222406541889924
SPX,2025-02-07,0.1190706247562222,0.12439716899576447
SPX,2025-02-10,0.1128023515247907,0.12500914108776223
SPX,2025-02-11,0.1126963289510689,0.12471805045859508
SPX,2025-02-12,0.1333076788730905,0.12485551525159495
SPX,2025-02-13,0.1502170832198665,0.12720734212641183
SPX,2025-02-14,0.1669732575958873,0.12180083473003835
SPX,2025-02-18,0.1663970646255919,0.12183831996930265
SPX,2025-02-19,0.1834384640197906,0.12185242171502321
SPX,2025-02-20,0.1944474108084616,0.12255663004773215
SPX,2025-02-21,0.1924969139609665,0.12791489748016677
SPX,2025-02-24,0.2252345331253745,0.12817749230322745
SPX,2025-02-25,0.2251038373932498,0.12738879209002785
SPX,2025-02-26,0.2303013851112352,0.12616366651530392
SPX,2025-02-27,0.2281200023573777,0.12932931515587628
SPX,2025-02-28,0.2433279082000545,0.13628608499821862
SPX,2025-03-03,0.2392894494214756,0.1414523523428893
SPX,2025-03-04,0.2376817703712656,0.1435518533657452
SPX,2025-03-05,0.2371006045247929,0.14627369451683864
SPX,2025-03-06,0.2217447689456942,0.14927366735012057
SPX,2025-03-07,0.2189336743706139,0.14593315100425006
SPX,2025-03-10,0.1855861688770612,0.15413351911657502
SPX,2025-03-11,0.1768602113706607,0.15427178133300587
SPX,2025-03-12,0.1914766113358317,0.15122007795724157
SPX,2025-03-13,0.1731445466854465,0.1519279367404925
SPX,2025-03-14,0.176171875597504,0.16227114700607861
SPX,2025-03-17,0.1751934533866172,0.15603837085210198
SPX,2025-03-18,0.1679327098777834,0.15774831189173205
SPX,2025-03-19,0.1620454324400087,0.1519454032057302
SPX,2025-03-20,0.2975358679005727,0.1491940022916515
SPX,2025-03-21,0.4086909131509523,0.14265681145846032
SPX,2025-03-24,0.3810928929118712,0.15102962217268542
SPX,2025-03-25,0.3723148713222717,0.1462651713259857
SPX,2025-03-26,0.6494378543973331,0.14954195794722305
SPX,2025-03-27,0.6672144855666039,0.1497675951648878
SPX,2025-03-28,0.6749052071719175,0.15714093722252506
SPX,2025-03-31,0.675953032142644,0.15207666145798746
SPX,2025-04-01,0.6748041910808448,0.15323602860443733
SPX,2025-04-02,0.6775069913448625,0.15299682434458137
SPX,2025-04-03,0.6352223153040132,0.18393230153407042
SPX,2025-04-04,0.5600628241400779,0.21624136059200366
SPX,2025-04-07,0.5711277356126737,0.2159086772444789
SPX,2025-04-08,0.5621337928531106,0.21283406012788128
SPX,2025-04-09,0.3346591492836495,0.29028681385825744
SPX,2025-04-10,0.2692327563528306,0.2920765514847224
SPX,2025-04-11,0.2593712974991498,0.27866695644706485
SPX,2025-04-14,0.2584696325208032,0.2783854923690266
SPX,2025-04-15,0.2573865300737309,0.2753534618751057
SPX,2025-04-16,0.2133712799668487,0.24270705978404317
SPX,2025-04-17,0.2155727121708601,0.23526745183700296
SPX,2025-04-21,0.1537547608278732,0.2408024019568307
SPX,2025-04-22,0.1473726722071205,0.25153909429367144
SPX,2025-04-23,0.1348482213449632,0.25597817909343806
SPX,2025-04-24,0.1048655852265815,0.26712090184386417
SPX,2025-04-25,0.1037720664233095,0.2707115147837228
SPX,2025-04-28,0.1802911406471108,0.2576638433947791
SPX,2025-04-29,0.1804881046963158,0.2554400849305885
SPX,2025-04-30,0.180799699017847,0.25505560203568756
SPX,2025-05-01,0.1809122978236017,0.2508487740361626
SPX,2025-05-02,0.1739810436864413,0.2553083303197782
SPX,2025-05-05,0.1645987313776835,0.2617436588055299
SPX,2025-05-06,0.1569904444336807,0.2641747329186961
SPX,2025-05-07,0.1923724373301199,0.26482926372657
SPX,2025-05-08,0.1930401652526644,0.26666905382427947
SPX,2025-05-09,0.1986475050778953,0.2623150803583866
SPX,2025-05-12,0.1531626376694329,0.2751003066770093
SPX,2025-05-13,0.1528269147947525,0.2722305601780462
SPX,2025-05-14,0.1540938087958962,0.2727738936742639
SPX,2025-05-15,0.1526354078711421,0.27300315098287187
SPX,2025-05-16,0.1495480589162852,0.2722726901850217
SPX,2025-05-19,0.1526957360463853,0.25847248804055906
SPX,2025-05-20,0.1510755258311147,0.2602238115885814
SPX,2025-05-21,0.1246928318142089,0.26638673509566135
SPX,2025-05-22,0.1311200088949899,0.26564549760717404
SPX,2025-05-23,0.1209872268494524,0.2618567516597143
SPX,2025-05-27,0.0789053852655713,0.27442240330991297
SPX,2025-05-28,0.072312816626048,0.27322463878717795
SPX,2025-05-29,0.0721908600570919,0.26878620154865357
SPX,2025-05-30,0.0993733701401294,0.2682782254498614
SPX,2025-06-02,0.107016538808444,0.26514674786109677
SPX,2025-06-03,0.1149430645115494,0.25796928308470213
SPX,2025-06-04,0.114971542561685,0.25149739915405084
SPX,2025-06-05,0.1118538442042158,0.2551267763688521
SPX,2025-06-06,0.1102636774812625,0.257301133585229
SPX,2025-06-09,0.1226270966989,0.2567521828041707
SPX,2025-06-10,0.1206380622883599,0.2572060399708272
SPX,2025-06-11,0.1236014355612072,0.25804702311237326
SPX,2025-06-12,0.1243824211897381,0.2554810619724136
SPX,2025-06-13,0.0995097074735633,0.2567718468853645
SPX,2025-06-16,0.0968380196612355,0.2586464281052568
SPX,2025-06-17,0.0746453553022569,0.2592019532524101
SPX,2025-06-18,0.0732039155086862,0.25781745787407656
SPX,2025-06-20,0.0918514118817408,0.25732420527221483
SPX,2025-06-23,0.0898327501538025,0.25671135818539664
SPX,2025-06-24,0.0807211876271672,0.2570547505120825
SPX,2025-06-25,0.0792436202117728,0.25208719008975605
SPX,2025-06-26,0.0797879866442346,0.251760048616852
SPX,2025-06-27,0.0776517451323429,0.24952027964876666
SPX,2025-06-30,0.0792323386713108,0.25047523084168943
SPX,2025-07-01,0.079529857672455,0.23651443067983446
SPX,2025-07-02,0.0803974364827242,0.21333254332403534
SPX,2025-07-03,0.0697189636851561,0.21346741317399023
SPX,2025-07-07,0.0527719548748189,0.21506154214161852
SPX,2025-07-08,0.0518200437887758,0.15895814027119792
SPX,2025-07-09,0.0567360018750805,0.146708169590376
SPX,2025-07-10,0.0564255895729411,0.14429711242132404
SPX,2025-07-11,0.0513533437050844,0.14296967269025715
SPX,2025-07-14,0.0521417432093656,0.14035313260178228
SPX,2025-07-15,0.0491389100433597,0.13501525796502464
SPX,2025-07-16,0.0511808013890233,0.13385232685588633
SPX,2025-07-17,0.0525958417113439,0.12672120269803464
SPX,2025-07-18,0.0996035962669486,0.12109221091372693
SPX,2025-07-21,0.1267420664480166,0.11972418767202875
SPX,2025-07-22,0.1294220452588027,0.11400896175902722
SPX,2025-07-23,0.1285416188976488,0.11546196555570279
SPX,2025-07-24,0.1284624444961941,0.11524358662152143
SPX,2025-07-25,0.1333794693541803,0.11515893442812795
SPX,2025-07-28,0.1339662627245929,0.11543284102924299
SPX,2025-07-29,0.1445699163225373,0.11691488849025114
SPX,2025-07-30,0.1442182642632082,0.11272041116299665
SPX,2025-07-31,0.1414582217842381,0.11277999269450752
SPX,2025-08-01,0.1048166170066985,0.11804363661162519
SPX,2025-08-04,0.0845029204776073,0.12469923646562522
SPX,2025-08-05,0.0868650419636644,0.12504009595178203
SPX,2025-08-06,0.0832614782197195,0.12651769233534438
SPX,2025-08-07,0.0864857274923942,0.11383568167564932
SPX,2025-08-08,0.1086598693236595,0.10803645878804163
SPX,2025-08-11,0.1106948815036827,0.10559207496951992
SPX,2025-08-12,0.0971333980570014,0.10652702156170454
SPX,2025-08-13,0.0965198310411753,0.10589455697741314
SPX,2025-08-14,0.0976340333101246,0.10578263058987435
SPX,2025-08-15,0.102551809082688,0.10804174748575515
SPX,2025-08-18,0.1086211089394978,0.10397872087507345
SPX,2025-08-19,0.107428502226936,0.10188585789297487
SPX,2025-08-20,0.1124309147339017,0.09992937208688567
SPX,2025-08-21,0.1113178111859152,0.09401757719295309
SPX,2025-08-22,0.0833190658276797,0.10376155782331582
SPX,2025-08-25,0.0795395898049533,0.10447126815513237
SPX,2025-08-26,0.0785332212815201,0.10466532078426588
SPX,2025-08-27,0.0869420813717585,0.10414611841483087
SPX,2025-08-28,0.0870673809662569,0.10255380150697746
SPX,2025-08-29,0.0769056782675953,0.10019824843622749
SPX,2025-09-02,0.0613925254648237,0.10117461594781385
SPX,2025-09-03,0.0629635139706979,0.10050571102802716
SPX,2025-09-04,0.0556373959118594,0.10274336667333794
SPX,2025-09-05,0.049062068622216,0.102838440002843
SPX,2025-09-08,0.0495252170816118,0.10309996985047483
SPX,2025-09-09,0.0655615244390609,0.10055731395931969
SPX,2025-09-10,0.0699835772971979,0.09781225086122916
SPX,2025-09-11,0.0656500112336408,0.09718593334842149
SPX,2025-09-12,0.0711771409450635,0.09440756994991885
SPX,2025-09-15,0.0688090426787298,0.0950716283182171
SPX,2025-09-16,0.0697563647532267,0.09682054339224952
SPX,2025-09-17,0.0693425135505344,0.09624997354992547
SPX,2025-09-18,0.0672268974153062,0.09356728239114913
SPX,2025-09-19,0.0642359383681465,0.09428890039927174
SPX,2025-09-22,0.0631362500285905,0.09359479112596275
SPX,2025-09-23,0.0588911332639497,0.09526469427107152
SPX,2025-09-24,0.0596455967140121,0.09546790929681853
SPX,2025-09-25,0.0532107179344148,0.09646928034419788
SPX,2025-09-26,0.1534617002862111,0.09673717306998403
SPX,2025-09-29,0.1749195511282821,0.09548004302963714
SPX,2025-09-30,0.1734319842409374,0.09366841000179177
SPX,2025-10-01,0.1738682043584597,0.09307570572191605
SPX,2025-10-02,0.1759782938266522,0.0896176758255273
SPX,2025-10-03,0.1790041625883434,0.08950270859932262
SPX,2025-10-06,0.1870642684895213,0.0894806107602671
SPX,2025-10-07,0.185902437394054,0.09178300158113109
SPX,2025-10-08,0.1850955564588257,0.0925293125469384
SPX,2025-10-09,0.1875484255405299,0.09371679877949776
SPX,2025-10-10,0.1102613598680308,0.11365332627920158
SPX,2025-10-13,0.1012551879743449,0.11932751509014412
SPX,2025-10-14,0.097907769748637,0.11947661832803083
SPX,2025-10-15,0.0995819549659389,0.11930733644510551
SPX,2025-10-16,0.1104422298102885,0.11935404052533741
SPX,2025-10-17,0.1096394346428583,0.10887045275795262
SPX,2025-10-20,0.100133043678193,0.10730084584942255
SPX,2025-10-21,0.121149776184775,0.10708151788704
SPX,2025-10-22,0.1172639451962893,0.10864513715590696
SPX,2025-10-23,0.1300025834326315,0.10731281938529505
SPX,2025-10-24,0.1224268677793243,0.11243064795281316
SPX,2025-10-27,0.1322288187572161,0.11089728774469004
SPX,2025-10-28,0.1321023851541353,0.10822392936763653
SPX,2025-10-29,0.1322312399733658,0.10504931585317204
SPX,2025-10-30,0.1488964463610878,0.11087568218244785
SPX,2025-10-31,0.1474456075353376,0.11015285603958798
SPX,2025-11-03,0.1507957214212977,0.10642011421366855
SPX,2025-11-04,0.1457713559748977,0.10962556989337857
SPX,2025-11-05,0.1458863755666954,0.10928535092835094
SPX,2025-11-06,0.1549531246532005,0.11100975263225561
SPX,2025-11-07,0.1665661563791574,0.1111287980725823
SPX,2025-11-10,0.1667545470609216,0.11851208555970506
SPX,2025-11-11,0.1748196626083712,0.11587967117691207
SPX,2025-11-12,0.179396817131174,0.11518607921072377
SPX,2025-11-13,0.1565550816443813,0.12105784927283544
SPX,2025-11-14,0.1602483913694359,0.1208441756772061
SPX,2025-11-17,0.1494606973860504,0.11454471554171126
SPX,2025-11-18,0.1372569130439854,0.11428501307271079
SPX,2025-11-19,0.137748480402437,0.11549097717309642
SPX,2025-11-20,0.0904073420364603,0.11782295102208017
SPX,2025-11-21,0.0949679645157187,0.1220224215713184
SPX,2025-11-24,0.0706937381044876,0.12755460671705074
SPX,2025-11-25,0.0650243611633061,0.12607669600025084
SPX,2025-11-26,0.0586009219360502,0.1260958741524675
SPX,2025-11-28,0.0793152376010572,0.11556676896039715
SPX,2025-12-01,0.0747791756087329,0.12076207045078248
SPX,2025-12-02,0.0743814351427279,0.11868803487633185
SPX,2025-12-03,0.0902306014494254,0.11819392713652509
SPX,2025-12-04,0.102224151802056,0.11714174536763892
SPX,2025-12-05,0.1132922590389546,0.11823407096354009
SPX,2025-12-08,0.1168931855406172,0.11705760329808385
SPX,2025-12-09,0.1183051808578968,0.11818366461483368
SPX,2025-12-10,0.1148143610163335,0.12062477544405972
SPX,2025-12-11,0.1146115799319323,0.1210103956105402
SPX,2025-12-12,0.0997238934151081,0.12496221254549573
SPX,2025-12-15,0.0995598357882556,0.1248766464073787
SPX,2025-12-16,0.1074020772056451,0.12483381611360037
WMT,2025-01-02,0.1513056600296493,0.14998914167234226
WMT,2025-01-03,0.1567835733843143,0.15390061043958944
WMT,2025-01-06,0.1546511646644091,0.15330730323095854
WMT,2025-01-07,0.1476617037339845,0.15087251877052502
WMT,2025-01-08,0.1466040427492592,0.1541041539981345
WMT,2025-01-10,0.1864109606102535,0.15702831087105276
WMT,2025-01-13,0.152419507209562,0.16340602673714044
WMT,2025-01-14,0.1330787893471061,0.16445148200542187
WMT,2025-01-15,0.1348236903738749,0.16470756690305058
WMT,2025-01-16,0.1441059021505863,0.16303587962078017
WMT,2025-01-17,0.1479571372216736,0.16034923591368477
WMT,2025-01-21,0.1479224139121965,0.15692005198015496
WMT,2025-01-22,0.1491455120400353,0.1515197135980357
WMT,2025-01-23,0.1510814622039407,0.15187727672435672
WMT,2025-01-24,0.198837897143417,0.1505640689183009
WMT,2025-01-27,0.173883139932976,0.1617377987179568
WMT,2025-01-28,0.1780771539439453,0.16370468902224664
WMT,2025-01-29,0.1794405600651708,0.1642748716586476
WMT,2025-01-30,0.1815610191053959,0.16461259018091132
WMT,2025-01-31,0.1909712806044584,0.16725967147337328
WMT,2025-02-03,0.1891894765217658,0.1614156687101951
WMT,2025-02-04,0.1837935434012435,0.16089909980104383
WMT,2025-02-05,0.3856372258390058,0.16258895250603927
WMT,2025-02-06,0.394089902839275,0.16289571721444765
WMT,2025-02-07,0.3918976195122296,0.16947867237852038
WMT,2025-02-10,0.4511211975242975,0.17243195937037836
WMT,2025-02-11,0.4539163616667419,0.17281946888472893
WMT,2025-02-12,0.4492670273532412,0.17165420858205047
WMT,2025-02-13,0.4560688743794283,0.17180008274642072
WMT,2025-02-14,0.4562346781136889,0.16906663650004555
WMT,2025-02-18,0.4670599729011419,0.16686474328617912
WMT,2025-02-19,0.4745060999261481,0.1605521264204896
WMT,2025-02-20,0.3450691613132108,0.2170178609254269
WMT,2025-02-21,0.3572450609212135,0.215413179357446
WMT,2025-02-24,0.409845487992272,0.21312335009490405
WMT,2025-02-25,0.3103209236374937,0.23633128261004108
WMT,2025-02-26,0.3188417164054731,0.2345632050857964
WMT,2025-02-27,0.3036010696268074,0.21732595889149636
WMT,2025-02-28,0.2801757316911627,0.21450428174032535
WMT,2025-03-03,0.3419562521861452,0.214912423449883
WMT,2025-03-04,0.335598499559695,0.21147264654155487
WMT,2025-03-05,0.332279441406242,0.21144896658567963
WMT,2025-03-06,0.3323771422765502,0.2200402646376655
WMT,2025-03-07,0.3158099715910925,0.22187311111977887
WMT,2025-03-10,0.2570574463886161,0.2329509134289313
WMT,2025-03-11,0.3023854700529731,0.23931529120437786
WMT,2025-03-12,0.274950829967541,0.23333397034941195
WMT,2025-03-13,0.2714276026181425,0.2356668745332732
WMT,2025-03-14,0.2692052711894302,0.2436747940011616
WMT,2025-03-17,0.2859337354211908,0.24127859531649906
WMT,2025-03-18,0.2611956665773148,0.2466172745836105
WMT,2025-03-19,0.2622453704898849,0.24075388974589892
WMT,2025-03-20,0.3064267796581554,0.2404326616778601
WMT,2025-03-21,0.393919815150887,0.2403639713772659
WMT,2025-03-24,0.3824450800100745,0.24035468917553837
WMT,2025-03-25,0.3696903508443924,0.24456389980353582
WMT,2025-03-26,0.6043769322695921,0.24578069813520503
WMT,2025-03-27,0.6051707788300632,0.24560840440651044
WMT,2025-03-28,0.6078978983277517,0.2451107377377277
WMT,2025-03-31,0.5998465617580596,0.25486298599446916
WMT,2025-04-01,0.6042332394011884,0.2443319318951078
WMT,2025-04-02,0.6288654199263836,0.24418285275058288
WMT,2025-04-03,0.6125194552633312,0.2577167841883671
WMT,2025-04-04,0.5428809730048966,0.2778286782678725
WMT,2025-04-07,0.5480110246873058,0.271179753026034
WMT,2025-04-08,0.5134742277863955,0.2702753449915623
WMT,2025-04-09,0.2878737406832012,0.33644339132576245
WMT,2025-04-10,0.2953839917362904,0.3335932778808723
WMT,2025-04-11,0.2756801164473099,0.3217653931362527
WMT,2025-04-14,0.2598500908687018,0.32294045752061146
WMT,2025-04-15,0.2594735703104247,0.31668772415443786
WMT,2025-04-16,0.1823635345766749,0.2974839993595918
WMT,2025-04-17,0.1667384043694479,0.3023375583279453
WMT,2025-04-21,0.1460398608996041,0.3038580733054227
WMT,2025-04-22,0.1206276074372869,0.30789083008858814
WMT,2025-04-23,0.1198803246600872,0.3061056015726321
WMT,2025-04-24,0.1462799379561297,0.3072125714901315
WMT,2025-04-25,0.1415790684523353,0.30691221148651276
WMT,2025-04-28,0.1417982291142546,0.30519006062359955
WMT,2025-04-29,0.1458574634451257,0.29826349909225347
WMT,2025-04-30,0.1399944514801006,0.2998034596603107
WMT,2025-05-01,0.1414952750697625,0.30302799857494217
WMT,2025-05-02,0.1598217006964036,0.30079004976930096
WMT,2025-05-05,0.1561239862760881,0.30077256715349204
WMT,2025-05-06,0.1520789659332875,0.3067318837054803
WMT,2025-05-07,0.164849504502437,0.3040933710364538
WMT,2025-05-08,0.1520799086241684,0.3079520830721889
WMT,2025-05-09,0.1529794174365244,0.3035429724734203
WMT,2025-05-12,0.1667894088783432,0.30072623422750966
WMT,2025-05-13,0.1597623744678052,0.3006634836280531
WMT,2025-05-14,0.1529511361601988,0.30470257643578946
WMT,2025-05-15,0.1695188463936336,0.3019245755444057
WMT,2025-05-16,0.1492952959149982,0.28929281680376173
WMT,2025-05-19,0.1485003481552842,0.2867194882562563
WMT,2025-05-20,0.1522088279504714,0.2845868778865665
WMT,2025-05-21,0.1521582583727476,0.2796254927767746
WMT,2025-05-22,0.151931645789115,0.27940975905661647
WMT,2025-05-23,0.1513863322687448,0.2714184233110731
WMT,2025-05-27,0.1368781135434009,0.274568766569526
WMT,2025-05-28,0.1572567471308102,0.27453751223817036
WMT,2025-05-29,0.1631806032244075,0.26743065625531115
WMT,2025-05-30,0.1245147071298017,0.26922241506604777
WMT,2025-06-02,0.0948959239739343,0.2700417802180851
WMT,2025-06-03,0.0898282540547251,0.26438027702797734
WMT,2025-06-04,0.1163189278214825,0.25545642007827857
WMT,2025-06-05,0.1248705499028735,0.2609503015015145
WMT,2025-06-06,0.1579979487215573,0.2529873877728752
WMT,2025-06-09,0.1580183131206058,0.24824325481227683
WMT,2025-06-10,0.1631446971124572,0.24772789066105155
WMT,2025-06-11,0.1558014006506469,0.24801224016416173
WMT,2025-06-12,0.1557754109906261,0.24456247926989863
WMT,2025-06-13,0.1515952533112824,0.2467518095892889
WMT,2025-06-16,0.1489757210531786,0.2477485162001004
WMT,2025-06-17,0.1569315939354199,0.2482855152414756
WMT,2025-06-18,0.1558796755445138,0.24642040303936227
WMT,2025-06-20,0.1549154050322898,0.2401121035123377
WMT,2025-06-23,0.1805239003275319,0.24164479749235876
WMT,2025-06-24,0.1803730299194417,0.24063725511362552
WMT,2025-06-25,0.2029505985361816,0.24370011742363684
WMT,2025-06-26,0.1953915303669866,0.2449654667947564
WMT,2025-06-27,0.1988324594484002,0.24566463778440736
WMT,2025-06-30,0.1954156743732686,0.24153145552807834
WMT,2025-07-01,0.1913191626579138,0.237130421973949
WMT,2025-07-02,0.1907864557250757,0.22242803232237218
WMT,2025-07-03,0.1827528938202998,0.21809302571727676
WMT,2025-07-07,0.1762555342425705,0.21280177817500215
WMT,2025-07-08,0.140945308917888,0.1701643184494631
WMT,2025-07-09,0.1407014729672887,0.16887653753544424
WMT,2025-07-10,0.1011362770488319,0.16992418115835586
WMT,2025-07-11,0.0993733016245916,0.1644680400171745
WMT,2025-07-14,0.0768133555370946,0.16765469508833408
WMT,2025-07-15,0.073276182165004,0.15576677012471338
WMT,2025-07-16,0.0870313157513392,0.15176332248041616
WMT,2025-07-17,0.0854049000827072,0.14494522561233691
WMT,2025-07-18,0.0837530196140083,0.13808250169405917
WMT,2025-07-21,0.0911527628524773,0.13406869203524546
WMT,2025-07-22,0.0970876025974646,0.13442676529199737
WMT,2025-07-23,0.2022489068521335,0.13358068939651008
WMT,2025-07-24,0.207938562137239,0.13874859161619804
WMT,2025-07-25,0.2075027231329528,0.13903973930203745
WMT,2025-07-28,0.2071999291309693,0.13895097908427537
WMT,2025-07-29,0.212135949864321,0.1396852039188436
WMT,2025-07-30,0.2575171440210332,0.14058967868329314
WMT,2025-07-31,0.2585992405062716,0.1395242626711344
WMT,2025-08-01,0.2619982363652223,0.13828423007596954
WMT,2025-08-04,0.2586689048716939,0.14074930559385132
WMT,2025-08-05,0.2584238343231611,0.13865279166153519
WMT,2025-08-06,0.1665709870888701,0.16076935415091712
WMT,2025-08-07,0.2831321257845042,0.1618338575835521
WMT,2025-08-08,0.2780275229294259,0.1610240173968911
WMT,2025-08-11,0.2738847885632301,0.1608750762842647
WMT,2025-08-12,0.2755541963442777,0.1604418752384163
WMT,2025-08-13,0.2573806189436949,0.15339403275463556
WMT,2025-08-14,0.258142701173097,0.1534094467576292
WMT,2025-08-15,0.2666482856717759,0.15150267293177738
WMT,2025-08-18,0.2688814335014143,0.15171925711899745
WMT,2025-08-19,0.2827950666108728,0.1531698052307531
WMT,2025-08-20,0.286312612131944,0.15131410831645387
WMT,2025-08-21,0.1487535598079926,0.18483057843089873
WMT,2025-08-22,0.1426352450855483,0.1863418157811542
WMT,2025-08-25,0.1264203752933136,0.18539028516375522
WMT,2025-08-26,0.1764020270434564,0.18181152150630925
WMT,2025-08-27,0.1949693740492775,0.17804184949029825
WMT,2025-08-28,0.1918201706381192,0.1591882062233626
WMT,2025-08-29,0.1934391950276693,0.15973371025968808
WMT,2025-09-02,0.1983071030044242,0.15712384487441264
WMT,2025-09-03,0.1902898276247139,0.1607816994210327
WMT,2025-09-04,0.1886001888030847,0.16161601267957368
WMT,2025-09-05,0.2008736245408071,0.17196911259520642
WMT,2025-09-08,0.1824294326834445,0.173505018762399
WMT,2025-09-09,0.1832561809930796,0.17507926447452443
WMT,2025-09-10,0.1503936485588965,0.1815539529638786
WMT,2025-09-11,0.1033322835070131,0.18633631532501482
WMT,2025-09-12,0.094146086945146,0.18613392486946945
WMT,2025-09-15,0.0933115664886761,0.18373721441873986
WMT,2025-09-16,0.0926347418671429,0.18313988035551446
WMT,2025-09-17,0.0925104583220271,0.17404085517267853
WMT,2025-09-18,0.0895721773724123,0.17066892853943547
WMT,2025-09-19,0.0712306021783088,0.1726554125264128
WMT,2025-09-22,0.0742245884473211,0.17295483597455125
WMT,2025-09-23,0.0768566711069227,0.17193499465707782
WMT,2025-09-24,0.0788913762299266,0.17153783031318334
WMT,2025-09-25,0.0945375714116639,0.17427891921086358
WMT,2025-09-26,0.0942961141286486,0.1687663331644236
WMT,2025-09-29,0.0964636803198888,0.16778549727484654
WMT,2025-09-30,0.2672672202059168,0.1660336777145661
WMT,2025-10-01,0.2606158329187351,0.16778612029207024
WMT,2025-10-02,0.3004122181309427,0.16701522445524633
WMT,2025-10-03,0.3024581029487929,0.16513683899497406
WMT,2025-10-06,0.308026682256139,0.16651207836344883
WMT,2025-10-07,0.3136207498458853,0.16578316949379182
WMT,2025-10-08,0.3127903776244584,0.1619694535270844
WMT,2025-10-09,0.3041570144310813,0.1661628390132738
WMT,2025-10-10,0.3090111211540823,0.16581989754588294
WMT,2025-10-13,0.325541718813617,0.16476983140070744
WMT,2025-10-14,0.2035671291125177,0.19640676365874998
WMT,2025-10-15,0.1677979484943487,0.1975627756887663
WMT,2025-10-16,0.136682865466877,0.20498915367536624
WMT,2025-10-17,0.1067614346592205,0.20458027682493077
WMT,2025-10-20,0.1186447798551175,0.20579225087522748
WMT,2025-10-21,0.1314495873405756,0.1911130647359276
WMT,2025-10-22,0.1125451704239505,0.1884136721993297
WMT,2025-10-23,0.1181491061160077,0.1809683964329168
WMT,2025-10-24,0.136476119083267,0.17807508306230746
WMT,2025-10-27,0.1166277019828668,0.18233098191899458
WMT,2025-10-28,0.1142012156280113,0.1905465552732259
WMT,2025-10-29,0.1071077014295793,0.18694500341239656
WMT,2025-10-30,0.1170340815396366,0.1774304323078533
WMT,2025-10-31,0.1014469033210071,0.1796394556711182
WMT,2025-11-03,0.1018872209108746,0.1806536846551935
WMT,2025-11-04,0.1262886698625688,0.1809788754473306
WMT,2025-11-05,0.1260883892543398,0.18266778142903603
WMT,2025-11-06,0.3437218032769675,0.177689069287101
WMT,2025-11-07,0.3598916593649966,0.17573970191867722
WMT,2025-11-10,0.367049983916724,0.1768650873128856
WMT,2025-11-11,0.3888593447189739,0.1783729057010835
WMT,2025-11-12,0.3962931803606943,0.17554252118362748
WMT,2025-11-13,0.3895962381049473,0.17792103133239737
WMT,2025-11-14,0.3870079704158799,0.1595565415477724
WMT,2025-11-17,0.3864351836126928,0.15860750809224083
WMT,2025-11-18,0.3637064396854497,0.1602790982109397
WMT,2025-11-19,0.3505350537296619,0.16060794053949526
WMT,2025-11-20,0.2185401256922917,0.21021047770291898
WMT,2025-11-21,0.2087898584473332,0.21449144497776848
WMT,2025-11-24,0.1788125398043126,0.21622548747797335
WMT,2025-11-25,0.1930882313093038,0.21936083404493514
WMT,2025-11-26,0.1952060216081276,0.21750168603780223
WMT,2025-11-28,0.194575713339834,0.19996219804157706
WMT,2025-12-01,0.1948826414638054,0.19364638491715333
WMT,2025-12-02,0.2106271271267599,0.18300050122481212
WMT,2025-12-03,0.1938508254468058,0.18154501851896904
WMT,2025-12-04,0.19771699481712,0.17966327178278335
WMT,2025-12-05,0.1983999408205306,0.18536827752540355
WMT,2025-12-08,0.2022174268118468,0.19461103615590455
WMT,2025-12-09,0.1981876032879442,0.19820144248704755
WMT,2025-12-10,0.1892338344690101,0.20015890698253644
WMT,2025-12-11,0.1476105308353527,0.2072483016456269
WMT,2025-12-12,0.1342970893293553,0.20859258331854758
WMT,2025-12-15,0.1321884515889934,0.20369814552013019
WMT,2025-12-16,0.1254508248156903,0.20571325211326624
