ticker,date,actual,q10,q50,q90
ACN,2025-01-02,0.1707392083199965,0.13579628382202943,0.19289474062246587,0.3734604803380744
ACN,2025-01-03,0.1641374508068608,0.13695557863284302,0.20204168819935459,0.3797009947209588
ACN,2025-01-06,0.159840232206235,0.1373851143860519,0.21206664524749266,0.3809632983792053
ACN,2025-01-07,0.1546260476176697,0.13781798859099498,0.21393336542589136,0.3824603042523477
ACN,2025-01-08,0.156080147598721,0.13695303115314544,0.21384018015016537,0.37988910241349927
ACN,2025-01-10,0.1472405111810375,0.13828654137266677,0.21787065418073487,0.3849030368099843
ACN,2025-01-13,0.1422365665266236,0.1378932865891346,0.21535822400464283,0.383253819036121
ACN,2025-01-14,0.1668918629669488,0.13749085502627484,0.21476278778571223,0.3822732779961715
ACN,2025-01-15,0.1699397888862037,0.13691642589633884,0.2117095417020271,0.37950433777520565
ACN,2025-01-16,0.1696886377745177,0.13761750275138118,0.21344569184520837,0.381696596900828
ACN,2025-01-17,0.1745646964984512,0.13583462517512224,0.20434640158883893,0.3729983553942602
ACN,2025-01-21,0.1786494040272649,0.13600287212223,0.2059386382336051,0.37413207458814735
ACN,2025-01-22,0.1819198790966962,0.13588987760279692,0.2052484289561325,0.3771528630918196
ACN,2025-01-23,0.2635018877753924,0.1354001083686061,0.20474163722277744,0.3759112653814154
ACN,2025-01-24,0.2646587622143224,0.13570704501945574,0.2077154146983493,0.3788935216561625
ACN,2025-01-27,0.2318924130183295,0.13832752990863123,0.21906545570855818,0.3864739340805744
ACN,2025-01-28,0.2263513551723822,0.1391688296620981,0.22131377781037348,0.3884703962323507
ACN,2025-01-29,0.2166696516552278,0.13509999117729304,0.21661537992589297,0.38300177058355
ACN,2025-01-30,0.2042168069766458,0.13561496168579407,0.21853468365188183,0.38428523935070746
ACN,2025-01-31,0.2001230739318441,0.13574138086682458,0.21794238920431877,0.3837630729106335
ACN,2025-02-03,0.2003580292788985,0.1351957678553418,0.21390830713469206,0.3809620576184353
ACN,2025-02-04,0.1841055900728581,0.13559438980765548,0.21557589880636369,0.3817511063187383
ACN,2025-02-05,0.1677824549307449,0.13365594031949907,0.20879206613904663,0.37521928953247075
ACN,2025-02-06,0.2895511814574331,0.1371882793524583,0.21985276191221642,0.38798328020169404
ACN,2025-02-07,0.2904830222071009,0.13702698314328407,0.21891712195977903,0.3877423154082662
ACN,2025-02-10,0.2875817330960256,0.1368096441367987,0.2200575502592634,0.38784195073210753
ACN,2025-02-11,0.2771402249422742,0.13655452226163806,0.21889631657372693,0.38648754698724075
ACN,2025-02-12,0.2765868975030684,0.13474379036586254,0.21329949313394936,0.38109409097674973
ACN,2025-02-13,0.2794505951269608,0.13211465711895864,0.20152155880857098,0.37060996766991894
ACN,2025-02-14,0.2767028542895866,0.13068722959064633,0.19918645546812536,0.3677869995468849
ACN,2025-02-18,0.2808800772494612,0.1306554087013061,0.1989652117497442,0.3676127957208709
ACN,2025-02-19,0.2814415250072015,0.13047380400410882,0.19923531025086427,0.36681783942057233
ACN,2025-02-20,0.2836101685407816,0.13145961425328206,0.20374150993934198,0.37042078550799606
ACN,2025-02-21,0.15571314789428,0.14067906585714046,0.22560753174834347,0.39559370843563835
ACN,2025-02-24,0.1671760760492309,0.14216571039960696,0.22806803320606492,0.4002074815640022
ACN,2025-02-25,0.1783907250420013,0.1413126767520786,0.22660668218246005,0.39846187039276887
ACN,2025-02-26,0.1778511900066282,0.14094242350527275,0.22359372216821696,0.39615436357984013
ACN,2025-02-27,0.1849581928932296,0.14101239296041665,0.22424671732241305,0.3968139978909444
ACN,2025-02-28,0.1904037791900934,0.14003515090433266,0.20954557829546883,0.3869967482928288
ACN,2025-03-03,0.2431222109657213,0.14024777232948554,0.20859031361950103,0.38724381607125236
ACN,2025-03-04,0.2390866999215354,0.13916451239106709,0.2080301438997672,0.38599172815767224
ACN,2025-03-05,0.2313652562124499,0.13859346633525194,0.2094361444624006,0.3864878757350507
ACN,2025-03-06,0.414031002962636,0.136511382835307,0.20656674692125349,0.38090307648669436
ACN,2025-03-07,0.4318416928554364,0.1356526260090667,0.20839209600527953,0.37805508918116826
ACN,2025-03-10,0.4368754106153367,0.13644303061697166,0.2104182582045087,0.3807396223012437
ACN,2025-03-11,0.4347219004674684,0.13722837255673448,0.21114564698813504,0.38284177906617545
ACN,2025-03-12,0.4386013071535838,0.13671226443812112,0.20631967568408194,0.37984061494358157
ACN,2025-03-13,0.4275069847027093,0.13734660763233125,0.20673940755619036,0.3813251426866563
ACN,2025-03-14,0.4280229991324126,0.13769166388126908,0.20903774307683526,0.383139012585497
ACN,2025-03-17,0.4345585046400014,0.13959289747058679,0.21721665273296753,0.39017768120044877
ACN,2025-03-18,0.4369462218011685,0.13917255066309095,0.2144090583599603,0.38805712498372125
ACN,2025-03-19,0.4407247485527679,0.13741167667223164,0.21148735802660074,0.38433020390917727
ACN,2025-03-20,0.3191259014166362,0.141121848696176,0.22590795508052308,0.4014678483951538
ACN,2025-03-21,0.412718036759202,0.1435977434925596,0.2307824381239093,0.409980069093164
ACN,2025-03-24,0.4079230563591435,0.14243538036733489,0.22693836023031774,0.4061976466246008
ACN,2025-03-25,0.4014780488081953,0.14215633728299,0.22769229142031117,0.4059602103273294
ACN,2025-03-26,0.5425859492775922,0.14218860997820892,0.22852345640803803,0.4062023161498218
ACN,2025-03-27,0.5819238284324321,0.14463358265975995,0.20578297057481232,0.4004884890359112
ACN,2025-03-28,0.5811222712187565,0.14453426105126932,0.20643228375945602,0.4010842571598978
ACN,2025-03-31,0.5727473184062715,0.13969213159041616,0.20508401778464883,0.3876525022743811
ACN,2025-04-01,0.5693474813467571,0.13969886475415727,0.20532520502588344,0.387874663851536
ACN,2025-04-02,0.5619624459055931,0.13916834146853602,0.20496158629348066,0.3869089490273455
ACN,2025-04-03,0.520289054963396,0.15312280993524335,0.24158416081546236,0.42851515840325194
ACN,2025-04-04,0.4428509410490576,0.15995030011089012,0.25409187192512883,0.4468967241526268
ACN,2025-04-07,0.4523877603029209,0.16068218162467718,0.25072018645432603,0.4471436361893071
ACN,2025-04-08,0.4522392209922407,0.15903702283644516,0.2461440706671147,0.4423799959239295
ACN,2025-04-09,0.3076257885988555,0.16043858064965438,0.26308974253793854,0.44558054709486994
ACN,2025-04-10,0.1939978724471919,0.16602866085752926,0.2762709762906471,0.5151908820183335
ACN,2025-04-11,0.1922025581807457,0.1653601506808191,0.2685960599362143,0.5104227625114737
ACN,2025-04-14,0.1891887061452578,0.16724074283429685,0.2737374538848885,0.5161520161275651
ACN,2025-04-15,0.1854214097071277,0.16639654024554118,0.2721511905324248,0.5140096251194283
ACN,2025-04-16,0.1641033925860712,0.16645697009032667,0.2573572363092979,0.5075114846295851
ACN,2025-04-17,0.1467937806669305,0.1640569393863185,0.24543076347193565,0.4985457428464971
ACN,2025-04-21,0.1025207525925538,0.16304544636368068,0.24771439430168057,0.4968705116443355
ACN,2025-04-22,0.1443240160198161,0.1627561463629849,0.24712458035269663,0.4952620564942418
ACN,2025-04-23,0.1376264631989625,0.16131173672111465,0.24819725082862187,0.4938038049748905
ACN,2025-04-24,0.1357775041604149,0.1602749041014691,0.2528461988948488,0.4909628967428544
ACN,2025-04-25,0.1428325270873074,0.1591840359165157,0.2543764265453225,0.48695690734782904
ACN,2025-04-28,0.2431501938115988,0.15698805474253513,0.24746154241292073,0.4798790085584138
ACN,2025-04-29,0.2413854736494604,0.15689418074855482,0.248837205294301,0.4799391208084929
ACN,2025-04-30,0.2509392010998453,0.15695498145328407,0.24963072373292958,0.4805869702919787
ACN,2025-05-01,0.2507475958514886,0.15550112091394408,0.24860423737932902,0.4772784423665578
ACN,2025-05-02,0.2730654443367438,0.1556312798962216,0.2517653073846393,0.47967045302160427
ACN,2025-05-05,0.272391536930641,0.15426790144740676,0.2508392720750263,0.4779609839419038
ACN,2025-05-06,0.2568145405607691,0.15436532040538975,0.2521344922815517,0.4798785252841361
ACN,2025-05-07,0.2643256253635623,0.1539187720606649,0.2524367091222362,0.4788898210399175
ACN,2025-05-08,0.2650740362757328,0.1536082149768267,0.25285928425464016,0.480903468863354
ACN,2025-05-09,0.2915973470436174,0.15283944661933718,0.25023038490063537,0.48061185336691836
ACN,2025-05-12,0.1919917439483204,0.15832779213612902,0.2684053505337555,0.4970185276246665
ACN,2025-05-13,0.1922084213397355,0.15851915999561766,0.26637944820554466,0.4965355782071722
ACN,2025-05-14,0.1937735747188358,0.15890955027567244,0.26794191018070695,0.4985181129422057
ACN,2025-05-15,0.1863862281746554,0.15827200082199855,0.26754064139124983,0.4970217513249412
ACN,2025-05-16,0.1697320292434816,0.1515291622998543,0.25805905235110305,0.47841173856007735
ACN,2025-05-19,0.1668034299239409,0.14476445860138237,0.23555158234186213,0.45734450405939564
ACN,2025-05-20,0.1786120408960463,0.14451420727234898,0.23611715923639426,0.456787172595827
ACN,2025-05-21,0.175415116995681,0.14454368525311706,0.23561082237988035,0.45684314769398005
ACN,2025-05-22,0.1785339234526772,0.14407593054284518,0.23309443153328216,0.4549006320070803
ACN,2025-05-23,0.1315489582357173,0.14490990905288648,0.2338164053218195,0.4569334784247807
ACN,2025-05-27,0.1147596764955827,0.14603392102795126,0.24458876214778597,0.4619488873280142
ACN,2025-05-28,0.1200653038707772,0.14584568220702404,0.2443593285762834,0.46171052104050225
ACN,2025-05-29,0.1190968022287552,0.1455635131721515,0.24421456314960654,0.46088498996208194
ACN,2025-05-30,0.1576557097486992,0.14535933456772898,0.24402775800285992,0.46038870650092645
ACN,2025-06-02,0.161259641421558,0.14419766878154494,0.23810596411713802,0.45528441127118857
ACN,2025-06-03,0.1636833697513665,0.14352668106822308,0.23257209535651657,0.45113932574574944
ACN,2025-06-04,0.1726241852678332,0.14325113068927114,0.23446947827893094,0.45187663812391954
ACN,2025-06-05,0.3817288363983556,0.142544010010694,0.23278957007228446,0.45031902226980525
ACN,2025-06-06,0.4333492259182391,0.14252641677976857,0.23373757882982776,0.4507010744081067
ACN,2025-06-09,0.4535550428542216,0.1415059126557538,0.23313955204914577,0.4481020870689626
ACN,2025-06-10,0.4465234797310404,0.14183798988549468,0.23559111805893082,0.4509693552006181
ACN,2025-06-11,0.4516024258005652,0.14144093245344969,0.23460851880432382,0.4505580473532079
ACN,2025-06-12,0.4519881749897181,0.139708445413281,0.2318253306996641,0.44555354679855375
ACN,2025-06-13,0.4546975211882751,0.140608552508646,0.2340347306248444,0.44886707537588255
ACN,2025-06-16,0.4582551780425751,0.13116988285333603,0.21995845426463473,0.43188638148290603
ACN,2025-06-17,0.4579748056138504,0.13051785774234995,0.21565943624174477,0.42873671332653474
ACN,2025-06-18,0.4527857136213023,0.13118410074150386,0.21663825444614634,0.43026942183079664
ACN,2025-06-20,0.2485363635231679,0.14289401132395874,0.23940188485628305,0.45979687349612297
ACN,2025-06-23,0.1966203972834892,0.15634118263530833,0.2675544502172408,0.5000828976406193
ACN,2025-06-24,0.2026656844449703,0.15721105319750572,0.2703984289974908,0.502620871694797
ACN,2025-06-25,0.2181266171097107,0.15102727913999825,0.26054092955018593,0.48439827745508124
ACN,2025-06-26,0.2446144572973821,0.1503835166148355,0.25977406529040536,0.48358701643764623
ACN,2025-06-27,0.2442527451851759,0.14609928923994192,0.23435022155417354,0.46192949425207974
ACN,2025-06-30,0.2294523950103922,0.1454156794085693,0.2288201344769262,0.45717904528323894
ACN,2025-07-01,0.2308061289285045,0.14206396812623973,0.22221559756795403,0.4499322558698997
ACN,2025-07-02,0.2469914953146899,0.13554437599378186,0.20543532227485806,0.43339684648746013
ACN,2025-07-03,0.236099243042324,0.13532858931296587,0.2057657244394258,0.4326286023152791
ACN,2025-07-07,0.2351383419911037,0.13633888766190627,0.21922301201052175,0.43711132011830367
ACN,2025-07-08,0.2488252282157463,0.12914818643283255,0.20980717401667298,0.42338271746555933
ACN,2025-07-09,0.2349414179799919,0.12579536844608874,0.20520874598777783,0.4179349958933728
ACN,2025-07-10,0.2113382394548362,0.12850471691105864,0.21050807550176132,0.4256698874673758
ACN,2025-07-11,0.1683826587094486,0.12979245959871755,0.2086972110316998,0.42781996208643414
ACN,2025-07-14,0.2027555812742343,0.13017417460626618,0.20999670899158415,0.4293553910918658
ACN,2025-07-15,0.1918859531145117,0.12758718253951734,0.20048613201887877,0.4190700791015626
ACN,2025-07-16,0.2000848418964967,0.12937649326860878,0.2103544374947271,0.42728907228990254
ACN,2025-07-17,0.2171395906326713,0.1286128224375119,0.20909305941579825,0.4250047268883589
ACN,2025-07-18,0.2901673545552228,0.1362169781065145,0.2162978596299805,0.4454028639464602
ACN,2025-07-21,0.3099967998314047,0.1345980545752729,0.2136351618470931,0.4442765368569468
ACN,2025-07-22,0.3283852558544172,0.1339287142452297,0.20999051499218296,0.441438707759336
ACN,2025-07-23,0.3344553440030799,0.13373537779894012,0.21077742426162027,0.4416690953391825
ACN,2025-07-24,0.3377558221420796,0.13414343809022894,0.2144245794677564,0.44391594769375864
ACN,2025-07-25,0.3199851388644404,0.1333237364786677,0.21560476471634227,0.44239074327553696
ACN,2025-07-28,0.3262849872399683,0.12742954090065817,0.2078059270253959,0.42586355395271636
ACN,2025-07-29,0.3114743684386158,0.12812205431119314,0.20737538895802077,0.42685672629043403
ACN,2025-07-30,0.393721066014793,0.12713377729334455,0.20568537324027128,0.4246525108044864
ACN,2025-07-31,0.3893234777968794,0.12891916457742242,0.20853879746220233,0.42954691366018705
ACN,2025-08-01,0.3331572362131411,0.13358942681417973,0.2139619977726091,0.4403801140204535
ACN,2025-08-04,0.3273684253153759,0.13917515691973015,0.2272840462807999,0.45854927809386814
ACN,2025-08-05,0.2602841000723107,0.13773316467379704,0.22330031467510836,0.45075896583455166
ACN,2025-08-06,0.2624468395888024,0.1434551016380463,0.23455228767002573,0.4686913838355422
ACN,2025-08-07,0.2216992151612851,0.13430300037932924,0.2192495027595207,0.44615809734978673
ACN,2025-08-08,0.2155988808199047,0.13464259781142404,0.2168507946333229,0.4458505513119456
ACN,2025-08-11,0.233895993544985,0.14056510681560674,0.22238956053408482,0.46159572218107003
ACN,2025-08-12,0.233135177864809,0.1307713556322338,0.19963903307651248,0.4295433440105949
ACN,2025-08-13,0.1864145639203804,0.13462550968207176,0.2135035416419257,0.4426315424989785
ACN,2025-08-14,0.1907322434650743,0.1359438085952146,0.2122379891320605,0.4450453337472382
ACN,2025-08-15,0.1981000448333858,0.13358142006506324,0.20971986518754282,0.43746396712534563
ACN,2025-08-18,0.220039718471583,0.13357266006745006,0.20979663413486238,0.4368439381098993
ACN,2025-08-19,0.1794614357094429,0.13537285885299682,0.2171211554603622,0.4401922671787154
ACN,2025-08-20,0.1802336965579217,0.13553200687001898,0.21506912567725706,0.44039879287183925
ACN,2025-08-21,0.184136116728389,0.1333138863576294,0.21434057081211402,0.43560008999921096
ACN,2025-08-22,0.1480402155480247,0.13440414405118584,0.21868330508955516,0.4381949275388908
ACN,2025-08-25,0.151975717008301,0.1355424517661435,0.22220641862975876,0.44328679310918373
ACN,2025-08-26,0.2298859224757992,0.13427559217860824,0.21604472120828444,0.4377015403711768
ACN,2025-08-27,0.2268386426651204,0.13410295063445926,0.21853254230362323,0.43735732687689133
ACN,2025-08-28,0.2438602182379295,0.13406103548808035,0.21826913004968138,0.43770134303294883
ACN,2025-08-29,0.2139023960411503,0.13382816881952425,0.21662101695887717,0.43721146971432645
ACN,2025-09-02,0.2122519649183001,0.13454874699477798,0.21690832742664265,0.439390729289992
ACN,2025-09-03,0.2501911863201028,0.13445663464991076,0.2187966957926599,0.4413702236554369
ACN,2025-09-04,0.2503364686790721,0.13402347493598465,0.21734768744052912,0.4398195403260151
ACN,2025-09-05,0.2419838567077083,0.13378266347172957,0.21826860990436595,0.44056199963483667
ACN,2025-09-08,0.240845282418051,0.13339655050629878,0.21661455297224622,0.43821516480901346
ACN,2025-09-09,0.2463215779693466,0.13341462969087514,0.21580976444253264,0.4378000655687688
ACN,2025-09-10,0.2074931868800184,0.1363557521562312,0.22342343248625862,0.44768016238034924
ACN,2025-09-11,0.2410587711293097,0.13830383447720992,0.22782619701310297,0.4549781225424264
ACN,2025-09-12,0.2651278906787646,0.13673667573575804,0.22292787382015514,0.44901042353274423
ACN,2025-09-15,0.3109556367383458,0.13689793675976775,0.2235739992053758,0.4495484106791975
ACN,2025-09-16,0.3091692531412854,0.12731903644308473,0.20876153786736035,0.43096239811781956
ACN,2025-09-17,0.3068592922186418,0.12524976578405028,0.20355056587260387,0.42660170157765576
ACN,2025-09-18,0.303576022359964,0.12458429288394539,0.20209894145278864,0.42573842056491773
ACN,2025-09-19,0.3036276318508338,0.12287817991007656,0.1957233380347292,0.4193353227497617
ACN,2025-09-22,0.3069899136847964,0.12177089692451736,0.19408510235643636,0.41672431752271766
ACN,2025-09-23,0.2826659209482453,0.12278793953840154,0.19809420847801923,0.42075100960677436
ACN,2025-09-24,0.2786382620419652,0.12346207168088884,0.20055813820277307,0.42159982821379527
ACN,2025-09-25,0.2178196377772947,0.12462971799014984,0.20414722285144005,0.4261628808295095
ACN,2025-09-26,0.3185508246675126,0.1284655055347787,0.21578221140012696,0.43708816465170663
ACN,2025-09-29,0.2716666399058086,0.13184142048997216,0.22510474707357428,0.44582977019043324
ACN,2025-09-30,0.2724059105316034,0.13306739819372643,0.22440429534012502,0.4484371041741567
ACN,2025-10-01,0.281882305329082,0.12954223619698657,0.21990110572417879,0.4389855710568996
ACN,2025-10-02,0.3016335155754084,0.12827141352126092,0.21242281345228228,0.43289428493610393
ACN,2025-10-03,0.3209887546056754,0.12658719774226562,0.2077381262455434,0.42788920558876786
ACN,2025-10-06,0.3269436615521108,0.12462981956033763,0.19779519530302958,0.41916401550278115
ACN,2025-10-07,0.369265756548857,0.12545189321792,0.2018875654812491,0.4216607657344068
ACN,2025-10-08,0.3677200736509984,0.12448565776277946,0.19614878360731558,0.4176626002529541
ACN,2025-10-09,0.3680569001700796,0.12422501248879698,0.2001951225164555,0.41823522433537597
ACN,2025-10-10,0.2808656954811823,0.13017609929573354,0.21911108771930501,0.43885453465181257
ACN,2025-10-13,0.2823629136159002,0.13450968457653956,0.22823803468863546,0.4508969202574242
ACN,2025-10-14,0.2847171697984481,0.13112728789646627,0.22207305874301142,0.4404191923593609
ACN,2025-10-15,0.2935149780165544,0.13072291881215797,0.21950037695139687,0.4389651079814768
ACN,2025-10-16,0.2508557122024719,0.132289983598546,0.22023231693546422,0.44234622521187594
ACN,2025-10-17,0.2415800307824532,0.13293658010435871,0.21789975266813497,0.44155898924706083
ACN,2025-10-20,0.2392726120982152,0.1334251483893441,0.22005440792247105,0.4425657536552128
ACN,2025-10-21,0.1965417184632607,0.13602407351655948,0.22913811839573078,0.45039872247173807
ACN,2025-10-22,0.2272259011549947,0.13734990548958864,0.22855781818447424,0.45308758321194065
ACN,2025-10-23,0.2604500420195671,0.13416035549724598,0.21692805487286973,0.44137634950982396
ACN,2025-10-24,0.2794858117274174,0.1335716807955014,0.22130385623210896,0.4418534853658477
ACN,2025-10-27,0.2698214019587182,0.13023967006047873,0.2161056712720189,0.43594174442952116
ACN,2025-10-28,0.2611546890048186,0.12916931310393104,0.20774455393336988,0.4292846471419265
ACN,2025-10-29,0.2585117617780746,0.12650272449990976,0.2065390207310992,0.42680930299379927
ACN,2025-10-30,0.2573800749579953,0.1273488559664116,0.21025804995660005,0.4292177378420199
ACN,2025-10-31,0.2598561641807914,0.12543348021255007,0.207133382016216,0.4244360491820067
ACN,2025-11-03,0.2685842466151473,0.12528760613739587,0.20575996589864387,0.42367791037509805
ACN,2025-11-04,0.2463925987931125,0.12588330064638265,0.20811465668394502,0.4242955512334351
ACN,2025-11-05,0.2197485969372943,0.12799763123509195,0.21308437887422216,0.4302723558883821
ACN,2025-11-06,0.1754630130924921,0.12779456714939824,0.21299942832330182,0.4313303361061407
ACN,2025-11-07,0.2763537254307576,0.12972151300820636,0.21868206128337297,0.43855311294677113
ACN,2025-11-10,0.3289890845940041,0.1293457795264995,0.21828717386386015,0.4373997892231518
ACN,2025-11-11,0.3447571909243103,0.12815631996680305,0.21431367285211997,0.4327709146027626
ACN,2025-11-12,0.3381148159410603,0.1271851654240621,0.21280168246041792,0.43044676076794486
ACN,2025-11-13,0.3401866771892629,0.12668627056124487,0.2062567327021948,0.4263827391420034
ACN,2025-11-14,0.3616890535231278,0.12624479708994812,0.20393461339850222,0.4244003512060679
ACN,2025-11-17,0.3441867971895538,0.12634289878092914,0.2048007053811417,0.4259419124602223
ACN,2025-11-18,0.3791668063061583,0.12631751491096074,0.20524111266930511,0.4269149942260464
ACN,2025-11-19,0.399465355032372,0.12533077396569892,0.20167823425919856,0.4220976026345076
ACN,2025-11-20,0.4097247959455594,0.12500611072074969,0.20204063203017067,0.4206331179965772
ACN,2025-11-21,0.3625826783589554,0.13179501324056236,0.2247849847806192,0.4411671691977802
ACN,2025-11-24,0.2906651143788024,0.13802798523197912,0.2347636658850024,0.4588994085107211
ACN,2025-11-25,0.2820255378765458,0.13807967888949885,0.23615540595666262,0.4582410484878632
ACN,2025-11-26,0.2838991455615963,0.13737098207013543,0.2355600184993905,0.4566061649703058
ACN,2025-11-28,0.2847228351946315,0.13672337581562236,0.23463053498109027,0.45424299541594315
ACN,2025-12-01,0.260895545222039,0.1378172060822303,0.23281839720415565,0.4530843627531551
ACN,2025-12-02,0.2687614077698795,0.13805365200492695,0.22404725638148637,0.4479371759797266
ACN,2025-12-03,0.1518729107991465,0.14122274467142415,0.2351339549217673,0.45577455258701793
ACN,2025-12-04,0.1542725902898669,0.14276633529638633,0.23769852701862973,0.46313376645396565
ACN,2025-12-05,0.1470641314759369,0.14117858102247993,0.2369848668004212,0.4598390098436751
ACN,2025-12-08,0.1520988107716585,0.13971923484894022,0.2352138911884688,0.4559478833746462
ACN,2025-12-09,0.1420390262179479,0.1396857831223102,0.2386050281591107,0.45544597914404894
ACN,2025-12-10,0.1323650440037556,0.13824606696896086,0.22614771200611866,0.44566439066396046
ACN,2025-12-11,0.1298504455796036,0.13775585352667408,0.2234095695665485,0.44366709106644453
ACN,2025-12-12,0.1279173689200501,0.13734574114521603,0.22079822426003917,0.4413768052929785
ACN,2025-12-15,0.112354133028317,0.13763182254147308,0.22295065751058973,0.44203701616863444
ACN,2025-12-16,0.107011529595033,0.13851312621127537,0.22501748770723645,0.44511692049534224
ADBE,2025-01-02,0.2849704782294188,0.17994643642560854,0.2814435913228454,0.5271851020199397
ADBE,2025-01-03,0.2692821637199954,0.1803903826006285,0.28545980783541375,0.5309018570271736
ADBE,2025-01-06,0.269317271288064,0.18051165497842053,0.28699502820909156,0.5319360213223875
ADBE,2025-01-07,0.2420918432372747,0.18016674194169058,0.2878823485719207,0.5322974251083878
ADBE,2025-01-08,0.2389475900520865,0.17967302882548003,0.2864028830563066,0.5309901928118903
ADBE,2025-01-10,0.1223963728420083,0.17982306862746128,0.28670659494257084,0.5332883989458586
ADBE,2025-01-13,0.1224495746390094,0.18034438524911767,0.2900233147814449,0.5360014552410834
ADBE,2025-01-14,0.1326607562194893,0.18056989623908154,0.29175716770988175,0.547490080037032
ADBE,2025-01-15,0.131671021604328,0.18062201875317985,0.2921117493450877,0.5477586813617059
ADBE,2025-01-16,0.1547212418301351,0.18173417848390822,0.2957125101599279,0.5508950517663131
ADBE,2025-01-17,0.1525189724637752,0.1794345964483821,0.27904002595599886,0.5377401034068138
ADBE,2025-01-21,0.1359207809503066,0.1794475836684275,0.2799997894757437,0.5378819368890243
ADBE,2025-01-22,0.1397805170354599,0.17898587865707227,0.2811769335784334,0.5379587950202988
ADBE,2025-01-23,0.1421919370593412,0.17918295338495338,0.28428752588839373,0.5400152497233017
ADBE,2025-01-24,0.1430612153112639,0.17832734767003205,0.28113667746027776,0.5368179891906297
ADBE,2025-01-27,0.2517948658309419,0.17823112365742672,0.28657325808302453,0.5366769604974555
ADBE,2025-01-28,0.2599306401193501,0.17770484104173762,0.28488586669695926,0.5346676089591548
ADBE,2025-01-29,0.258555141913474,0.17736574754494377,0.28455006424183327,0.5344193352164801
ADBE,2025-01-30,0.2637167434786081,0.17697491378415692,0.2853057437367082,0.5341014256670725
ADBE,2025-01-31,0.2332154763561592,0.1777631414279972,0.28988037160329067,0.5385956049903843
ADBE,2025-02-03,0.2333782899051389,0.17764420935692304,0.2896844072301357,0.5383452106279348
ADBE,2025-02-04,0.2565394183655916,0.17711498169512846,0.2890685082578321,0.5373653899560453
ADBE,2025-02-05,0.2556501177916521,0.17483071182378623,0.2852916164523641,0.5331113887882477
ADBE,2025-02-06,0.2871809541731426,0.17426799939637194,0.2824171566778394,0.5313254546097567
ADBE,2025-02-07,0.2845096033605441,0.17311141413434833,0.2764870697731937,0.5264842850571847
ADBE,2025-02-10,0.1885486219235481,0.17688716406019633,0.29383916247403447,0.5427355799486465
ADBE,2025-02-11,0.1571360022369535,0.1748948873108353,0.2917664215332963,0.5396068069548643
ADBE,2025-02-12,0.1429643882480329,0.17447591591644107,0.290360007044545,0.5380654549049813
ADBE,2025-02-13,0.1489124845609778,0.16949618934376043,0.2828496276917888,0.5239682314033707
ADBE,2025-02-14,0.153134225323928,0.16554489160479535,0.27691680508990674,0.5159412849308046
ADBE,2025-02-18,0.1619156649782951,0.16389127959469896,0.26657234928113677,0.5071725908265586
ADBE,2025-02-19,0.1651438400719104,0.1640490942539034,0.2665705476346865,0.5081595004720928
ADBE,2025-02-20,0.1774000817906599,0.1675320414158002,0.2706980441461286,0.518009324493028
ADBE,2025-02-21,0.1433705476137686,0.16778076523418745,0.2722284717142789,0.5198428955034685
ADBE,2025-02-24,0.2213947204332696,0.16713788139625885,0.2713812386622601,0.5187696012527968
ADBE,2025-02-25,0.2214699259068404,0.16608460523541346,0.2716195812117551,0.5153327938629891
ADBE,2025-02-26,0.2310458143418789,0.16531923515205477,0.27139081151356825,0.513765138761794
ADBE,2025-02-27,0.7834623980502814,0.16457569691463386,0.2704489572297981,0.5121427905576996
ADBE,2025-02-28,0.8340988970120297,0.16381498387438026,0.2652572765556133,0.5081574791491825
ADBE,2025-03-03,0.8382198789555366,0.1597955823248734,0.2601781716791687,0.4972562435719825
ADBE,2025-03-04,0.8302654079603297,0.16038156071721743,0.26365057361686695,0.49968728358271075
ADBE,2025-03-05,0.8194970478146358,0.15822049679463152,0.2609173787295092,0.49554487472372255
ADBE,2025-03-06,0.8253914806752444,0.15855648773823,0.2618710815816886,0.49696472337897857
ADBE,2025-03-07,0.8163357264395392,0.15740762332596875,0.2623748209614493,0.4947998969824019
ADBE,2025-03-10,0.8256481942286761,0.15982229004614684,0.2693262619534449,0.5037042632360462
ADBE,2025-03-11,0.8418175769510452,0.15962017013684526,0.267355552750863,0.503955842677044
ADBE,2025-03-12,0.8358954928616406,0.1595801159842935,0.2674234053028732,0.5037850806814184
ADBE,2025-03-13,0.3114724997817011,0.16751752595859082,0.2938796162788975,0.5372476275875556
ADBE,2025-03-14,0.2610514776685054,0.17733980696821905,0.31506626485775324,0.5651196745552269
ADBE,2025-03-17,0.2494380980437205,0.17793979904930868,0.3179545549869904,0.5674080950495156
ADBE,2025-03-18,0.2327730177464328,0.1777232257599201,0.3168471049648957,0.566523355084848
ADBE,2025-03-19,0.2331806765235883,0.1759701225310608,0.3127702312686705,0.5619677110538858
ADBE,2025-03-20,0.334623251051276,0.16805559419179406,0.2556431276156046,0.5168666879523652
ADBE,2025-03-21,0.4033857996133619,0.17759881551513595,0.25935045841374205,0.5401854230572829
ADBE,2025-03-24,0.3738179254443452,0.17764756545133226,0.2620850203941069,0.5406207836656045
ADBE,2025-03-25,0.3205780468926946,0.17829415944115456,0.2631962541487942,0.5411716380671573
ADBE,2025-03-26,0.5432411801449076,0.17828038793593426,0.264269592355482,0.5416425207919935
ADBE,2025-03-27,0.5654010496209771,0.17707966095735012,0.28545531663651985,0.5384464764257065
ADBE,2025-03-28,0.566702403235445,0.17771627298927212,0.2919769815712045,0.5415715614461285
ADBE,2025-03-31,0.5669397054662199,0.17719397441202728,0.2888714000182377,0.5388909202527886
ADBE,2025-04-01,0.5666910535567682,0.17522939854631536,0.2794586789080836,0.5299317451325196
ADBE,2025-04-02,0.5610582687646818,0.17430163963063722,0.28024395324270585,0.5289263418245699
ADBE,2025-04-03,0.5299945851437057,0.17830779352786735,0.289660644670091,0.5417679593536033
ADBE,2025-04-04,0.4718498270678462,0.1832784989752676,0.29722841527158833,0.5556619877055682
ADBE,2025-04-07,0.4641025829715532,0.18569377137059973,0.30041672698090643,0.5619257286775343
ADBE,2025-04-08,0.4635447799855453,0.18338746148709867,0.29899985328937795,0.556554646545442
ADBE,2025-04-09,0.3138749460931812,0.19313621359878852,0.3292393461784594,0.5869741255597628
ADBE,2025-04-10,0.2347725015144497,0.19988984636999818,0.33588640488166294,0.6113595584615253
ADBE,2025-04-11,0.2347912151428233,0.19935929625226173,0.3302598847691692,0.608612670522558
ADBE,2025-04-14,0.2295098400206797,0.1864481317447419,0.3084834369986891,0.571317230343238
ADBE,2025-04-15,0.2271584196635638,0.19739936638352368,0.32531339835063516,0.6035242419159252
ADBE,2025-04-16,0.188447474554476,0.1913101568969331,0.29608151038038594,0.5764850718018977
ADBE,2025-04-17,0.1914218128256966,0.19062151162998836,0.29098433946412006,0.5711707542107161
ADBE,2025-04-21,0.1428413876538404,0.19033023679085925,0.2932956871991859,0.5706241872655905
ADBE,2025-04-22,0.1358978059247762,0.1924592273535407,0.3017796468828343,0.5781466438665275
ADBE,2025-04-23,0.1363701949816939,0.1939045637651638,0.30469828389320563,0.583035771116352
ADBE,2025-04-24,0.1134316450318498,0.19283525783887268,0.3100520157946734,0.578481405811221
ADBE,2025-04-25,0.0955414957629034,0.1959229062439653,0.3197891481952675,0.587067166028991
ADBE,2025-04-28,0.1703721162855132,0.19459608714392818,0.31185927944934166,0.5807610829670886
ADBE,2025-04-29,0.171250333271442,0.19337657994769597,0.3107843634322745,0.577650136739925
ADBE,2025-04-30,0.1700192228636645,0.18290660223505667,0.29521546811998634,0.5469816705759326
ADBE,2025-05-01,0.1677163380311153,0.19117069851240132,0.30824904813505233,0.5705269024358112
ADBE,2025-05-02,0.1991949713185385,0.19047823241284623,0.30738796844762095,0.568936613739699
ADBE,2025-05-05,0.1935011015909896,0.1905848132032495,0.3101812789399344,0.5710691612798682
ADBE,2025-05-06,0.2113094650884738,0.18989608294407928,0.309879498213859,0.5696367681787045
ADBE,2025-05-07,0.2283164586509508,0.18691739833326254,0.30512515084781505,0.56313034680745
ADBE,2025-05-08,0.2249383163491666,0.17902051710107392,0.29440556171932947,0.5439799644185279
ADBE,2025-05-09,0.2516513328576987,0.1781760623942874,0.2906798804354083,0.5420944339788784
ADBE,2025-05-12,0.2103766518738021,0.18122273848267823,0.30373105030088404,0.553453081844302
ADBE,2025-05-13,0.2128027789715194,0.18141359976888677,0.3043634489450495,0.5541708013883426
ADBE,2025-05-14,0.2126651379636575,0.18122926739543055,0.30452695081118786,0.5538262329400397
ADBE,2025-05-15,0.2060677506254941,0.18102972519025717,0.30419323090139866,0.5534411381386589
ADBE,2025-05-16,0.1957369742889159,0.18195144960909948,0.3063232030309452,0.5544836953212197
ADBE,2025-05-19,0.2286036823108578,0.18124567720244977,0.3033110930121355,0.552321937706004
ADBE,2025-05-20,0.2279226401645149,0.1816893421347211,0.30549676914856605,0.5545538654045781
ADBE,2025-05-21,0.2243743653393956,0.18216205385510142,0.3072404652965693,0.5565525165190995
ADBE,2025-05-22,0.2252137989402379,0.1821496783141287,0.30731191024780014,0.5567475592087038
ADBE,2025-05-23,0.2058650006058188,0.18153988259009685,0.29837774674049106,0.5512271329294213
ADBE,2025-05-27,0.1964433556092047,0.18224150367585762,0.3034289867608853,0.5535181588091593
ADBE,2025-05-28,0.200729475768044,0.1823510968872709,0.303123338843025,0.5535042413460015
ADBE,2025-05-29,0.2005059579824791,0.18000727035876168,0.2992131359445563,0.5464616922553522
ADBE,2025-05-30,0.3374882601693512,0.17980497541955615,0.2994479001200452,0.5458681435050782
ADBE,2025-06-02,0.344105023842843,0.18115557094002505,0.3050002571734685,0.5501922694277749
ADBE,2025-06-03,0.3935496249081707,0.18222239490016423,0.3086215096361496,0.5532857107838755
ADBE,2025-06-04,0.3891848599318012,0.18315677564186567,0.31006779462402806,0.5568811647106583
ADBE,2025-06-05,0.3850336920933685,0.18330744597835114,0.3105518621746167,0.5570660373866096
ADBE,2025-06-06,0.3899504097003443,0.1833051759774088,0.31061114611065965,0.5569481329315144
ADBE,2025-06-09,0.3957526736340423,0.14981328454843185,0.2486790754156843,0.4870772853031218
ADBE,2025-06-10,0.4097122414659572,0.14330981755977984,0.23260264577663725,0.4687847268548959
ADBE,2025-06-11,0.4096977836883386,0.1434946568987565,0.2340767987241325,0.46991397420103376
ADBE,2025-06-12,0.4098543723070965,0.1426487152150518,0.23250864737320015,0.4678067147589613
ADBE,2025-06-13,0.3126416737153646,0.15068445823439636,0.25408705237807827,0.4920332410037135
ADBE,2025-06-16,0.2891008921341049,0.1533397476279571,0.2640904723597819,0.5010056144184183
ADBE,2025-06-17,0.2320572678504022,0.1580275799072649,0.2712329175228717,0.5112264239008271
ADBE,2025-06-18,0.2239027939697433,0.15821045885235957,0.27068198837910024,0.5115152410249787
ADBE,2025-06-20,0.2258910845990934,0.16570958395645558,0.28129751148546667,0.5334536723098118
ADBE,2025-06-23,0.2332778234945093,0.16436327108150972,0.27421510172201946,0.5267525756948388
ADBE,2025-06-24,0.2595784860380337,0.16352617231155353,0.2686878276120592,0.5218486604459132
ADBE,2025-06-25,0.2440087464662934,0.15306934594763438,0.24075458746979844,0.4860633691671472
ADBE,2025-06-26,0.2598703021520237,0.16016705139655796,0.2494051161826179,0.505394547603036
ADBE,2025-06-27,0.2692367671797208,0.15991910135253729,0.24828959878668844,0.5039035909942564
ADBE,2025-06-30,0.2659247971169665,0.1533054784324846,0.24207662185077788,0.48416374846546073
ADBE,2025-07-01,0.2429192878371873,0.14989242427492433,0.23913340735834332,0.4784859613800466
ADBE,2025-07-02,0.2093286196521393,0.15115795778724705,0.25051912713137353,0.48827101527736905
ADBE,2025-07-03,0.2073646236777386,0.1544980876102337,0.2559948948577881,0.4988852498408435
ADBE,2025-07-07,0.2111734730567929,0.14919879220559756,0.2472233402025339,0.4830224152553849
ADBE,2025-07-08,0.2112339321918681,0.14292253359646767,0.23861447509071076,0.47374333316259754
ADBE,2025-07-09,0.1759587648480507,0.1431155669718921,0.23592159703871435,0.47601747537136074
ADBE,2025-07-10,0.1741532348009627,0.14227141080705696,0.2294454126621054,0.4706064033495657
ADBE,2025-07-11,0.125835628194554,0.14331443964832985,0.23083978029428795,0.4729890228715934
ADBE,2025-07-14,0.1199595181698742,0.1438581993379227,0.23372603105779532,0.47509278060017046
ADBE,2025-07-15,0.1108633574164662,0.142536280317568,0.22804675839709743,0.4716241965525033
ADBE,2025-07-16,0.1454202282965223,0.14175891653242662,0.22539448277043544,0.4690632806247771
ADBE,2025-07-17,0.1534604002076481,0.14170039230131165,0.23000819683921253,0.4718798503162638
ADBE,2025-07-18,0.1999755746884308,0.14014308170134895,0.2232383474388839,0.4658991184155714
ADBE,2025-07-21,0.2161684426596332,0.13977039239043348,0.2219481952399267,0.46427811734923297
ADBE,2025-07-22,0.1846527848030974,0.1387399791789878,0.22129197906266632,0.4620997656043798
ADBE,2025-07-23,0.235636097786053,0.13509017837234133,0.21572552111707602,0.4514474133422395
ADBE,2025-07-24,0.2432063978513664,0.13498790580590758,0.2150947404138141,0.4510754555317684
ADBE,2025-07-25,0.2572684003969129,0.1349565547227478,0.21718512424987352,0.45109261811676504
ADBE,2025-07-28,0.2640499150699549,0.13470720008638565,0.21720736669956506,0.45074384464572503
ADBE,2025-07-29,0.284554491384183,0.13381210731214327,0.21219116845096164,0.44601037306084657
ADBE,2025-07-30,0.3589807340066119,0.1346456706768828,0.21621432925834833,0.4509445780867608
ADBE,2025-07-31,0.3514576808424396,0.13544489681786592,0.21795171600012353,0.4544032739347639
ADBE,2025-08-01,0.333382777971431,0.13728537222034756,0.22046338194636964,0.45917620691451266
ADBE,2025-08-04,0.29441878569908,0.1385722413865881,0.2207625342152945,0.4614519023398974
ADBE,2025-08-05,0.293678522413097,0.1382695183998695,0.2204814803328533,0.46041585867194024
ADBE,2025-08-06,0.312369338974844,0.14051467274784757,0.23134093930642954,0.46995291372915815
ADBE,2025-08-07,0.283995386065951,0.1385363241734302,0.22746107415809855,0.4660022220337219
ADBE,2025-08-08,0.300887062976693,0.13829051352930072,0.226067394630466,0.4649808136377135
ADBE,2025-08-11,0.2591976137779841,0.13858108639887662,0.22451002089074762,0.46476786725576136
ADBE,2025-08-12,0.3005458010094115,0.1389857923292876,0.22656384958430062,0.4664758242768675
ADBE,2025-08-13,0.2425797091100078,0.1423726009966444,0.23491948716619848,0.4764102087803954
ADBE,2025-08-14,0.2422012081299882,0.14187415185110297,0.23168938662830657,0.47420700829906326
ADBE,2025-08-15,0.2280539573948809,0.1425587466722416,0.23518935079210118,0.4754868312147972
ADBE,2025-08-18,0.2749465859743677,0.13987505010422302,0.22707942311080148,0.4646579843560795
ADBE,2025-08-19,0.2719462809001051,0.1400884386404741,0.22818495212669043,0.4651812389983683
ADBE,2025-08-20,0.2587605992697125,0.14161980439080746,0.22844190385434565,0.4689385508177635
ADBE,2025-08-21,0.271071155378365,0.14088994495799428,0.22809581850424065,0.46715707542675566
ADBE,2025-08-22,0.2797746599166897,0.1423494787987592,0.23267088573069364,0.4704116589424987
ADBE,2025-08-25,0.2847863342303239,0.14227581709913206,0.23460353628648245,0.47025739237697806
ADBE,2025-08-26,0.2662514867947905,0.1423879713503809,0.23468001121041848,0.47084419335110395
ADBE,2025-08-27,0.2649901699851088,0.14082699670978877,0.2325429797125335,0.4665714186325869
ADBE,2025-08-28,0.2637241605596944,0.1396837455678306,0.23082928537577796,0.46473077098257476
ADBE,2025-08-29,0.2597302961902039,0.1391557551573197,0.22667857418117907,0.46136237876238395
ADBE,2025-09-02,0.2186450838723302,0.14144131655986947,0.23100993658655966,0.46818591449190516
ADBE,2025-09-03,0.2491736906993955,0.14193849505266073,0.23210029104590146,0.46923674571958185
ADBE,2025-09-04,0.2373485488584818,0.14192563794973492,0.23190279862000118,0.46901109577111055
ADBE,2025-09-05,0.2394846464618536,0.14287244100715263,0.2357463958587055,0.47250320935344436
ADBE,2025-09-08,0.2066373698412147,0.14531807711628036,0.24461101172319613,0.4793734279162237
ADBE,2025-09-09,0.1961761087298865,0.14487655088145568,0.23788543862780298,0.4755475105337934
ADBE,2025-09-10,0.228032911777209,0.1396985934374667,0.23088342676173684,0.46623003075684644
ADBE,2025-09-11,0.2281810717489673,0.13793595072122689,0.22694372433470672,0.463003323765663
ADBE,2025-09-12,0.2404188553647335,0.13206485396026563,0.21675447712444468,0.4502861385705579
ADBE,2025-09-15,0.236867987645512,0.130049524031082,0.20398613919015265,0.44010222794411014
ADBE,2025-09-16,0.2491762100141063,0.13126973166382422,0.21282926199561925,0.44480561158962373
ADBE,2025-09-17,0.2328507667962714,0.13310561031975232,0.21897047306133202,0.4496965843045241
ADBE,2025-09-18,0.2531807612523502,0.1335126244949774,0.22085780559583673,0.4505177059291332
ADBE,2025-09-19,0.2572758021517878,0.13300524505621655,0.21989844178007606,0.44935435863321527
ADBE,2025-09-22,0.268314982722101,0.13297485046543928,0.22059996285115296,0.4493275916893148
ADBE,2025-09-23,0.2680928408924483,0.13323714668228326,0.22199608165891493,0.45027550248955506
ADBE,2025-09-24,0.244189055482407,0.1354862114602398,0.2220806796043774,0.45509468813474363
ADBE,2025-09-25,0.2434817357321436,0.13461315876339425,0.21727698176521526,0.45106983939036993
ADBE,2025-09-26,0.2519896225519042,0.1336046087682805,0.22057038633340262,0.4518113692780369
ADBE,2025-09-29,0.2585684151635054,0.1336818293926268,0.22064794630953893,0.4518425311754225
ADBE,2025-09-30,0.2498728562745255,0.1335874146138492,0.22067095814508436,0.4520915159588327
ADBE,2025-10-01,0.2305840485136917,0.1345790856782068,0.22232010216836717,0.45379736457749564
ADBE,2025-10-02,0.1787841071575573,0.13563621136401702,0.22793521548959952,0.45820519769460644
ADBE,2025-10-03,0.1962617869872693,0.13568398591400438,0.22496249177340422,0.45686478794300034
ADBE,2025-10-06,0.2536764492676941,0.13500153843384743,0.2253448704694793,0.4568427399675643
ADBE,2025-10-07,0.3292033066791169,0.13461274137258306,0.22326815068730343,0.4553705688400521
ADBE,2025-10-08,0.3350394152489033,0.13372727688070504,0.21833125783537657,0.4506473253221973
ADBE,2025-10-09,0.3339109913635974,0.1328791157653298,0.21215455306851067,0.4458517219466467
ADBE,2025-10-10,0.2878995117896117,0.13468117841332933,0.21866091027708706,0.4517274428993514
ADBE,2025-10-13,0.2903098767607915,0.1349450481852738,0.21808218388563172,0.45180572296228083
ADBE,2025-10-14,0.277516608517847,0.13499974853931068,0.21812326549737796,0.45200209669798985
ADBE,2025-10-15,0.4402455336696909,0.13483151232523627,0.21744739337756822,0.4518842882737527
ADBE,2025-10-16,0.4388343672422325,0.1348955800069223,0.21955676048486922,0.45232462441964427
ADBE,2025-10-17,0.4358824004453037,0.13588067174176416,0.21951043619914973,0.45366679902970086
ADBE,2025-10-20,0.4088799251750251,0.13914910259480942,0.23026253231213484,0.46321723021842764
ADBE,2025-10-21,0.3346431240164217,0.14364259931844403,0.24033419462697553,0.4733957795659829
ADBE,2025-10-22,0.3357601411264186,0.14343862762453874,0.2375773089100287,0.47200852245550284
ADBE,2025-10-23,0.3472852283812986,0.14256799402208953,0.23545112975478166,0.469600603533171
ADBE,2025-10-24,0.3475284303839247,0.1422331876141738,0.23793283627922301,0.4699023681317419
ADBE,2025-10-27,0.3388540089491573,0.14058194779081734,0.23359164689597445,0.4651408371971242
ADBE,2025-10-28,0.3493461571117742,0.13743071480803448,0.2190661001197376,0.4524569809981346
ADBE,2025-10-29,0.1743233839454864,0.14887324246192424,0.24765215965921944,0.4856218983433479
ADBE,2025-10-30,0.1792106881566481,0.14977979089556354,0.24957997463641945,0.48944315966384944
ADBE,2025-10-31,0.1791489730734902,0.14851393030574594,0.24818641098741775,0.48680661227112865
ADBE,2025-11-03,0.1944143948468765,0.14820352468821452,0.24678071220778064,0.4850864662360166
ADBE,2025-11-04,0.1940588093805479,0.14716517772382443,0.2468691642905042,0.4823146072460345
ADBE,2025-11-05,0.2090703805907213,0.14329838543979906,0.22055203695034026,0.4613929387741824
ADBE,2025-11-06,0.1941132780087664,0.14246662146487593,0.22233550250833256,0.4626305292290117
ADBE,2025-11-07,0.2863238681167488,0.14249345340422048,0.22155546451314856,0.4628115000759636
ADBE,2025-11-10,0.2942531293362245,0.1420379398513288,0.22309596760457484,0.46288189774203503
ADBE,2025-11-11,0.2823342410512777,0.14240850476408162,0.22616636167294585,0.46464415713560325
ADBE,2025-11-12,0.268569839181181,0.14272581362610026,0.23582458141612997,0.4660370385250089
ADBE,2025-11-13,0.2761560640671568,0.12313363894892494,0.19997082622969653,0.407069883638469
ADBE,2025-11-14,0.2822485459789101,0.14115588296312592,0.22821095046278947,0.45983523983020336
ADBE,2025-11-17,0.2680025031122801,0.14070994119564473,0.22888279237306755,0.4611710771838552
ADBE,2025-11-18,0.2755150932209859,0.14019989376515818,0.22550493764286939,0.45983995544739675
ADBE,2025-11-19,0.2510944513644471,0.13914230661152066,0.2191274369388716,0.45528241547082426
ADBE,2025-11-20,0.3206352911936803,0.13941314132436378,0.21993672269322767,0.45577106435717296
ADBE,2025-11-21,0.3170353303930343,0.1449415015304663,0.2412333447002619,0.4749222404465002
ADBE,2025-11-24,0.2964694663817083,0.14571995810157934,0.24120541143845656,0.47690206625402864
ADBE,2025-11-25,0.30091771158001,0.12780476333469898,0.21458023954848315,0.42670391750558934
ADBE,2025-11-26,0.2979648392527687,0.12701052909136828,0.21228994828685877,0.4264845098771073
ADBE,2025-11-28,0.299842406006183,0.12628706731691464,0.20934882346086015,0.4234206905654554
ADBE,2025-12-01,0.3266078371417179,0.12435065606532049,0.19796236496346176,0.4137285081886466
ADBE,2025-12-02,0.3364541958583611,0.12174479328305834,0.19029945910082913,0.40579914102773285
ADBE,2025-12-03,0.3410654696338416,0.12173109415865548,0.1918887605820026,0.4060920156363117
ADBE,2025-12-04,0.3418346396933541,0.12123182735471374,0.18977108525005407,0.4032954389676867
ADBE,2025-12-05,0.2381750716139722,0.12909399148649064,0.21667523933043664,0.42637684830936295
ADBE,2025-12-08,0.1986305692354409,0.14403758545589795,0.24406049302799915,0.47124028593623657
ADBE,2025-12-09,0.2123299947487384,0.14436091013835572,0.24577367257081362,0.47138631711521295
ADBE,2025-12-10,0.2099763155394775,0.14393866656578325,0.24566225207202147,0.47108416779763906
ADBE,2025-12-11,0.183897892333688,0.14339917606173397,0.24623159776085096,0.4697648080040172
ADBE,2025-12-12,0.1608068106240255,0.14199075619868579,0.23593383207661228,0.46098063968240854
ADBE,2025-12-15,0.1411142238678836,0.1418711072583203,0.23183093989526116,0.45901624447202904
ADBE,2025-12-16,0.1373282455286721,0.14177359396809674,0.23132978376717256,0.45899780657908895
AMD,2025-01-02,0.5097415956699977,0.19285287510306315,0.2963316023705303,0.5680090701446019
AMD,2025-01-03,0.4667972204603227,0.21025112898378961,0.3365131567654707,0.6216771062786551
AMD,2025-01-06,0.4331842378152693,0.21285715632987,0.34614587874741315,0.6286676932011324
AMD,2025-01-07,0.427546006967097,0.19892242202446164,0.32201806274310096,0.5892339857490271
AMD,2025-01-08,0.3627427933738697,0.19991009332536508,0.3289906004634874,0.5956126994261677
AMD,2025-01-10,0.4317436711757438,0.21664355723036077,0.3570079747837696,0.6443730865322939
AMD,2025-01-13,0.4274178319746584,0.20221449592729013,0.32931354857217515,0.6025712264229681
AMD,2025-01-14,0.4499510758361029,0.19971435934562204,0.31584181831183344,0.590708512742991
AMD,2025-01-15,0.4207276597730837,0.20396183071675467,0.33213450645162007,0.605581204772371
AMD,2025-01-16,0.4343221514894392,0.20874658633465165,0.3347719420481682,0.6172774782648979
AMD,2025-01-17,0.4094966520723151,0.2027786759696295,0.3172358577319582,0.594479150457114
AMD,2025-01-21,0.4810848060078332,0.20100933296161555,0.31679896295031246,0.5901130868344693
AMD,2025-01-22,0.5642865375697794,0.2113366707827452,0.3321167897484333,0.6187614457200332
AMD,2025-01-23,0.5646604555275317,0.2106310984496279,0.3287294318583754,0.6155935463618641
AMD,2025-01-24,0.5653063057385797,0.20937884666307316,0.32717131433706687,0.6123979964898069
AMD,2025-01-27,0.5129136043241854,0.21579083554535383,0.34920571829446545,0.6342361506671826
AMD,2025-01-28,0.514678212800676,0.21359163936219927,0.3444328853310157,0.6297934184544074
AMD,2025-01-29,0.4898372662649773,0.19992883698230696,0.3261498964064246,0.6053681334432974
AMD,2025-01-30,0.4813328437424369,0.1995398661037936,0.32898200553340146,0.6057890972977426
AMD,2025-01-31,0.4763368172194474,0.20009201852657515,0.32887326888740837,0.6070878016078713
AMD,2025-02-03,0.4750609404882191,0.19781519830660432,0.31223856648916254,0.5935370163714951
AMD,2025-02-04,0.4064953250627193,0.20201340839748988,0.3250893980316522,0.6058977190950492
AMD,2025-02-05,0.2284916670172729,0.20820702095203708,0.3397356728315798,0.6244564140913734
AMD,2025-02-06,0.2643701970690366,0.20678444827030984,0.33513487082631493,0.621196702469619
AMD,2025-02-07,0.2671419484502731,0.20706796844648434,0.33472699549025264,0.6221703216755848
AMD,2025-02-10,0.2896360854772412,0.20890277688607783,0.345210649901681,0.628597193948014
AMD,2025-02-11,0.2919019291997501,0.207088166736495,0.3345395279066921,0.6198610724713317
AMD,2025-02-12,0.360595638552418,0.19653664735168702,0.30691011594550066,0.5837388850184976
AMD,2025-02-13,0.3634411267548177,0.19622360531813648,0.3051305491469558,0.5825039269478484
AMD,2025-02-14,0.3407729491697754,0.19809867800428838,0.301621937470496,0.584985519038434
AMD,2025-02-18,0.3771629915524104,0.1960894560710234,0.2939013175230029,0.5781069573233737
AMD,2025-02-19,0.3847190171234064,0.19591055361542853,0.29721517435385153,0.5778218735029199
AMD,2025-02-20,0.3900160648513971,0.19599257517448654,0.3070341115132617,0.5793830116958435
AMD,2025-02-21,0.4047549269778612,0.1983534779068088,0.3172820230467097,0.5896602792508845
AMD,2025-02-24,0.4220687854711348,0.1989996729120186,0.31789275294866076,0.5912842397442994
AMD,2025-02-25,0.395163980964046,0.19994629863766883,0.317154669062344,0.5946244199311733
AMD,2025-02-26,0.4598894439633095,0.192000051024382,0.3065821320270889,0.5724289546976516
AMD,2025-02-27,0.4024229142116222,0.19452880096168945,0.3084107816406742,0.5779099924521802
AMD,2025-02-28,0.4300433017849216,0.20381654343816208,0.3263218665900239,0.6069298537397673
AMD,2025-03-03,0.4487946241483875,0.20168968440202917,0.32332812749842016,0.6029499861951741
AMD,2025-03-04,0.4420890110966373,0.20335804288741582,0.32879864536992576,0.6076269997755483
AMD,2025-03-05,0.4567523050788549,0.20306876473716134,0.32873429220136086,0.6083484431273495
AMD,2025-03-06,0.4192087117260549,0.2022667540288584,0.31874972928894924,0.6035109242494933
AMD,2025-03-07,0.4233531251385012,0.2027249978489079,0.3206997038122898,0.6049380395185843
AMD,2025-03-10,0.4488690056680497,0.20107009927993508,0.3207288794802919,0.6044333017197923
AMD,2025-03-11,0.4436114743099332,0.2000556609403712,0.3164991363053317,0.6005970614427639
AMD,2025-03-12,0.5070096534377777,0.19807034800888795,0.3206685214217909,0.5955319539502031
AMD,2025-03-13,0.5189749582925087,0.20386902419168978,0.33088018844229244,0.6115619241418807
AMD,2025-03-14,0.5424788307031907,0.20484392398377316,0.33480644210548177,0.6142112769094715
AMD,2025-03-17,0.5105081029088959,0.20590482720886144,0.3324056029850369,0.6121514751090951
AMD,2025-03-18,0.5082889420109098,0.2061463765455568,0.3344715207123001,0.6138766775386413
AMD,2025-03-19,0.4868347989926671,0.20593345367063487,0.3323897434610402,0.6114824819761945
AMD,2025-03-20,0.6567250970331554,0.20420123161408682,0.32375003023810683,0.6027105681262728
AMD,2025-03-21,0.7574765391428562,0.20403766908554166,0.3244471294939761,0.6032256973251672
AMD,2025-03-24,0.5735188560237662,0.209358688777471,0.3458709529852249,0.6187915967213774
AMD,2025-03-25,0.5538303106924474,0.20960637533614312,0.34406253873178355,0.6190131380734069
AMD,2025-03-26,1.3797325802163585,0.21303360538045296,0.35446392258192555,0.6310273560277466
AMD,2025-03-27,1.4287256977727711,0.21475896762377183,0.3586571487628652,0.6373458734118929
AMD,2025-03-28,1.4673421604441128,0.21595840727336524,0.3602963199078361,0.6407345874949669
AMD,2025-03-31,1.4713045931888724,0.21234048869515387,0.33404719035040814,0.6196543726373959
AMD,2025-04-01,1.4731641113678755,0.2120086838550559,0.3314630349990995,0.6177871688862125
AMD,2025-04-02,1.5109594411431622,0.20824879946369695,0.3257273563385214,0.6085266742276371
AMD,2025-04-03,1.4473409935214887,0.2194004713388616,0.3528818661891459,0.6402738203971862
AMD,2025-04-04,1.3775128209397376,0.2303559727007533,0.3711869281095473,0.6664436170232307
AMD,2025-04-07,1.370842365465188,0.23024444257541066,0.37585020193528407,0.6664376821376937
AMD,2025-04-08,1.3260088670006671,0.23163248177616536,0.3717091571992656,0.6649716145780534
AMD,2025-04-09,0.7691318386534278,0.29026500800074695,0.5186004041729418,0.8197743627436616
AMD,2025-04-10,0.6094073326740697,0.4047365782174117,0.68734918320447,1.1450936959428966
AMD,2025-04-11,0.5610592998639276,0.40249423301017734,0.6792021832374653,1.1340992795128682
AMD,2025-04-14,0.559739240321452,0.3898249746948732,0.658528889156283,1.0965202731555364
AMD,2025-04-15,0.5619784658913127,0.37107562774869174,0.6211518722256687,1.0380709118403697
AMD,2025-04-16,0.3642015420450323,0.29843351338639657,0.4608396441300249,0.8004307987194567
AMD,2025-04-17,0.3543238471912005,0.35207411231687336,0.532589532191217,0.9502929829723045
AMD,2025-04-21,0.2974381593994735,0.3343610450376011,0.4977123292896703,0.8936454201977387
AMD,2025-04-22,0.3474042039710091,0.31506768294280624,0.4684508174808743,0.8383008603764568
AMD,2025-04-23,0.295918238601379,0.29922527363424245,0.4575449788297505,0.797007870199789
AMD,2025-04-24,0.2309631649561714,0.30161517118731473,0.4749272013156341,0.7955997375671985
AMD,2025-04-25,0.2160714575987017,0.30209954255204563,0.4813847282638297,0.7959704330110439
AMD,2025-04-28,0.3008925220300573,0.29660112280831535,0.468907965762063,0.7772745448485193
AMD,2025-04-29,0.3177024129395723,0.2930247270256656,0.46579852635370006,0.7683576000401645
AMD,2025-04-30,0.3506429597903878,0.2899968786257529,0.457784165793726,0.7573702144592552
AMD,2025-05-01,0.3917337454671056,0.28591409100554543,0.4534746862602807,0.7441196472977963
AMD,2025-05-02,0.3910016473054228,0.28204491539146836,0.4487225974061027,0.7367659777554844
AMD,2025-05-05,0.4348253529735117,0.2825316912315242,0.4533684908955143,0.740036965045248
AMD,2025-05-06,0.4177451570172284,0.28190806345344366,0.45378492283373234,0.7405849320787902
AMD,2025-05-07,0.4380548425622148,0.28176838265654963,0.4571792223567874,0.7419970764385632
AMD,2025-05-08,0.4527142754295422,0.2812925459584245,0.45863055800856345,0.7514575567862849
AMD,2025-05-09,0.4563407544452734,0.28044107864003354,0.45738279148054956,0.7517638550447422
AMD,2025-05-12,0.4271634975610512,0.2835459601420197,0.4694345445121602,0.7628047434745977
AMD,2025-05-13,0.3933140867120147,0.29023154253395356,0.4742767261436401,0.7772512711763874
AMD,2025-05-14,0.3027538333977969,0.29368103179822785,0.48159268991636167,0.7855367319563394
AMD,2025-05-15,0.2978531617690604,0.29860088164300824,0.4971660488438298,0.8080517528386187
AMD,2025-05-16,0.3391677566567936,0.29649085709591844,0.4942644256983451,0.8015452910357609
AMD,2025-05-19,0.3430199614925243,0.2945443799310822,0.49025159110276423,0.7972965154474627
AMD,2025-05-20,0.3371709990544072,0.29261510286699427,0.48446634688416895,0.7903076079888378
AMD,2025-05-21,0.358612446732197,0.2880773409196699,0.463931849125192,0.7726351415990934
AMD,2025-05-22,0.3483110841362228,0.28716410440437085,0.4596629300988347,0.7695103789551875
AMD,2025-05-23,0.4013291134894726,0.2831691163336691,0.44456385831293205,0.7558859279809672
AMD,2025-05-27,0.3708654526683816,0.28582503230122275,0.465994302041323,0.7690092360456163
AMD,2025-05-28,0.3747719401534748,0.2892319281273217,0.4722423685650127,0.7789023819483724
AMD,2025-05-29,0.4022009216342304,0.2874361444274405,0.4724447426810349,0.7735712544305715
AMD,2025-05-30,0.4011304528366548,0.2865366691546116,0.4716377492004893,0.7709989840236487
AMD,2025-06-02,0.5536600490465283,0.28749431238601936,0.4771822473225859,0.7752892192946108
AMD,2025-06-03,0.5487994419574013,0.2894077582476569,0.47794637585106686,0.7789102248351979
AMD,2025-06-04,0.5509465513707468,0.287617671643721,0.4734461354980583,0.7740590463793767
AMD,2025-06-05,0.5224614189410252,0.28777108008739394,0.4761332348912738,0.7756756125377883
AMD,2025-06-06,0.5214011773705755,0.28655801099797445,0.47122713790588383,0.7714466718723648
AMD,2025-06-09,0.5660015377774762,0.2866058112453444,0.4749275960617109,0.771576054543719
AMD,2025-06-10,0.5770153571203718,0.29097787704748396,0.48270003057475885,0.785141304742755
AMD,2025-06-11,0.5545451929665006,0.28891875990644744,0.4805462576115674,0.7810854652355127
AMD,2025-06-12,0.520150391952285,0.2882850530662461,0.4763545602063955,0.7792304581232369
AMD,2025-06-13,0.5071258868697732,0.2882802318296864,0.47708104464277806,0.7802464337280052
AMD,2025-06-16,0.4506664743454239,0.2957403914477104,0.5011029460002085,0.8003384967290844
AMD,2025-06-17,0.4533091985760589,0.3121075201614506,0.5260329302160484,0.8479456477579881
AMD,2025-06-18,0.4547600049172643,0.3025441723111304,0.5090378014811322,0.8225162793105159
AMD,2025-06-20,0.4801808609336667,0.29813296402749073,0.5003756371710204,0.8079407073263892
AMD,2025-06-23,0.4874630470585716,0.2937064690210932,0.4894281483579295,0.7943266538282058
AMD,2025-06-24,0.3557528956992795,0.29303444053884214,0.4827495416695,0.7851449880731799
AMD,2025-06-25,0.3715294931559374,0.3016018375270923,0.49675771294096166,0.8101080006702411
AMD,2025-06-26,0.3791857172234707,0.30024978409868863,0.4942338041491978,0.8058123168653382
AMD,2025-06-27,0.3794921768855606,0.29711809688126034,0.4919794092875695,0.7972473462295033
AMD,2025-06-30,0.4732540617397717,0.2958812313807851,0.4931675397140997,0.7952616298783385
AMD,2025-07-01,0.3846786321676133,0.28833183378741944,0.47647301289095273,0.7760070712531619
AMD,2025-07-02,0.3909879450989509,0.2827697484550996,0.4624970190957934,0.7644995917381127
AMD,2025-07-03,0.4225976371488413,0.2806270149964384,0.4578276297583123,0.7584943426536973
AMD,2025-07-07,0.3820460593368368,0.2750945700646534,0.4461753910629003,0.7462202581129409
AMD,2025-07-08,0.4072125328669347,0.2347935072233423,0.38572651626419124,0.6718041159685828
AMD,2025-07-09,0.4101642865443816,0.22271106899047033,0.3636196644595647,0.6435935253958125
AMD,2025-07-10,0.3853667800095204,0.22163235553363758,0.3689052880438554,0.6436462843653714
AMD,2025-07-11,0.3922336330017926,0.2246405892136089,0.37271661699002784,0.6518967013250945
AMD,2025-07-14,0.4090146799794373,0.22201213652186358,0.3616516447461083,0.6411234781433435
AMD,2025-07-15,0.326677703029617,0.21654399708324046,0.361135028850479,0.6343000738240149
AMD,2025-07-16,0.3154961161923,0.2312250353385349,0.3780422697485433,0.6211194841678086
AMD,2025-07-17,0.346717520496751,0.2287431018831822,0.37467767474839603,0.6155469226835577
AMD,2025-07-18,0.3597396237373083,0.22811001310959722,0.37652913254954196,0.6146184572858523
AMD,2025-07-21,0.3691259706353085,0.22538805371875564,0.37323047935776366,0.6079885864815706
AMD,2025-07-22,0.3680133581566401,0.22114379722992294,0.3523931125447682,0.5902658372194209
AMD,2025-07-23,0.5279333302539815,0.2204858884404451,0.35109438425420264,0.5889489265078646
AMD,2025-07-24,0.5855829108076941,0.22167656455092977,0.3574399749592755,0.593698488348596
AMD,2025-07-25,0.5745697590960246,0.22143040256799046,0.3553763223528104,0.5910594708246404
AMD,2025-07-28,0.5328766896231721,0.2239104176008367,0.3632522824620882,0.5972577856520901
AMD,2025-07-29,0.5265131879409837,0.22535579562167163,0.3584076350672626,0.5959811776062859
AMD,2025-07-30,0.5914219053967723,0.2243957423925353,0.35990485687535956,0.5958700438619488
AMD,2025-07-31,0.5924297861585677,0.22521200936958707,0.3682623692433139,0.6014923775085991
AMD,2025-08-01,0.5834563400735118,0.22587325500613947,0.37198284976465384,0.6045843009555986
AMD,2025-08-04,0.5668879859047136,0.22620600433961963,0.36981929976489963,0.6036012540542665
AMD,2025-08-05,0.6307177115244018,0.2272098668767743,0.36869697735156476,0.6045584386053613
AMD,2025-08-06,0.5308057211901798,0.2349334969003527,0.3797696883556721,0.621867388960965
AMD,2025-08-07,0.4373663986422776,0.24764796206985917,0.4119256849003559,0.6635850704492142
AMD,2025-08-08,0.4614804538340819,0.24927745819633057,0.41287577916777557,0.6684992311460034
AMD,2025-08-11,0.4764738406315882,0.24138555119962507,0.39929642279368044,0.6458090412684017
AMD,2025-08-12,0.4822730687014003,0.23689321269567654,0.3933924771341701,0.6350181450636105
AMD,2025-08-13,0.3668341755653729,0.23532611347948706,0.37624421300809213,0.619742527167935
AMD,2025-08-14,0.3736975502787076,0.2408097369481283,0.3821638872192045,0.6349059330989711
AMD,2025-08-15,0.3975737973667728,0.23918395485861943,0.3811983706571472,0.6308477964331785
AMD,2025-08-18,0.3990660266438745,0.23751256106652552,0.3787554977264565,0.6260426842732182
AMD,2025-08-19,0.2969916056770218,0.24155681221636066,0.387237324462986,0.6358757326760182
AMD,2025-08-20,0.2954323435089424,0.2454136918746067,0.37875938621219357,0.6380590533854085
AMD,2025-08-21,0.4451449401645749,0.24123930810560812,0.3763341800431936,0.6271459466790804
AMD,2025-08-22,0.4122501079198702,0.2402822460233316,0.3821340819435011,0.627972689324088
AMD,2025-08-25,0.4432161333932367,0.24173452892138847,0.38266629046358297,0.6315460355294661
AMD,2025-08-26,0.4495191991161844,0.24023296494591145,0.37349781637789453,0.6240828039965356
AMD,2025-08-27,0.4580842564666405,0.23866256853885282,0.3754113689038084,0.6201088108937813
AMD,2025-08-28,0.4700288785019027,0.2368283681200039,0.37158175210789823,0.6145459934122217
AMD,2025-08-29,0.4498728859559037,0.23880437678035832,0.3751351255347886,0.6196052661650673
AMD,2025-09-02,0.4501923719498769,0.2399820008277746,0.3737945614854962,0.6230180740493872
AMD,2025-09-03,0.4515555661815223,0.23764842365864247,0.3712271995816127,0.614537648724872
AMD,2025-09-04,0.4525569648931574,0.23410043041463507,0.3649806671789035,0.6077957639235311
AMD,2025-09-05,0.2689671334749875,0.24108925834049838,0.37805007475751606,0.6274490878265916
AMD,2025-09-08,0.274114780746838,0.25239430328947016,0.39699790509398786,0.660892824807487
AMD,2025-09-09,0.2421663775737434,0.2485699386148873,0.39631345767197884,0.6518568422867969
AMD,2025-09-10,0.2138812070796356,0.24794743469561287,0.39865254169100384,0.6513749638999234
AMD,2025-09-11,0.1603858908430482,0.24032250792883414,0.3857099469876502,0.6377514872811677
AMD,2025-09-12,0.1521869662931717,0.23721163712848392,0.36465228046533965,0.619938139719735
AMD,2025-09-15,0.1407939739408084,0.23619199870464375,0.3643037378287817,0.6164466424760944
AMD,2025-09-16,0.1389396477879815,0.23508754307667712,0.36112485569047087,0.6125815548005057
AMD,2025-09-17,0.142546875697162,0.23382204397820955,0.3566950025708478,0.6091939403446772
AMD,2025-09-18,0.1986759836687451,0.22772134293670376,0.3421216210754652,0.5941148794085781
AMD,2025-09-19,0.2713718409861938,0.2254207667579179,0.34325709385387154,0.5873631808335974
AMD,2025-09-22,1.0840841325839754,0.2250666916985279,0.342729477447884,0.5860763347354068
AMD,2025-09-23,1.0812559937889417,0.22536944154159638,0.34530089736117164,0.5874269209415058
AMD,2025-09-24,1.1384983033046847,0.22394934079393675,0.3432485830783452,0.5833389734638791
AMD,2025-09-25,1.1526618700032651,0.2207623985159432,0.33887140267234855,0.5757925315625865
AMD,2025-09-26,1.2786217034041896,0.22080872685326047,0.3410602732056257,0.5771571650269309
AMD,2025-09-29,1.2807366458717535,0.22082162463007277,0.3412127030554177,0.5773243448851176
AMD,2025-09-30,1.2780490562420084,0.21985017982956534,0.3394569132600754,0.5752008265544631
AMD,2025-10-01,1.3079058552046607,0.21916090291198748,0.34030172644571305,0.5741471284331624
AMD,2025-10-02,1.33652711192144,0.2217419752007293,0.34977123725884607,0.5827657329777427
AMD,2025-10-03,1.3102717233376513,0.2258285219206435,0.35756090670918367,0.6008757891718549
AMD,2025-10-06,0.8590333443331788,0.28542116617456637,0.49525003527143946,0.743470707807774
AMD,2025-10-07,0.8601607127431599,0.4078886745558445,0.681837065931304,1.096854055674233
AMD,2025-10-08,0.6955726675558351,0.31320364891654967,0.5415827701578806,0.8131192840013485
AMD,2025-10-09,0.7022462490575704,0.34980128397456317,0.6017058286727557,0.9226718914480624
AMD,2025-10-10,0.6240941656443902,0.32310797045769923,0.5628535453896925,0.8426214154237758
AMD,2025-10-13,0.623608232719271,0.33812545899269475,0.5457473965484718,0.8670105740756814
AMD,2025-10-14,0.6342031440988126,0.31866391644901315,0.5149765932105563,0.8098244633958817
AMD,2025-10-15,0.4920963782979602,0.31496512297676005,0.5079524949041638,0.7895735129428104
AMD,2025-10-16,0.530599176172539,0.3420818504098425,0.5467174116406771,0.8679426723279805
AMD,2025-10-17,0.5248719008271652,0.3242363850286669,0.50267397305653,0.8075861591597283
AMD,2025-10-20,0.5112245576685465,0.3162763716606247,0.5117099601210369,0.7841040649052428
AMD,2025-10-21,0.5545215033377682,0.31462362978133585,0.5098107567385842,0.7808016699714185
AMD,2025-10-22,0.5178276747253844,0.3086909697187453,0.48647074624433145,0.752656152847826
AMD,2025-10-23,0.6691509371634162,0.31105627796210633,0.4924878084835863,0.7601503694071362
AMD,2025-10-24,0.5363557260931989,0.3152473571216805,0.5206976162289385,0.7752427817085256
AMD,2025-10-27,0.5733442471305918,0.3307530150628375,0.5451084234491532,0.8204122379678697
AMD,2025-10-28,0.5826141609343088,0.322810421555908,0.5308331563584028,0.7970018198322862
AMD,2025-10-29,0.7408241166609021,0.31520242266051385,0.5161783343853766,0.7697404287229602
AMD,2025-10-30,0.7500685957316695,0.31289371380071634,0.518668921872218,0.7703700326737897
AMD,2025-10-31,0.7488414788900812,0.3102417226304935,0.5003296257557892,0.7578605197854598
AMD,2025-11-03,0.7494108315383696,0.30560066798526114,0.49186194458464433,0.7523203935722488
AMD,2025-11-04,0.7564362420420333,0.3059008441145832,0.4926653630857744,0.753478787682048
AMD,2025-11-05,0.7390707625143036,0.30964178784948615,0.5010871370798242,0.767029031315404
AMD,2025-11-06,0.7540974678969606,0.314401808425695,0.508484115437662,0.7809818037919389
AMD,2025-11-07,0.7540158919544697,0.33022799708822737,0.5356766527070533,0.8282893726562083
AMD,2025-11-10,0.7768806193743327,0.32430941572920813,0.5340445304664038,0.8129673470321878
AMD,2025-11-11,0.7886573899847161,0.3255739258064531,0.5324787796772793,0.8148632414953055
AMD,2025-11-12,0.6416949157171741,0.327028826785951,0.5478121768762492,0.8244742062886327
AMD,2025-11-13,0.6469306059485166,0.34707459259575146,0.5668957862691926,0.8760950248658217
AMD,2025-11-14,0.6565791646113547,0.3409555637289887,0.5555732288270652,0.8575312942364834
AMD,2025-11-17,0.6540108037092791,0.3321792440631992,0.5387012900163834,0.8305253547032364
AMD,2025-11-18,0.6353728453992256,0.3305048545255803,0.5353040127161106,0.824908311299169
AMD,2025-11-19,0.6214735251890676,0.32755418938034137,0.4949236682370014,0.7983082881503241
AMD,2025-11-20,0.4430389575688633,0.33318682375220315,0.5106111925195905,0.81305539350258
AMD,2025-11-21,0.4346423784559451,0.3505535200012553,0.5348444599405182,0.8645566398940293
AMD,2025-11-24,0.3522018636153443,0.3443225700275406,0.5477601658799804,0.8551379339122513
AMD,2025-11-25,0.2490341427591566,0.34851226556129256,0.5514221482131885,0.8652701275146648
AMD,2025-11-26,0.1777813264995238,0.348559265402943,0.5653428835629608,0.8669270044180076
AMD,2025-11-28,0.3056179245326483,0.34408784890853933,0.5426910128581587,0.8458611180415533
AMD,2025-12-01,0.3011998524668277,0.335104348954061,0.5266577330830413,0.8226605815927869
AMD,2025-12-02,0.2950768242104157,0.33182720539296473,0.516114880374232,0.8103995025127999
AMD,2025-12-03,0.3794875339816762,0.32912123871482035,0.5032708628253703,0.7981091373144195
AMD,2025-12-04,0.398587266719186,0.32686976387355127,0.4944104999890067,0.7892136219510933
AMD,2025-12-05,0.5190724829284333,0.3250898793674388,0.4984662896961988,0.7854556097062425
AMD,2025-12-08,0.5139294703683416,0.3248575322366225,0.49960783674627796,0.7849989538259529
AMD,2025-12-09,0.513378064051132,0.32405287074187034,0.4960491549600392,0.780507559216982
AMD,2025-12-10,0.5136217489856186,0.32344974970437607,0.49916071157641556,0.7787643941590967
AMD,2025-12-11,0.5135787054934274,0.3226003513715326,0.49886321234714953,0.7785519141423024
AMD,2025-12-12,0.4438094111858469,0.3264691723716797,0.5134269711205729,0.7955701554429154
AMD,2025-12-15,0.4337321159716208,0.33441109377074324,0.5222126872963997,0.8169748331795561
AMD,2025-12-16,0.4353778602631519,0.3316339810065829,0.5195123642000761,0.809603043329186
NVDA,2025-01-02,0.5560782036088595,0.21718119487405163,0.3390903079454551,0.5866222948991361
NVDA,2025-01-03,0.5180169507781893,0.21989224302272337,0.3517447654494991,0.5974671494769772
NVDA,2025-01-06,0.5386848258428127,0.22377227461447446,0.3563542533801235,0.6055059204715248
NVDA,2025-01-07,0.4108071638833011,0.23285699740590288,0.37836492425355445,0.6329026722766223
NVDA,2025-01-08,0.4504396586210925,0.238525079542248,0.3862404429928897,0.6486857468068876
NVDA,2025-01-10,1.0453874129210878,0.2354394502851927,0.3800927886653394,0.6396666579518869
NVDA,2025-01-13,1.1561177059845236,0.23077914483957274,0.36381399905272144,0.6253189451741501
NVDA,2025-01-14,1.1721917569594826,0.22625763690889228,0.3458331769273347,0.608170739647694
NVDA,2025-01-15,1.1547261360219925,0.22617358295115014,0.34606117798836694,0.606205277314135
NVDA,2025-01-16,1.1627582163092285,0.22747903126518937,0.34777505354305277,0.6097955452555385
NVDA,2025-01-17,1.1418835068204507,0.22599083559122912,0.3486851895631156,0.6071576188546349
NVDA,2025-01-21,1.136957044801848,0.2268961545755726,0.3508056780680399,0.6080369884231234
NVDA,2025-01-22,1.1485612544428092,0.2278480459830065,0.3535191095735522,0.608754153469697
NVDA,2025-01-23,1.17027346521324,0.23003341481406703,0.36291691442766466,0.6157188816042762
NVDA,2025-01-24,1.1703113014295747,0.2301627663730541,0.36396236779292457,0.6168237352977447
NVDA,2025-01-27,0.638796201964311,0.27894028374346336,0.46457289325231343,0.7375158903682514
NVDA,2025-01-28,0.4924746122267787,0.32856466359571257,0.551624598741602,0.8781576965315033
NVDA,2025-01-29,0.4366723362155909,0.32269926786894254,0.5352313471067492,0.8571328382579305
NVDA,2025-01-30,0.4549581940429047,0.3063615022542552,0.5119651378137413,0.8120661051478737
NVDA,2025-01-31,0.3824852752690812,0.29530243184743504,0.49334206473970793,0.7791754133046823
NVDA,2025-02-03,0.3063025091290963,0.28889914399916117,0.44168295608888636,0.7397534358998809
NVDA,2025-02-04,0.3209619407029522,0.2838584922216775,0.4112795524240824,0.7145854239167256
NVDA,2025-02-05,0.2573707907561184,0.28544306124910196,0.42370633121944373,0.7219183131300486
NVDA,2025-02-06,0.3469070946927077,0.2875299080737436,0.42964810870486353,0.7292009583207709
NVDA,2025-02-07,0.3885104454929308,0.2854719988897731,0.4191431173768532,0.7193437966064112
NVDA,2025-02-10,0.3783515372897423,0.28316880737266137,0.42766097717767,0.7059437978478034
NVDA,2025-02-11,0.4315433246450081,0.28384075232620765,0.44004635904019523,0.7111222294018805
NVDA,2025-02-12,0.6168288058899942,0.2829859572086813,0.4385494120524775,0.7077378587557834
NVDA,2025-02-13,0.6319680918054695,0.2838171907224664,0.4408737684290918,0.7094074881419135
NVDA,2025-02-14,0.7222239882378751,0.2842889256457156,0.4471242675919285,0.711628841341749
NVDA,2025-02-18,0.7366942930822032,0.28387654524279216,0.44857193239804855,0.7101371353747982
NVDA,2025-02-19,0.7473908744863478,0.27817925455839576,0.4383468059034316,0.6956130421999424
NVDA,2025-02-20,0.7619086295154733,0.27574331517670814,0.4339694067263797,0.6872396704521864
NVDA,2025-02-21,0.7826234765265118,0.2771833549603682,0.43982186531312534,0.6943586253503675
NVDA,2025-02-24,0.7994324420888153,0.2783296394448509,0.43589210911948234,0.6966734345707785
NVDA,2025-02-25,0.8173262415004239,0.27783026429832314,0.43290927704128507,0.7055589932718141
NVDA,2025-02-26,0.8721722883202415,0.28067809704713576,0.4474673019996047,0.7203740623226449
NVDA,2025-02-27,0.7623442474886987,0.2902570766025555,0.4619691067774107,0.7446286310648061
NVDA,2025-02-28,0.7841019252448914,0.3042251646584795,0.4926244334684038,0.7877032922260269
NVDA,2025-03-03,0.6227271678418473,0.3089504432359177,0.5020976093952884,0.7972164797711855
NVDA,2025-03-04,0.6481676008929169,0.32174541199027085,0.5244195457207774,0.8357419587384919
NVDA,2025-03-05,0.6524245048136071,0.3110791857465911,0.504319782114687,0.8040166722825978
NVDA,2025-03-06,0.5624941075071136,0.3067875987895513,0.48881129116528504,0.7860576480450457
NVDA,2025-03-07,0.5620762921803482,0.31001045254545445,0.48975787228767936,0.7935096974410449
NVDA,2025-03-10,0.4770906781662703,0.305586328606463,0.46971697110511895,0.7735059793514106
NVDA,2025-03-11,0.4852723337030259,0.30752843379911543,0.4727527926840141,0.7796575630144288
NVDA,2025-03-12,0.5042779744273623,0.3083146699516291,0.4861093242879287,0.7836025857130644
NVDA,2025-03-13,0.5131507459914896,0.311220225021701,0.4859470162795871,0.7876187865455613
NVDA,2025-03-14,0.4124868753849877,0.3096236041042505,0.4891458834075851,0.782483869175998
NVDA,2025-03-17,0.4105958802810677,0.31175758923103947,0.48815670808611594,0.7838334943119697
NVDA,2025-03-18,0.403159536934219,0.310295906154003,0.4915122258429006,0.7827117741772672
NVDA,2025-03-19,0.3859457607232927,0.30893348265421705,0.48162901581992545,0.7742047274002278
NVDA,2025-03-20,0.5271989738244741,0.2990726517159017,0.479268080806935,0.8024127182729567
NVDA,2025-03-21,0.6061965797267964,0.29449335794767206,0.4608101070785736,0.7848274492657478
NVDA,2025-03-24,0.6154117389445698,0.29370132463823756,0.46889379392702324,0.7847332023236425
NVDA,2025-03-25,0.6109915452841278,0.29330141585778835,0.45936474675385985,0.7797201271070672
NVDA,2025-03-26,1.1147808808847346,0.2973903927831694,0.4779868306294666,0.7964664043895818
NVDA,2025-03-27,1.1538383108985515,0.30251147084594243,0.48397157356315695,0.8131687811723448
NVDA,2025-03-28,1.1635502903968526,0.3008540897640477,0.48520231496926386,0.8089467070393107
NVDA,2025-03-31,1.1615240315192006,0.29750536932618615,0.4695643926176953,0.7972125990704192
NVDA,2025-04-01,1.160650355918647,0.29679825384776526,0.47506312437544834,0.7985000999850991
NVDA,2025-04-02,1.2170753983553817,0.2927933220117296,0.45903651206634133,0.7834986821181822
NVDA,2025-04-03,1.1526292588238738,0.29888400157895856,0.4798766669764322,0.8070222701581861
NVDA,2025-04-04,1.105749829468633,0.3094474034124294,0.4973531087697219,0.8388299710053496
NVDA,2025-04-07,1.096375693310908,0.31642249963685065,0.5172843131174124,0.8619888699065419
NVDA,2025-04-08,1.1071317863210066,0.3121062378524688,0.5071756795681975,0.8484625195387206
NVDA,2025-04-09,0.6585992000185118,0.33943908594143024,0.585389589898522,0.9220660175909859
NVDA,2025-04-10,0.6253244109636142,0.3955204183308264,0.6631735360083594,1.0801269670747482
NVDA,2025-04-11,0.6150215190286482,0.3822701296009168,0.6323572785261596,1.0365178205714127
NVDA,2025-04-14,0.6154679022290445,0.36885847761630686,0.6131343383976677,0.9984084138148742
NVDA,2025-04-15,0.6099326298630021,0.35600822090545936,0.5921660891173016,0.960890836894313
NVDA,2025-04-16,0.4868993427555962,0.34515138925557287,0.5333085218703615,0.9076558398250828
NVDA,2025-04-17,0.4506008463329502,0.3496674063285745,0.5366553601337791,0.9195107525397727
NVDA,2025-04-21,0.3356071231380836,0.34480686841591923,0.5241498618625023,0.9014582367886196
NVDA,2025-04-22,0.3469032379046041,0.34418655081838406,0.5294126957999686,0.9022274618489775
NVDA,2025-04-23,0.3343195235549437,0.318042279908949,0.4947882137989722,0.8511315167154524
NVDA,2025-04-24,0.31241803164001,0.311649915827289,0.499540443528876,0.8347076410158027
NVDA,2025-04-25,0.2624673941231448,0.31073457731198045,0.4999119650466386,0.83051351796017
NVDA,2025-04-28,0.3159090561418372,0.3096875399805923,0.4880356009981646,0.8224146545338505
NVDA,2025-04-29,0.3742911554909749,0.30631851862450543,0.484651085817242,0.8144796450728834
NVDA,2025-04-30,0.3752453415988403,0.3028066742190376,0.478762988958856,0.8045947505712114
NVDA,2025-05-01,0.3957053518467791,0.3007555648390084,0.4804679336200524,0.7974119009768855
NVDA,2025-05-02,0.4001238655298607,0.2984196390003851,0.47533322425220453,0.7916271704976
NVDA,2025-05-05,0.3901712156415991,0.29700040754736445,0.47380420464097645,0.7880611922830809
NVDA,2025-05-06,0.4004357176439675,0.2955100483171535,0.4717307745827621,0.7843786892175407
NVDA,2025-05-07,0.4300007792799559,0.29467785668223606,0.47423147647591873,0.7826716433442279
NVDA,2025-05-08,0.427684549706089,0.2960442973414672,0.47717022539978654,0.795114650049496
NVDA,2025-05-09,0.4351934860201208,0.29436107877989875,0.47520344526765124,0.791342144748893
NVDA,2025-05-12,0.3892641752846364,0.2966833725574804,0.4886051903136907,0.8004000442879314
NVDA,2025-05-13,0.3009309360466344,0.30539415730880726,0.5048891870331389,0.8240314068456291
NVDA,2025-05-14,0.2723796902995863,0.3111797679246117,0.516629808975697,0.8393608354426181
NVDA,2025-05-15,0.317044921596981,0.3113838720167087,0.5170674796459418,0.8433507131387136
NVDA,2025-05-16,0.3272282508268294,0.3075486205682638,0.5085706682318386,0.8317800334713285
NVDA,2025-05-19,0.3524716087321933,0.30384214378282415,0.5019465166062448,0.8236190267799459
NVDA,2025-05-20,0.3450618287691933,0.30053572906395315,0.48933679992017015,0.8112126669766332
NVDA,2025-05-21,0.3346087890073976,0.2974760979465688,0.47251944212054564,0.7976284787867768
NVDA,2025-05-22,0.3360283821156321,0.29641604538605393,0.47276972119432603,0.7965454156836955
NVDA,2025-05-23,0.3206061552284239,0.2887295644650551,0.45898179828273317,0.7806367098015415
NVDA,2025-05-27,0.2936890177263748,0.28862905502253133,0.4711629988498266,0.7852824193288185
NVDA,2025-05-28,0.2968652036295586,0.2833103946376044,0.4653985556290357,0.7767034552593052
NVDA,2025-05-29,0.2656038512440979,0.28221103612666987,0.4669408922888901,0.7728701908479465
NVDA,2025-05-30,0.2373776237190433,0.2860614147196358,0.4755112811970001,0.785545029081469
NVDA,2025-06-02,0.2410347582860904,0.2835771485038347,0.4708166897549931,0.7810556505676342
NVDA,2025-06-03,0.2088896731766622,0.28249770203649716,0.468752281353638,0.7771474412895644
NVDA,2025-06-04,0.2117946290294707,0.28023603824569066,0.4645698827305606,0.7728980878513548
NVDA,2025-06-05,0.2069017273486001,0.2782044924174108,0.4594147767117398,0.7659393947576016
NVDA,2025-06-06,0.1999391313164341,0.27306257650291854,0.44466389511766313,0.7504142052977344
NVDA,2025-06-09,0.2328653840649091,0.27227930328314387,0.4437288745402198,0.7479207333235895
NVDA,2025-06-10,0.3039615380003373,0.2682758429600755,0.43451869264865955,0.7372168404388474
NVDA,2025-06-11,0.2932869763189278,0.2676686043331076,0.4336761304074413,0.7375215541919179
NVDA,2025-06-12,0.2950889930351236,0.26542149659060343,0.42975611357525606,0.7318457734076006
NVDA,2025-06-13,0.2500713490882748,0.2667673241478437,0.43674662053834573,0.7374253127623788
NVDA,2025-06-16,0.3170646317683698,0.2683549186100088,0.4417067748062761,0.7424374131227992
NVDA,2025-06-17,0.3260128249851801,0.2685539935744386,0.44245541310306474,0.7426969762879533
NVDA,2025-06-18,0.3267935975660132,0.26619418746427675,0.4384473296080364,0.7362519731242421
NVDA,2025-06-20,0.3198725541762623,0.26504852416918195,0.4354798371799951,0.7326748188121056
NVDA,2025-06-23,0.3172820668412693,0.2597680704658655,0.4232897108306742,0.7189250291831716
NVDA,2025-06-24,0.3092549466706857,0.258357896226468,0.4229240782402638,0.715794277330761
NVDA,2025-06-25,0.2495260087353954,0.26317699545643536,0.435550576626837,0.7313134439650605
NVDA,2025-06-26,0.2494648374771918,0.2711341007053191,0.44828340780966397,0.7548052803963469
NVDA,2025-06-27,0.2466925003973384,0.2735932199711075,0.440021455633227,0.7033893811508619
NVDA,2025-06-30,0.3037923259320426,0.2726126604673706,0.44019406005903006,0.7014441976113296
NVDA,2025-07-01,0.2220144961275124,0.2653103089466865,0.4321644430492508,0.6894404804229205
NVDA,2025-07-02,0.2071984588567851,0.26101429031161855,0.4208348140889024,0.6812191048552089
NVDA,2025-07-03,0.2156090973925328,0.2611008304019579,0.421455513369542,0.6820445368306323
NVDA,2025-07-07,0.2138542268778457,0.25851149939838963,0.4162759530266575,0.674438629413705
NVDA,2025-07-08,0.271027778992427,0.2240044212487407,0.36123388282003294,0.6059289444691334
NVDA,2025-07-09,0.2779275423633843,0.21494753947742518,0.3389476550837425,0.5811113240901107
NVDA,2025-07-10,0.2847970814130815,0.21347105749984646,0.33677831428665445,0.57628023533294
NVDA,2025-07-11,0.2870348519829554,0.2110454640243964,0.3325712631162277,0.569137175083001
NVDA,2025-07-14,0.2880460308287159,0.20883177393159913,0.3279289469377136,0.5620068205346589
NVDA,2025-07-15,0.2318893543320888,0.2002700622979896,0.32123156831822236,0.5483379558287698
NVDA,2025-07-16,0.2497973315482362,0.20953824773710789,0.3385363351809768,0.5773759641954666
NVDA,2025-07-17,0.2552249235663363,0.20016506523874755,0.3243485220763004,0.5551523120982195
NVDA,2025-07-18,0.2870819799884505,0.19781525674449835,0.32065549172053115,0.5483672401570695
NVDA,2025-07-21,0.3318721846708252,0.19402275191883833,0.3141634787420626,0.5384285565833755
NVDA,2025-07-22,0.2985982658943476,0.19260394578726964,0.30322190982213626,0.5304315197731878
NVDA,2025-07-23,0.2856070803259646,0.19482726914864185,0.31109881193351224,0.5405357044218662
NVDA,2025-07-24,0.2780135464572033,0.19453002812270526,0.3120382581706593,0.5422330934342546
NVDA,2025-07-25,0.2780765448995348,0.19363687661439116,0.310065239938702,0.5392925608936346
NVDA,2025-07-28,0.2702759025285148,0.19041006993817644,0.30656597605346814,0.5300467286245287
NVDA,2025-07-29,0.26463929479775,0.19043981950356986,0.3020255896175134,0.5268816377510513
NVDA,2025-07-30,0.2533022373141091,0.18736053291713123,0.2971836174610691,0.5188457119273562
NVDA,2025-07-31,0.2481352203465995,0.1897949592451486,0.3009412236040065,0.526286063403613
NVDA,2025-08-01,0.2133332195937365,0.19061484737928414,0.3038833599563038,0.5285772030960872
NVDA,2025-08-04,0.1263903159201909,0.19345131689137995,0.31244365435723653,0.5377876688891815
NVDA,2025-08-05,0.2204541678197308,0.2010840403160281,0.32495658489395424,0.5593019520008966
NVDA,2025-08-06,0.2159871781685606,0.196263817796762,0.31637136144712846,0.5446747098947147
NVDA,2025-08-07,0.2090657796190422,0.1891936826600441,0.3053073310245929,0.5276727084640906
NVDA,2025-08-08,0.2230541311411866,0.18068660547642118,0.28675878051526177,0.5046211001304186
NVDA,2025-08-11,0.2319121516303801,0.1747484566849269,0.2702180748937469,0.48612523668596563
NVDA,2025-08-12,0.2373367559320802,0.16832302173276809,0.257657837339945,0.46695558556768546
NVDA,2025-08-13,0.2333251298903581,0.16506040270465216,0.2549430794633863,0.45807095071061976
NVDA,2025-08-14,0.2360968487671911,0.1618979036385032,0.24971266431332584,0.44855856323346643
NVDA,2025-08-15,0.2871261166160852,0.1573197267226174,0.2425192031282726,0.43458137801943575
NVDA,2025-08-18,0.2887786948411754,0.1552123729634564,0.24454346249364015,0.4302494767433068
NVDA,2025-08-19,0.2385026364956995,0.15627052794811852,0.24827214994156754,0.43328092082814196
NVDA,2025-08-20,0.2427320600747348,0.1812137918682435,0.2864403816802939,0.5065017318911683
NVDA,2025-08-21,0.273886534231126,0.16982643699541589,0.26841519187183877,0.4746726370013089
NVDA,2025-08-22,0.2565923998700758,0.16609526855189521,0.26582534480435904,0.46485832756100187
NVDA,2025-08-25,0.2647223545367898,0.16415133657978837,0.2628413139738094,0.46086134220840025
NVDA,2025-08-26,0.3353368551531156,0.1572130233770062,0.24128977639526505,0.4376095990050345
NVDA,2025-08-27,0.3353486483407146,0.1549714183623606,0.23761848117112333,0.43146838851734703
NVDA,2025-08-28,0.3351205026115209,0.15078288940392276,0.23193462029075013,0.4207780113573931
NVDA,2025-08-29,0.2821685005711116,0.15282747466001662,0.23869158920348904,0.42678870995828255
NVDA,2025-09-02,0.275196392309308,0.1681047464139399,0.2598381690325113,0.4709332762951771
NVDA,2025-09-03,0.3115919431926769,0.16915362366081632,0.2605597977597176,0.47266234466443113
NVDA,2025-09-04,0.3565698178648896,0.16207930583485103,0.25128568148206565,0.4528045920448598
NVDA,2025-09-05,0.3152482077996243,0.1624700310139845,0.2504941870783333,0.45228771913947097
NVDA,2025-09-08,0.3562592119691977,0.16562453668224275,0.2551517101145979,0.46106785385463156
NVDA,2025-09-09,0.3997606052942162,0.16272167224453904,0.25138798347382724,0.45255425169489005
NVDA,2025-09-10,0.3566482731830269,0.1642779329390892,0.25908122400546924,0.45780325238204767
NVDA,2025-09-11,0.357248427885954,0.17486841316870905,0.2752983030987533,0.4890968103971398
NVDA,2025-09-12,0.3570489952359604,0.16890614297244289,0.25848312621117797,0.46798922658547537
NVDA,2025-09-15,0.3709587457040662,0.1661807884456616,0.25742695659072556,0.4605802791093442
NVDA,2025-09-16,0.371976122628341,0.16466579127935532,0.25793305751426504,0.4573892807137806
NVDA,2025-09-17,0.3247151613707957,0.16501402188490288,0.24921847175304285,0.45386581025456296
NVDA,2025-09-18,0.2938124177432036,0.17135401226186492,0.2681388242346553,0.4751333823744808
NVDA,2025-09-19,0.3012679867728895,0.17569848025069107,0.2762460879689068,0.49083083367031055
NVDA,2025-09-22,0.249985936630673,0.1752188106872572,0.2814155843720861,0.48884246642914775
NVDA,2025-09-23,0.1907014647193858,0.18625776592277415,0.2975119484113119,0.52024084363226
NVDA,2025-09-24,0.1977622778342607,0.18836442149289245,0.2989479892411165,0.5246375908234963
NVDA,2025-09-25,0.2051107568389921,0.18151238809068482,0.28464475721146026,0.5048613717726781
NVDA,2025-09-26,0.3579355567213343,0.17645720872740417,0.27695435520876854,0.49127835336662995
NVDA,2025-09-29,0.3699354507411545,0.1727104754555075,0.2658772859732394,0.4776603530893827
NVDA,2025-09-30,0.4183125086969331,0.17315202120483342,0.2639707756919188,0.4761697307951711
NVDA,2025-10-01,0.4167509657024842,0.17460688538971203,0.2655811361528916,0.47917718670189324
NVDA,2025-10-02,0.4187628627515243,0.17063319538384314,0.2606253419578218,0.4677159426076315
NVDA,2025-10-03,0.4222187658777994,0.16848738220190607,0.25908319903697075,0.463207575059952
NVDA,2025-10-06,0.4194666496855744,0.16658452730674145,0.2591284460380897,0.4578474748998298
NVDA,2025-10-07,0.4207605998429866,0.16371084856800072,0.25116827033302735,0.4466896668088369
NVDA,2025-10-08,0.3991295723936998,0.1598687524853356,0.2507386903293647,0.44056092718073137
NVDA,2025-10-09,0.3884172607483591,0.1628360602367825,0.25747233373937656,0.4493183932670274
NVDA,2025-10-10,0.319874372446448,0.17035921663606862,0.2727960239666745,0.47063626289963134
NVDA,2025-10-13,0.3196680504826346,0.19163750638825044,0.30892145204483884,0.532119356254646
NVDA,2025-10-14,0.2798585865246426,0.19772448772937767,0.3203953870230424,0.5481778438669891
NVDA,2025-10-15,0.2847451187047645,0.20739760438689875,0.33250802756127257,0.5767398819638964
NVDA,2025-10-16,0.33330659136495,0.20020313984704285,0.3207460956142551,0.5564597622536893
NVDA,2025-10-17,0.3394497771333086,0.1940132226138911,0.3048955777588361,0.5356469649923413
NVDA,2025-10-20,0.3351737660385965,0.18919411303308342,0.29316718948847575,0.5203833784325886
NVDA,2025-10-21,0.4192501082909011,0.18261739658831377,0.2692843690665526,0.4956821260723928
NVDA,2025-10-22,0.4359027458532565,0.17943530621508846,0.2655517518614856,0.48678706679137673
NVDA,2025-10-23,0.4905350058578327,0.17553916834777067,0.2603723517902226,0.47598653761136356
NVDA,2025-10-24,0.4788896479568655,0.17531700845214554,0.26836198458499005,0.47644622068609566
NVDA,2025-10-27,0.5410677875255192,0.17716963003238018,0.27549081192787767,0.482911579017568
NVDA,2025-10-28,0.5015613587269899,0.1834091148435698,0.2931224547261805,0.5000529666798664
NVDA,2025-10-29,0.4688389980110575,0.1987590974929777,0.3123522907799878,0.5404446395894078
NVDA,2025-10-30,0.4886997595967674,0.20283671495500205,0.32575464328604314,0.5562651927308798
NVDA,2025-10-31,0.505257804269193,0.20088826036604118,0.32410845623585643,0.5515451608403679
NVDA,2025-11-03,0.4834142154011934,0.19633788966985133,0.31796950863490453,0.5375236281586377
NVDA,2025-11-04,0.4660521808357164,0.19890393088993713,0.31797085833684935,0.5419184490507519
NVDA,2025-11-05,0.4980098935091916,0.20730381443895207,0.32374354780112885,0.5631087202169774
NVDA,2025-11-06,0.4891047272825817,0.20653586483891057,0.3208805197094378,0.5593964631599248
NVDA,2025-11-07,0.4892007648456042,0.21245810549981525,0.33069098188458623,0.5780011483979327
NVDA,2025-11-10,0.385025054376324,0.21286868531107722,0.3440602565947664,0.5794483069319323
NVDA,2025-11-11,0.3795693199476465,0.23377537831020767,0.37433589957124813,0.6384866038153821
NVDA,2025-11-12,0.3917284740733767,0.23025648761924472,0.3697501385630322,0.6300544310903963
NVDA,2025-11-13,0.3633192439339558,0.22445190685428862,0.3581354659834237,0.610288502274504
NVDA,2025-11-14,0.3612444844210872,0.2283212382227775,0.36501719589197507,0.6214593384740149
NVDA,2025-11-17,0.359007444777765,0.22168050940899553,0.34113787120957856,0.5950399910101435
NVDA,2025-11-18,0.3333013389614897,0.21928535457695597,0.33663489988197687,0.5865506727890794
NVDA,2025-11-19,0.3174857542064016,0.2217610971530059,0.34615040854635054,0.5953181920619532
NVDA,2025-11-20,0.2709011331906172,0.22300669886163615,0.34603810427306564,0.5966130044065654
NVDA,2025-11-21,0.2745267202085819,0.22748547978809353,0.34918502406174873,0.6082526491164411
NVDA,2025-11-24,0.2595477465489773,0.21871743235906949,0.3442828207757123,0.5856323330245682
NVDA,2025-11-25,0.2160334887668109,0.21690550021162602,0.3400992637223374,0.5808120136685023
NVDA,2025-11-26,0.2265466120315681,0.21966246949824786,0.34097948927299454,0.5873406142438827
NVDA,2025-11-28,0.2693827459202629,0.21498475609241285,0.33141225428741655,0.5719672230890729
NVDA,2025-12-01,0.2563749912301208,0.21293193014972928,0.3304097179144782,0.567269046688294
NVDA,2025-12-02,0.255872457090926,0.21067997184162623,0.3256258679507466,0.5601226360170698
NVDA,2025-12-03,0.315006596363662,0.2063031059093085,0.31568543266325294,0.5462135154126478
NVDA,2025-12-04,0.3096881879324732,0.202877819061204,0.3134878742031341,0.5381922490273018
NVDA,2025-12-05,0.3796222156347248,0.20515663446099652,0.3155168764291055,0.5438490323338309
NVDA,2025-12-08,0.3768063095833042,0.2021986840553433,0.3118105175687807,0.5347994373429911
NVDA,2025-12-09,0.4063252380293348,0.20322354225318756,0.3143069396859749,0.53997912967899
NVDA,2025-12-10,0.4046851915725547,0.1994155797394186,0.30923857021802525,0.5294078158958397
NVDA,2025-12-11,0.3926870959504471,0.19650894076599817,0.3024588359833647,0.5211415968338953
NVDA,2025-12-12,0.3466538875306857,0.19900878828155982,0.3087165530411164,0.5315489934878135
NVDA,2025-12-15,0.3509417776561221,0.21211158225031923,0.3268368165340751,0.5684699855273286
NVDA,2025-12-16,0.3555315840928474,0.2044211582781486,0.3171846625748029,0.5493678159951588
PLTR,2025-01-02,0.7013632523874127,0.31786416770351,0.49164048271612565,0.7898545391433122
PLTR,2025-01-03,0.617875540995826,0.32115627791440815,0.5209561917297625,0.8095514526486046
PLTR,2025-01-06,0.6347092432483811,0.32512544637471535,0.5240607695988788,0.8191915971959035
PLTR,2025-01-07,0.4446735016864426,0.3334585383388141,0.5449797094396241,0.841392012434366
PLTR,2025-01-08,0.4006526542340809,0.3362103889176828,0.5477992950847097,0.8491789053260943
PLTR,2025-01-10,0.4865363809745163,0.3349406458660117,0.5459363124607604,0.8450245847902258
PLTR,2025-01-13,0.4711328747539621,0.3313896554912693,0.5141747243646926,0.8218245117561224
PLTR,2025-01-14,0.4897569850989887,0.3328225844274698,0.5237470854224062,0.830059294407275
PLTR,2025-01-15,0.4833200260752842,0.3321440976872982,0.5158193313072513,0.8247540714210791
PLTR,2025-01-16,0.4833711654738603,0.33221363807393794,0.5145295656375739,0.8242532920938613
PLTR,2025-01-17,0.472381752675379,0.3245781189356557,0.5038414860886594,0.8017255859941328
PLTR,2025-01-21,1.108998138358377,0.321694615784752,0.4872165017727263,0.7855427948319654
PLTR,2025-01-22,1.14262954025956,0.32299228329167845,0.49457265802220357,0.7896307509624427
PLTR,2025-01-23,1.1892030198625314,0.3232016644361217,0.5042446037210189,0.7921255468496876
PLTR,2025-01-24,1.1924827063126695,0.3235110449226254,0.5106446846235351,0.7953697294576253
PLTR,2025-01-27,1.1071724750920855,0.32794733999009623,0.5268376883213597,0.8132755345771372
PLTR,2025-01-28,1.1679906879759436,0.3310112767644824,0.5417724604002537,0.8219392802457242
PLTR,2025-01-29,1.1468224377634972,0.32996155065168215,0.535745506104216,0.8187581482505611
PLTR,2025-01-30,1.1557255075891344,0.32674101156967933,0.5306760040274997,0.8117580221886095
PLTR,2025-01-31,1.1586113676108472,0.32644962478455736,0.5308975168496595,0.8110664600630016
PLTR,2025-02-03,1.1525925690212235,0.3235087089938573,0.514195231342617,0.7964295046281825
PLTR,2025-02-04,0.8808826648160447,0.3347954516635331,0.5781692946098939,0.8475153090357138
PLTR,2025-02-05,0.9211701616582726,0.339862811384556,0.5846451608982286,0.8670739130995566
PLTR,2025-02-06,0.8057091548144746,0.34476935124539204,0.5962693734880302,0.8771738712307794
PLTR,2025-02-07,0.9522427637524914,0.35061055222615106,0.6063269986307663,0.8962748631522759
PLTR,2025-02-10,0.8659873508736876,0.3465767109608012,0.6041505558166296,0.8825273211995638
PLTR,2025-02-11,0.8931673649447214,0.3416583554894748,0.553523187657914,0.8484738304714347
PLTR,2025-02-12,0.8243747431319536,0.341363396458749,0.5520475340694198,0.8448144530440416
PLTR,2025-02-13,0.8211453040891434,0.33844077105018633,0.5329178142868325,0.8303172396450579
PLTR,2025-02-14,0.7909913952075045,0.33103915930463607,0.5197196124427842,0.8148481115083356
PLTR,2025-02-18,0.7099803948019479,0.32622975368757984,0.5130909437353253,0.8042094874126869
PLTR,2025-02-19,0.7754395895650525,0.3413663599949912,0.5672020454449285,0.8473473510170498
PLTR,2025-02-20,0.8939898355287837,0.34806490714546773,0.5702971700071068,0.8626428016784907
PLTR,2025-02-21,0.972868573592771,0.3485139061576429,0.57219864170916,0.8609083364078061
PLTR,2025-02-24,0.9586759591262244,0.3573399965368652,0.5773074463704571,0.8769665228155027
PLTR,2025-02-25,0.9732296529507776,0.37823054192920347,0.5869036835267538,0.924981835433688
PLTR,2025-02-26,1.049283870897712,0.38007332653769776,0.5979539438332572,0.9351920064042771
PLTR,2025-02-27,1.0459687929064596,0.3818583537062273,0.6010841238277084,0.9376421584755007
PLTR,2025-02-28,1.132655609473113,0.3825324822770866,0.6063143414288183,0.941776323521247
PLTR,2025-03-03,1.1284182128222024,0.3795528155243865,0.5809536516824454,0.922514699207585
PLTR,2025-03-04,1.14938125571523,0.35309205933645577,0.5450933919139306,0.8487764380444772
PLTR,2025-03-05,1.1015646603313134,0.35762508753022326,0.5663829758583246,0.8753723361910176
PLTR,2025-03-06,0.9196331023554254,0.37161516374550946,0.5980917117968444,0.9150093960100095
PLTR,2025-03-07,0.9029514334709072,0.39544924442794566,0.6392294899211595,0.9891346503384221
PLTR,2025-03-10,0.6818220308854337,0.40280482093551895,0.6602855486990304,1.0099125622840843
PLTR,2025-03-11,0.6945414038199972,0.41353965816005656,0.6779138274976481,1.042423520791531
PLTR,2025-03-12,0.709235520568387,0.4155066602005496,0.6818490494148519,1.0444298729286574
PLTR,2025-03-13,0.6596669090500887,0.4151313775942289,0.6661209383121035,1.0358539383926246
PLTR,2025-03-14,0.6035712263091756,0.41934006861982087,0.6779078737248021,1.0458235967160978
PLTR,2025-03-17,0.6038177186833253,0.41623965157076226,0.6484521238763645,1.0242595164136081
PLTR,2025-03-18,0.5676475921052291,0.41754249169606755,0.6551887325193654,1.0316837506612644
PLTR,2025-03-19,0.5760807977191157,0.41561539880723314,0.6488560917608484,1.0249805734222848
PLTR,2025-03-20,0.6144995771190812,0.41464181743541617,0.646752738745279,1.0185847720934795
PLTR,2025-03-21,0.7967647968384912,0.4092973781553275,0.6295660196365949,1.0003985074414228
PLTR,2025-03-24,0.7655928684434025,0.41236451435484717,0.6539656859774918,1.0124252263165125
PLTR,2025-03-25,0.7629833071251665,0.41076664681315844,0.6378751946116982,1.0020025905197285
PLTR,2025-03-26,1.229149704821101,0.4135239272815041,0.653886626664786,1.0154968802999695
PLTR,2025-03-27,1.2385736284495612,0.4129251054544791,0.6566205377530003,1.0163171750247482
PLTR,2025-03-28,1.211240558755951,0.41331958266826396,0.6578603229345233,1.0160501892629306
PLTR,2025-03-31,1.2223021072988698,0.4088570938191529,0.6266367630054412,0.9916281344464245
PLTR,2025-04-01,1.2479472709618116,0.4082234102947281,0.6290669582820531,0.9907572723619885
PLTR,2025-04-02,1.2966449258890909,0.4119457942699128,0.6439035619344093,1.0080169136166808
PLTR,2025-04-03,1.2652261575185852,0.41113040203080975,0.642064016524586,1.0104074609549707
PLTR,2025-04-04,1.0650045063914346,0.4192318473916012,0.6646869119365438,1.0373728523460013
PLTR,2025-04-07,1.0553967340386667,0.4235975343774599,0.6844322608596645,1.0557538542855316
PLTR,2025-04-08,1.0736439212029787,0.42276638251812604,0.682464835862155,1.053369796467134
PLTR,2025-04-09,0.7466104207422177,0.444445858238799,0.7433410503899942,1.1137159944464008
PLTR,2025-04-10,0.6940523175701151,0.450303057470002,0.749270450730111,1.129621110258581
PLTR,2025-04-11,0.6823726718170467,0.44497636605696583,0.717895919229892,1.10393558520079
PLTR,2025-04-14,0.6763881236306825,0.4448700745042535,0.7192374820003613,1.102363032331646
PLTR,2025-04-15,0.6424591971823251,0.44511908364851854,0.7188273958531659,1.1003770790363578
PLTR,2025-04-16,0.5263298309416016,0.4424934772734037,0.6839117922665554,1.0770339552573407
PLTR,2025-04-17,0.5662717454191744,0.4408803269718127,0.6788691864542156,1.0714619196470974
PLTR,2025-04-21,0.4952562127986726,0.44055195938004954,0.6893830472507385,1.072219969038124
PLTR,2025-04-22,0.9388929227185856,0.44018843045683437,0.6895306152058822,1.0705130756702834
PLTR,2025-04-23,0.8870220404843472,0.44059239597373745,0.696058059526213,1.0711075067111078
PLTR,2025-04-24,0.9039486215348508,0.4399017326548935,0.7045489237710817,1.064431739435665
PLTR,2025-04-25,0.8889553502087065,0.4405015112296116,0.709682792649133,1.0650122857115722
PLTR,2025-04-28,0.8869678582006594,0.4372539200132434,0.6890151683974234,1.0479867475372504
PLTR,2025-04-29,0.9641589365837862,0.43659216125618994,0.6933779223997364,1.0485506737363177
PLTR,2025-04-30,0.9631702002969712,0.43460794675004566,0.6896341902114262,1.0411410668657188
PLTR,2025-05-01,0.9606881564663164,0.40830625776833523,0.6505918056367652,0.9898866256305084
PLTR,2025-05-02,0.9064328437851163,0.41028693042043496,0.6634649565833636,0.9974284902614142
PLTR,2025-05-05,0.9176938712203968,0.4098260945635304,0.6663914690733248,1.0065683130349585
PLTR,2025-05-06,0.5707224428643635,0.4046999457870779,0.6682589666960947,0.9945583586039023
PLTR,2025-05-07,0.6338886509036192,0.42218251271127283,0.6970994774365616,1.0466166038961366
PLTR,2025-05-08,0.5168045117015441,0.4114758236733457,0.6937023380019882,1.0223644607999207
PLTR,2025-05-09,0.5070168910613975,0.436693952714893,0.7242849782710437,1.093374104367421
PLTR,2025-05-12,0.5066576189562899,0.44700492643831535,0.740829632283682,1.1235477267635707
PLTR,2025-05-13,0.2947843596802106,0.4450086525629854,0.7093934759741602,1.0987341115152012
PLTR,2025-05-14,0.2755643387122993,0.4449189204781305,0.7095020524755342,1.0998168796873866
PLTR,2025-05-15,0.4825237333716703,0.43812165200941555,0.6938134135922166,1.086316072373647
PLTR,2025-05-16,0.4804294278719518,0.435573943511553,0.6889061452848858,1.0790408523196164
PLTR,2025-05-19,0.4568232105137682,0.43558676455482725,0.6912008774765473,1.0827279206851168
PLTR,2025-05-20,0.4778122122933302,0.4233384911618254,0.6646535490796585,1.0448404037751757
PLTR,2025-05-21,0.6068631686659314,0.42335655463525945,0.6608613552006568,1.0454399202914235
PLTR,2025-05-22,0.684845748937556,0.42338471653878207,0.669979082552792,1.048242756647896
PLTR,2025-05-23,0.7003377975613825,0.42037319679338647,0.6650861151073014,1.0417289135022714
PLTR,2025-05-27,0.6995453568247041,0.4194282242075022,0.6619783364167312,1.0383241282982487
PLTR,2025-05-28,0.7054344250335748,0.4180853281049964,0.6690345412127159,1.0348592166692014
PLTR,2025-05-29,0.7031402718653241,0.4160260268435698,0.6545816761935325,1.0232115385888516
PLTR,2025-05-30,0.6078885817534068,0.419681544005555,0.6775060128966686,1.0427340095542144
PLTR,2025-06-02,0.619930505019257,0.4100812600816448,0.6619939113561549,1.0254582825367542
PLTR,2025-06-03,0.637459864555219,0.4073870353510775,0.6582743325344325,1.0187031486453004
PLTR,2025-06-04,0.6191220457874103,0.4003980618511679,0.6480012198080323,1.0141980158528776
PLTR,2025-06-05,0.4175856226292179,0.40727760071769203,0.6649937345448775,1.0342442429871193
PLTR,2025-06-06,0.3177262040658228,0.40644751723538275,0.6599552470252521,1.0310882429397399
PLTR,2025-06-09,0.2997263512142042,0.4061990694498053,0.6630039616712102,1.0332712771851034
PLTR,2025-06-10,0.3041921176866545,0.4034024501727336,0.6581471605632885,1.0285713227803757
PLTR,2025-06-11,0.2853451747882246,0.40396365684541835,0.6591097078450558,1.031299165979836
PLTR,2025-06-12,0.5963676955575956,0.3977048120535155,0.623770539796447,1.0022916691383934
PLTR,2025-06-13,0.6325856050851323,0.3943963822332364,0.6134340543966652,0.9879754734790636
PLTR,2025-06-16,0.6400952085762545,0.39285296494055766,0.6105799909285428,0.9823063438571237
PLTR,2025-06-17,0.6403828195102405,0.3928258162410745,0.6143180793430689,0.9854312463467493
PLTR,2025-06-18,0.6438317919506491,0.38904355377446187,0.6073179239533029,0.9754620182777447
PLTR,2025-06-20,0.6650787077653225,0.3881877904305947,0.6150005674059464,0.973977304346318
PLTR,2025-06-23,0.6582597503002356,0.3851920937525336,0.6155663358904552,0.9670622322783936
PLTR,2025-06-24,0.659075915597961,0.3831839207863638,0.6127972642238775,0.960895052936037
PLTR,2025-06-25,0.6593605447855607,0.3791589758737207,0.6014366865233987,0.9492167951761813
PLTR,2025-06-26,0.6571853330071072,0.3769653814770102,0.5986975654089893,0.9431167828402264
PLTR,2025-06-27,0.4228606522441337,0.38899011115243887,0.6290112489460016,0.9812611671939889
PLTR,2025-06-30,0.3976714001164314,0.39325299327073815,0.6395950831786429,0.996206829069228
PLTR,2025-07-01,0.2787317349170295,0.39248893948555563,0.634876395517092,0.9931893148827494
PLTR,2025-07-02,0.2794052329343181,0.3796316444108834,0.6154444447792705,0.9684868623273646
PLTR,2025-07-03,0.293858513727906,0.37747704773118096,0.6132747454727878,0.9638951104563943
PLTR,2025-07-07,0.2906882599361681,0.37317460396470337,0.5863155287140164,0.94293363225065
PLTR,2025-07-08,0.3203907829207915,0.3500149149395124,0.545114288035872,0.8965661992553698
PLTR,2025-07-09,0.344777930247168,0.3447604164869297,0.5225836617649173,0.875397885492424
PLTR,2025-07-10,0.3402044077939772,0.34449879713718257,0.5251246783276892,0.8762253201952147
PLTR,2025-07-11,0.3435035081061849,0.34263555559478265,0.5235702202674714,0.8729645226159363
PLTR,2025-07-14,0.2807141288226853,0.3413638128551898,0.5386245568955548,0.8717237588487543
PLTR,2025-07-15,0.2888372923297956,0.3376029881600745,0.5341400421741265,0.8651155897824869
PLTR,2025-07-16,0.288332259135988,0.33656707961347765,0.5376477985631446,0.8619237058625592
PLTR,2025-07-17,0.2766455087094852,0.33411701874610633,0.533332083470552,0.8556988137617966
PLTR,2025-07-18,0.3121958397336933,0.33292437881693016,0.5303158546380995,0.8526654282541971
PLTR,2025-07-21,0.3619775888036251,0.3275740347206241,0.5139067886847969,0.8369320759279364
PLTR,2025-07-22,0.4768668996814422,0.32428928215992703,0.5088786480791616,0.8315002968240582
PLTR,2025-07-23,0.4755370285012845,0.3238425019166802,0.5144804419592913,0.8332532598191372
PLTR,2025-07-24,0.4696618702464156,0.3228882630650383,0.5114704215178086,0.8298195970861064
PLTR,2025-07-25,0.4700254621990591,0.3224028427832679,0.5138380525673484,0.8289309988420812
PLTR,2025-07-28,0.5000130756257463,0.32126158135010985,0.513372370455266,0.8304538163756449
PLTR,2025-07-29,0.4810181764804401,0.32141648926227434,0.5105503091182457,0.8307810890968063
PLTR,2025-07-30,0.5073236953347129,0.316029065643329,0.4974193835118373,0.8178404289537343
PLTR,2025-07-31,0.5291575995191223,0.31530926043765556,0.49670171435837224,0.8158003340796971
PLTR,2025-08-01,0.519960484882598,0.2888373366450392,0.4512622602111372,0.7552393221078165
PLTR,2025-08-04,0.518589514886556,0.2892641445029815,0.4615296846330631,0.759771266584652
PLTR,2025-08-05,0.6102511147550932,0.29067367700245794,0.4751337510973917,0.7673805673989197
PLTR,2025-08-06,0.5566613038850206,0.2937759385744779,0.4819531652702586,0.7758531641491754
PLTR,2025-08-07,0.5409404835083728,0.2941329884440008,0.4812168835334822,0.7758957787550655
PLTR,2025-08-08,0.5224134362905133,0.28530348908114317,0.4551667262232831,0.7489145699177265
PLTR,2025-08-11,0.5218126474149251,0.29855926103950653,0.483758940221745,0.7922056616158849
PLTR,2025-08-12,0.5219282946469006,0.2958166728295811,0.46950608942335265,0.7785512241458051
PLTR,2025-08-13,0.524802322994637,0.29784557267125134,0.4699285109644303,0.7835129202866188
PLTR,2025-08-14,0.5393683582126544,0.2948889778136423,0.46416337511328537,0.7755712711251296
PLTR,2025-08-15,0.5378498635745776,0.29195498026358,0.4544024362913213,0.7639333794773648
PLTR,2025-08-18,0.5415640256410371,0.28852347973668685,0.44693207618171577,0.7551984760807835
PLTR,2025-08-19,0.2390503139391064,0.3011654472827626,0.47373547765480645,0.784204595373811
PLTR,2025-08-20,0.2375065094803258,0.30996686521423433,0.4891732549072873,0.8101526098997173
PLTR,2025-08-21,0.2569573459354122,0.30795554147122317,0.4893633817380065,0.8056632521790886
PLTR,2025-08-22,0.2634669510106673,0.3068097747918983,0.4938692662778948,0.8046983837400764
PLTR,2025-08-25,0.3282815324854833,0.30533924211433394,0.4912968471701239,0.800644839003649
PLTR,2025-08-26,0.3343780797772207,0.2945975105287354,0.44858815093470666,0.7609199639829288
PLTR,2025-08-27,0.3093905017168455,0.295344963842011,0.45235641326801895,0.7640749045434753
PLTR,2025-08-28,0.3622523788619911,0.2946004560861839,0.45121084313704624,0.7620562731339133
PLTR,2025-08-29,0.3541027866366022,0.29293596478975137,0.4470404466615789,0.7575794576163273
PLTR,2025-09-02,0.3603755441734567,0.2838213229416821,0.4318344075231691,0.73943305436378
PLTR,2025-09-03,0.3560641092720426,0.2782511704743329,0.4308420550877345,0.727319152559775
PLTR,2025-09-04,0.4130384640195608,0.275670277526191,0.42400345908455095,0.7200871186912998
PLTR,2025-09-05,0.3788112459579609,0.27523934524234356,0.4226032771032186,0.7190392283859792
PLTR,2025-09-08,0.4158023927768164,0.2748132116337284,0.4266666112001351,0.7204523753224291
PLTR,2025-09-09,0.3922950416374888,0.27647640505656695,0.43583489293456534,0.7266247065247052
PLTR,2025-09-10,0.4059474519217452,0.27655853236147054,0.43517380186806826,0.7254490594093626
PLTR,2025-09-11,0.3922126132089791,0.27598637078942895,0.43768557509200695,0.7258137349063257
PLTR,2025-09-12,0.3514552487850943,0.2753507773248012,0.4334695068074706,0.7205940501622234
PLTR,2025-09-15,0.3507974284696962,0.2766405661387733,0.43773030504912097,0.7256384259358238
PLTR,2025-09-16,0.3536845962401746,0.275372414023741,0.43376773981017125,0.7219496776753905
PLTR,2025-09-17,0.3395087447707796,0.2746623203276984,0.4313817688061039,0.7246837454315789
PLTR,2025-09-18,0.2547878472468789,0.2771477346968837,0.4407107015586904,0.7313375892105471
PLTR,2025-09-19,0.457472311569513,0.2791984124907391,0.4445566197617588,0.735106072521312
PLTR,2025-09-22,0.4965554019758608,0.28028156464664994,0.446016695920939,0.7387361905861267
PLTR,2025-09-23,0.4936167145674139,0.26721347191050154,0.42560415120096745,0.7127181580767262
PLTR,2025-09-24,0.4860984067875619,0.2658702708515035,0.422857163620144,0.7103213775983364
PLTR,2025-09-25,0.4869131952274991,0.2612426287276921,0.4081290991169823,0.696448962556318
PLTR,2025-09-26,0.5696539671143839,0.2596119839921097,0.4006723862625285,0.6883724464291398
PLTR,2025-09-29,0.5709880817399727,0.2585907476122871,0.39859618469300234,0.6853597737515699
PLTR,2025-09-30,0.5660438152425954,0.25669895781275476,0.39696433151087596,0.680964572201598
PLTR,2025-10-01,0.5597544791736467,0.25534539700217357,0.3937459593261195,0.676036210204849
PLTR,2025-10-02,0.5544535158615698,0.2529121882942218,0.39325458966886934,0.6689997608207797
PLTR,2025-10-03,0.3779157782382956,0.2631170585817074,0.42412969381584015,0.7004703026769574
PLTR,2025-10-06,0.3426936704693403,0.27069933993190354,0.43969025575213844,0.7227707544495444
PLTR,2025-10-07,0.3343727451417551,0.2673686819497941,0.43469424783942306,0.7156585795028904
PLTR,2025-10-08,0.3693477636511357,0.26664929983994307,0.43378742931248354,0.7136496131843088
PLTR,2025-10-09,0.3987554350725323,0.26249889065934107,0.4277374604271286,0.7018718326109162
PLTR,2025-10-10,0.2858585795643673,0.2606385915538194,0.4100672123307845,0.6875728141405254
PLTR,2025-10-13,0.3013719317849282,0.2681975447896754,0.4175306758118799,0.707302112314867
PLTR,2025-10-14,0.2988523165208323,0.266489149204166,0.4156995240152669,0.7023807683767496
PLTR,2025-10-15,0.3625371436020325,0.260066448340908,0.40561865306678385,0.6842056469835311
PLTR,2025-10-16,0.3868501974448119,0.2505524245095402,0.3897341653429601,0.6584485809203874
PLTR,2025-10-17,0.3969832722232271,0.23805069870345952,0.3610349604223024,0.6142192228478937
PLTR,2025-10-20,0.4099396923917625,0.2303819464552373,0.3540404734433564,0.5934206835357554
PLTR,2025-10-21,0.6334154066784704,0.22897280790732694,0.35119098876330074,0.5891792838619074
PLTR,2025-10-22,0.6078479819132251,0.23014050330249286,0.3581020898774689,0.594997715339745
PLTR,2025-10-23,0.7059975895815398,0.2321473925291616,0.36564805847613346,0.6020667526142809
PLTR,2025-10-24,0.7001463024946617,0.24050069282079678,0.3859088732314636,0.6264937391085151
PLTR,2025-10-27,0.8219808208961829,0.23735767180863254,0.3823093465096941,0.6180404424271717
PLTR,2025-10-28,0.8259480479197336,0.2330302665077309,0.37551010908680654,0.6072974421969669
PLTR,2025-10-29,0.7997851381356194,0.22488809387862557,0.353477755839603,0.5825159946021788
PLTR,2025-10-30,0.8536591939770344,0.22492375325499547,0.35997934303419205,0.58755895149949
PLTR,2025-10-31,0.832271968080761,0.2235277738492054,0.3595500687300919,0.5859023976047903
PLTR,2025-11-03,0.7899451377190337,0.2222126172108263,0.35942041103676065,0.5820326455410729
PLTR,2025-11-04,0.7079548222767833,0.23266546536960003,0.38539662108993783,0.6127704199367597
PLTR,2025-11-05,0.7079099024834743,0.23447575328059334,0.38226702751352776,0.615310540884248
PLTR,2025-11-06,0.6852461058069469,0.2389162954179559,0.38827836906783525,0.6241983182708324
PLTR,2025-11-07,0.6687459813245998,0.2417883479278829,0.3909265488458902,0.6322914399340654
PLTR,2025-11-10,0.5245337251211609,0.27792090761894306,0.4608711001450571,0.7351562559099101
PLTR,2025-11-11,0.540194038888867,0.2878425231207826,0.464410292203394,0.7588720877548526
PLTR,2025-11-12,0.5444244908641642,0.27598947335767554,0.4464621169028647,0.7343541130170116
PLTR,2025-11-13,0.4533635572556119,0.2809847996653806,0.44802699265338447,0.7418406072667292
PLTR,2025-11-14,0.4476780114908514,0.2852729757863759,0.4555334455453299,0.753987554675976
PLTR,2025-11-17,0.4553464268253136,0.27819443523217535,0.4199912583227287,0.7207659323617038
PLTR,2025-11-18,0.4605921119618824,0.27596905197588706,0.4185890106744808,0.7135097283321868
PLTR,2025-11-19,0.4515491599933764,0.27351378478288263,0.41432506735237157,0.7071308619086245
PLTR,2025-11-20,0.2510224295403856,0.2787856739828589,0.41843927317029517,0.7174839355158092
PLTR,2025-11-21,0.2416478191840951,0.2828419301395083,0.421339434733821,0.727853160694282
PLTR,2025-11-24,0.1779279398606458,0.28538087176813814,0.4491922746295359,0.7401488454871782
PLTR,2025-11-25,0.2060793378792293,0.28600524338049366,0.44990028811386634,0.7419729286725976
PLTR,2025-11-26,0.2209854607109452,0.2834722217828094,0.44693820993864525,0.7357878976456351
PLTR,2025-11-28,0.2763938463286097,0.2793378709997725,0.42736948759474164,0.7147115636294756
PLTR,2025-12-01,0.2713094366354742,0.27665399218319137,0.42330481672966264,0.7079116012270784
PLTR,2025-12-02,0.2780164954017103,0.2726843306041368,0.40917888487767967,0.6925461600083657
PLTR,2025-12-03,0.4092908059345068,0.270411177469671,0.41021558699388916,0.6896529315650782
PLTR,2025-12-04,0.4685197041055989,0.26852714702618763,0.4083431659810647,0.6849179025135372
PLTR,2025-12-05,0.4972045780638526,0.26588572207682903,0.4144269390973504,0.6789564942993187
PLTR,2025-12-08,0.4957514052874281,0.26461748067341667,0.4112210487197941,0.6765023835728085
PLTR,2025-12-09,0.4960932051381731,0.261923692718075,0.4111469951318898,0.6723925486063881
PLTR,2025-12-10,0.4742250211939783,0.26044136879230095,0.4099863735641563,0.6669743534742392
PLTR,2025-12-11,0.5004581307034265,0.2619665144699957,0.412983639388578,0.672986625716454
PLTR,2025-12-12,0.5042307996282914,0.2595070672652751,0.409057304788039,0.6718685564282625
PLTR,2025-12-15,0.5129145530127627,0.2565403621240367,0.4045358140610796,0.6643203639960106
PLTR,2025-12-16,0.4970127098932442,0.2542599138828593,0.40420345954813314,0.6585613840759668
SCHW,2025-01-02,0.2416010955929458,0.143060282595817,0.21367467248745747,0.3946447786046028
SCHW,2025-01-03,0.3643244392766971,0.14311294069786606,0.22021943277825984,0.3955034943489255
SCHW,2025-01-06,0.3677454343088283,0.14163683400774613,0.21791535263958944,0.39243271112640776
SCHW,2025-01-07,0.3014396988417736,0.14475745342561552,0.22528926365596055,0.40256845739791736
SCHW,2025-01-08,0.3117309170961839,0.14678390483207365,0.2297209948481005,0.40910367197603525
SCHW,2025-01-10,0.3017992902660981,0.14630271659119454,0.22888914187955336,0.40787014754703277
SCHW,2025-01-13,0.3158011609623614,0.1385936347634868,0.2154396329601852,0.39189976014828465
SCHW,2025-01-14,0.3061424254433551,0.13822829921779156,0.21441377590364946,0.39078960168632937
SCHW,2025-01-15,0.3064084613600099,0.13796384267690137,0.20933852201062647,0.3877640191006129
SCHW,2025-01-16,0.3183893663838206,0.1402152143164278,0.21588055844108078,0.3945094159401862
SCHW,2025-01-17,0.3208443514584821,0.14112187282658034,0.2166056330060231,0.39655305478722824
SCHW,2025-01-21,0.1779425235910682,0.1485236277903424,0.23533790266604077,0.415241822375663
SCHW,2025-01-22,0.1756483211943536,0.15532806462050486,0.24519936181749316,0.43503999737300125
SCHW,2025-01-23,0.1846175777539561,0.15292698954587963,0.2452462516516293,0.4276126783600288
SCHW,2025-01-24,0.1868623214813523,0.15204558787734906,0.24528587009648395,0.42628625801157405
SCHW,2025-01-27,0.2227476801960833,0.15084914977468467,0.2444460926095918,0.42280842914442274
SCHW,2025-01-28,0.2523624741634953,0.14835024998875146,0.22680143730094682,0.4088924416093145
SCHW,2025-01-29,0.2598346867376388,0.14764927235761327,0.22584314493298796,0.4070148548367596
SCHW,2025-01-30,0.2413830381024957,0.14775867620120164,0.22709195598249854,0.40706106250938934
SCHW,2025-01-31,0.2426889560758609,0.14878754280113826,0.22901493066799644,0.4102423154302376
SCHW,2025-02-03,0.256738788127485,0.14852092433100478,0.2280353915717609,0.40927062592718455
SCHW,2025-02-04,0.2523397757342013,0.14850955086337037,0.23391584512861618,0.4088373036166103
SCHW,2025-02-05,0.2527142477132221,0.14176491841428723,0.22290885556669832,0.39586273340315825
SCHW,2025-02-06,0.2360676353483682,0.13971181784280362,0.221287643942783,0.39318780298251954
SCHW,2025-02-07,0.2358394876786695,0.14022014384123804,0.22085732757460066,0.39431259364001764
SCHW,2025-02-10,0.2147098386149905,0.1363351416878324,0.2158262317232858,0.3886170257020767
SCHW,2025-02-11,0.1528042069721001,0.138996216879679,0.22302958134919823,0.3963911651716928
SCHW,2025-02-12,0.1493396811813708,0.14007866915982764,0.22477897290544804,0.3995645336592656
SCHW,2025-02-13,0.1727583347452559,0.13789283739306857,0.21879272652523096,0.3928447176399582
SCHW,2025-02-14,0.1844249735626085,0.13770136619678647,0.21811581367317728,0.39228133170460444
SCHW,2025-02-18,0.2332486664795892,0.1374778046517346,0.21653253986740179,0.39068094618202714
SCHW,2025-02-19,0.2673240038528379,0.13631195914993585,0.21059144553552217,0.38792139715453977
SCHW,2025-02-20,0.2694604179377982,0.13572297321918866,0.20859568456261451,0.3857642843658351
SCHW,2025-02-21,0.2659723602020087,0.13645512022130424,0.21153184700862215,0.3882433142034102
SCHW,2025-02-24,0.3284915580552532,0.13664668208255304,0.21067757835222958,0.388371013306821
SCHW,2025-02-25,0.3582729920842056,0.13634983130437334,0.20846780260001657,0.3861489633250008
SCHW,2025-02-26,0.3938517612639876,0.13606698732880984,0.20811371005244056,0.38427402388155074
SCHW,2025-02-27,0.3940074888958366,0.13577319375136382,0.20746385492591818,0.38340776762589024
SCHW,2025-02-28,0.4721171785617432,0.13664239319082722,0.21172763638451053,0.38723046153889884
SCHW,2025-03-03,0.4675317868629526,0.13729054698713167,0.21337277201555815,0.3898700572541639
SCHW,2025-03-04,0.4171236331508766,0.14192741257282337,0.2234172742720804,0.40246360079673954
SCHW,2025-03-05,0.4110352913238709,0.14610026542403987,0.23351716255266972,0.4152187302008866
SCHW,2025-03-06,0.3998813264328152,0.1461953257409419,0.23319102338119604,0.4151814523262197
SCHW,2025-03-07,0.391491119373697,0.14541087983448148,0.2287384805365713,0.41176880946094874
SCHW,2025-03-10,0.270545098991168,0.14968810681614614,0.23536031525533607,0.42124313478825814
SCHW,2025-03-11,0.268811074266349,0.15407847514090084,0.24258152371881544,0.4338649515786255
SCHW,2025-03-12,0.2724132242260859,0.15418390738897442,0.24314935750283526,0.4333124904839303
SCHW,2025-03-13,0.2676821454071499,0.1540644812995705,0.2422147565412594,0.4328129089934831
SCHW,2025-03-14,0.1991011073319043,0.1558503257533846,0.2513478143347117,0.43834485153648073
SCHW,2025-03-17,0.1968043536950841,0.157143223747234,0.2401848152514892,0.43596472011613474
SCHW,2025-03-18,0.2008853296318359,0.15495207703657338,0.2405111632242336,0.43101836424555007
SCHW,2025-03-19,0.1948262215552706,0.15116667955905028,0.2348491549273236,0.4218933767121683
SCHW,2025-03-20,0.3117278381472976,0.15051940738060754,0.232700950501807,0.4193176549102955
SCHW,2025-03-21,0.4912027846693459,0.147865411608745,0.21729541818031156,0.40617106791246493
SCHW,2025-03-24,0.4813149052932588,0.1485654403406632,0.22720269940583238,0.40859526766747123
SCHW,2025-03-25,0.4692594101783658,0.14899540051086346,0.22744819489505694,0.40930801813563533
SCHW,2025-03-26,0.6449603749761916,0.14891633068531046,0.22772830561348234,0.4093808156416985
SCHW,2025-03-27,0.6480178952108251,0.14891873995223387,0.2282055660821637,0.4096140713163188
SCHW,2025-03-28,0.6844628006559799,0.15032292613333437,0.23650377319416313,0.414804163812334
SCHW,2025-03-31,0.6833440350411233,0.1506533755105754,0.2339900942592931,0.4141951863258715
SCHW,2025-04-01,0.6828921498092186,0.14990042743243276,0.22982644523452034,0.41159453964354187
SCHW,2025-04-02,0.6850361199096617,0.15035075148414312,0.23435896020912111,0.4144388694801783
SCHW,2025-04-03,0.6383925175002562,0.15649142972745667,0.24671857607458136,0.4314658702638603
SCHW,2025-04-04,0.4625541949879199,0.17227783838209615,0.27445366278262756,0.47185237651007295
SCHW,2025-04-07,0.4666911951291851,0.18970763267564766,0.3037574311439662,0.5238905552683821
SCHW,2025-04-08,0.4641002523892749,0.18100457068216746,0.29165762930210354,0.4991348433226195
SCHW,2025-04-09,0.315760277156407,0.18658001769342497,0.312737411945988,0.5129375059482739
SCHW,2025-04-10,0.2857013301246403,0.20440593022203984,0.33578087820933855,0.5625141169201049
SCHW,2025-04-11,0.2170495312686211,0.19544782919516385,0.30511031088993984,0.5261584785697859
SCHW,2025-04-14,0.219963594805929,0.19543598105671828,0.30631698023216886,0.52761436319072
SCHW,2025-04-15,0.2205951242490189,0.1889664843501928,0.2961247266563923,0.5087510085533274
SCHW,2025-04-16,0.1751014348237449,0.17901238435579764,0.2682654467440561,0.47863399530305506
SCHW,2025-04-17,0.1847997267331247,0.1779763321913413,0.2666347798120267,0.4743775160049807
SCHW,2025-04-21,0.1305330786025861,0.1745493285098071,0.25883167512122973,0.4599454620765493
SCHW,2025-04-22,0.1405883637498561,0.17595237977082429,0.26679570681077325,0.465621518064551
SCHW,2025-04-23,0.1370747577449328,0.17722999188445654,0.27133968555150884,0.4697408256345379
SCHW,2025-04-24,0.1205232658097874,0.17694604402577963,0.2754715975132245,0.4668761975893474
SCHW,2025-04-25,0.1206793565205025,0.17723578616022545,0.2775586508160118,0.467661124290668
SCHW,2025-04-28,0.12170734464599,0.1746184893941674,0.27001672168782703,0.4575500284917824
SCHW,2025-04-29,0.1174595727875834,0.17388199315693548,0.2682695482505686,0.4546477166606775
SCHW,2025-04-30,0.1165447222804074,0.17420699438000942,0.2694495026577161,0.45594109169175656
SCHW,2025-05-01,0.1129870095974186,0.1731883387321767,0.267741204538153,0.4521479808969866
SCHW,2025-05-02,0.0936617289017569,0.17394490972704912,0.27240996565323616,0.45627965870653653
SCHW,2025-05-05,0.0915509509585784,0.17438834756458593,0.27548247528887604,0.46224014205090014
SCHW,2025-05-06,0.0688770116082051,0.1740121399462401,0.27531186840854016,0.4616150779185797
SCHW,2025-05-07,0.1390155297870058,0.1732710621815552,0.2757763662290711,0.4605424334432746
SCHW,2025-05-08,0.1441417708653617,0.1727399339106938,0.2755027385861622,0.46287404166802215
SCHW,2025-05-09,0.1447069774243488,0.1717207734088192,0.27150507288788706,0.4593957669416404
SCHW,2025-05-12,0.1502890108396798,0.17155301699832853,0.2721978461308928,0.460429907046494
SCHW,2025-05-13,0.154086252118054,0.17101194089819788,0.2686849034137746,0.45738291750588034
SCHW,2025-05-14,0.1478459331492723,0.1707592010232845,0.26792728280714173,0.4563003621484455
SCHW,2025-05-15,0.141051993934908,0.17077571795536634,0.26801393430667436,0.45685159129396236
SCHW,2025-05-16,0.137036874959111,0.1705975767850217,0.26787798855434075,0.4558480411274808
SCHW,2025-05-19,0.1318033581113022,0.16987622369673666,0.26741876617535654,0.45537414588840064
SCHW,2025-05-20,0.1336004443148475,0.17000462809019556,0.27041748825031925,0.45695408814581406
SCHW,2025-05-21,0.0993889432794861,0.17091847115317216,0.27372194697820773,0.46147280394521173
SCHW,2025-05-22,0.1142031646087736,0.17160868172720656,0.27291750805370324,0.4630120935118148
SCHW,2025-05-23,0.1144604910371445,0.17067603362528638,0.27050902079252664,0.4598903122801312
SCHW,2025-05-27,0.0885302906485065,0.17047472680089898,0.27269188679739537,0.46020828545826775
SCHW,2025-05-28,0.0818146568321699,0.1703157572309833,0.2719233646646186,0.4602321696910554
SCHW,2025-05-29,0.0791919305172767,0.16675891823796218,0.2628901711987993,0.4507421074023138
SCHW,2025-05-30,0.0980408355543197,0.16593254625685666,0.26219695853796976,0.4488851880396181
SCHW,2025-06-02,0.1372725481985862,0.1653951695873514,0.2615065154850047,0.44823772292986097
SCHW,2025-06-03,0.1368757038595264,0.1642731672614856,0.2565249115706896,0.4436610998675511
SCHW,2025-06-04,0.1383420173382345,0.16009780368615129,0.24912414148464224,0.43533941399249587
SCHW,2025-06-05,0.1460943111184997,0.15980139477482813,0.24984375815830434,0.43488343602877766
SCHW,2025-06-06,0.1465272614069874,0.1593337986786506,0.25084667687145823,0.4349285270394092
SCHW,2025-06-09,0.1554567056568291,0.15953129295546004,0.25085712908480623,0.43567612184410265
SCHW,2025-06-10,0.1567453844532023,0.15550864269050857,0.24534115555900962,0.4275703460999163
SCHW,2025-06-11,0.1593868992784168,0.1551196962476709,0.2439730486232471,0.42611598957763375
SCHW,2025-06-12,0.1612322453568767,0.15491684880400441,0.2431259921888107,0.42543582027258897
SCHW,2025-06-13,0.1489506132772133,0.15517601736105496,0.24307301311126261,0.4265419349288686
SCHW,2025-06-16,0.1283819118943455,0.15719999465520862,0.24977346906364567,0.4336745276481353
SCHW,2025-06-17,0.1276620841955082,0.15846949250611936,0.25147298723996914,0.43738479011924924
SCHW,2025-06-18,0.1196520024543847,0.15734602496868122,0.25060234431667416,0.43463211539552404
SCHW,2025-06-20,0.1170323414670945,0.1576558695893827,0.2510386926841806,0.43632781470866167
SCHW,2025-06-23,0.1101978779462034,0.15739335861926446,0.24909120205930377,0.4348923290721114
SCHW,2025-06-24,0.10390375946632,0.1570796197716045,0.24648326491341857,0.4327490238977969
SCHW,2025-06-25,0.1059227865596074,0.1561454140664093,0.2451751779813717,0.4314141675679265
SCHW,2025-06-26,0.12590893692827,0.15573741892208565,0.24302697294663544,0.429687043548757
SCHW,2025-06-27,0.1276085994734553,0.1552892565419896,0.24193405639196086,0.4282789738210757
SCHW,2025-06-30,0.1312411603106969,0.15515036229257761,0.2415367071243016,0.4269271752961721
SCHW,2025-07-01,0.1328951623440353,0.15096673421307466,0.2354534873369478,0.4196748195602421
SCHW,2025-07-02,0.1664442171533516,0.13491313804919075,0.20937405478043677,0.3884067644015096
SCHW,2025-07-03,0.2134971476706171,0.134194716409114,0.2074615439783551,0.3860705365832199
SCHW,2025-07-07,0.2093475907736848,0.13396738186337642,0.2085718779731225,0.38566254154669877
SCHW,2025-07-08,0.2123679982661763,0.11423417712242408,0.17710344161653419,0.3412761199510592
SCHW,2025-07-09,0.2145946127134622,0.11206772274888206,0.17390136552687535,0.3365491844602162
SCHW,2025-07-10,0.2207669956229828,0.10666512519236276,0.16565815859413982,0.3258873447049523
SCHW,2025-07-11,0.2038080435696284,0.10786071119537566,0.1685173013395519,0.32956049328802584
SCHW,2025-07-14,0.2041301897025663,0.10844208728118308,0.16864948848298159,0.33062155602296023
SCHW,2025-07-15,0.183679802623103,0.1079105676012294,0.16788775749316082,0.33069863071969596
SCHW,2025-07-16,0.1742199159759651,0.10872444277410594,0.16848840133827475,0.3331228139870587
SCHW,2025-07-17,0.1768488439346469,0.10890130360608287,0.1717256689023755,0.33523643254332025
SCHW,2025-07-18,0.1716952926336513,0.11356173552326963,0.1809028112952327,0.3481283546195707
SCHW,2025-07-21,0.1900277128569221,0.11766827907062774,0.18745547370402812,0.3608206606120186
SCHW,2025-07-22,0.1871854819751168,0.11401873221650645,0.18037357114071512,0.3502636379101446
SCHW,2025-07-23,0.1862112976769357,0.11246848646850575,0.17744131233368288,0.34560471814213256
SCHW,2025-07-24,0.1770383703151285,0.11144114507148802,0.17544699632847566,0.3416120709597289
SCHW,2025-07-25,0.1898189293597333,0.11076167741646793,0.16983900034670218,0.3373845054271982
SCHW,2025-07-28,0.1866057796721821,0.11005395095203356,0.16947351544390246,0.335371488461896
SCHW,2025-07-29,0.1943276678043552,0.10937747399346906,0.1669366446708985,0.33236217357343384
SCHW,2025-07-30,0.2513306772474247,0.10737829438898523,0.1629962135133376,0.32682416928253355
SCHW,2025-07-31,0.278619771804218,0.10809987649585619,0.16521129490878966,0.3291006698934803
SCHW,2025-08-01,0.2668967724548161,0.11122012175864562,0.1744858827801835,0.3380001872348617
SCHW,2025-08-04,0.2527746349402605,0.11504857452522016,0.18215850539587636,0.34972355071548444
SCHW,2025-08-05,0.2513614104083875,0.11545911449591638,0.18258201677345848,0.3506732186795122
SCHW,2025-08-06,0.2508865485423444,0.11379153767600217,0.17962034503884214,0.3455895698518301
SCHW,2025-08-07,0.2488638562972302,0.11270077749277034,0.1778120296965457,0.34225397156370263
SCHW,2025-08-08,0.2364174159743562,0.1122137086392805,0.17426884501763795,0.33914860826036897
SCHW,2025-08-11,0.235043042174998,0.11255021192905736,0.17309776591850135,0.33938324495836075
SCHW,2025-08-12,0.2351280024691655,0.1116801748480651,0.17122426571344423,0.33670213074758343
SCHW,2025-08-13,0.1651950406108097,0.11719504346877711,0.18529693916238632,0.3525218999934867
SCHW,2025-08-14,0.1158510859915654,0.12540808786056323,0.20003075125877304,0.37598174026200537
SCHW,2025-08-15,0.0996601470951791,0.12678012004363068,0.20262705928648841,0.37968408465398024
SCHW,2025-08-18,0.1009007096224196,0.12398489547874002,0.19848981876637142,0.3726055980128291
SCHW,2025-08-19,0.0981661177169002,0.12084609800472061,0.19219149858519408,0.3628801150142825
SCHW,2025-08-20,0.1186833150171781,0.11828669794403367,0.18266109103434547,0.35271101675366845
SCHW,2025-08-21,0.3280433144069703,0.11575741961609452,0.17295918675250826,0.3430872816605606
SCHW,2025-08-22,0.341660893668865,0.11426416215995404,0.1665675199645553,0.33673496471127595
SCHW,2025-08-25,0.3410145372360916,0.11388221253792646,0.1666859613147712,0.33601250150675555
SCHW,2025-08-26,0.3373250539618898,0.11424120792528787,0.1690907675178232,0.3374086504754459
SCHW,2025-08-27,0.3576044968632648,0.11515632519609177,0.1735519056076762,0.3402147354901196
SCHW,2025-08-28,0.3563748615787485,0.11475637793284837,0.17509656530342832,0.3391254403076883
SCHW,2025-08-29,0.3584539948013856,0.11549811359358976,0.17947412023898562,0.34273282426799145
SCHW,2025-09-02,0.3580814121139862,0.1165795980603017,0.18106213650240435,0.3461570710340901
SCHW,2025-09-03,0.3672120013318872,0.11529319944221737,0.1771020537476026,0.34175188289297737
SCHW,2025-09-04,0.3648381625563281,0.11583841347639227,0.1806255527291936,0.34401378834214436
SCHW,2025-09-05,0.2092208953448198,0.13042055705145733,0.2091005038850236,0.3818884488243981
SCHW,2025-09-08,0.1969685178852475,0.15382144058778857,0.24688219193296895,0.4502572466736997
SCHW,2025-09-09,0.1994541067426994,0.1451465179425409,0.23371457671853124,0.4250690161521318
SCHW,2025-09-10,0.202047075844289,0.1390492660373462,0.22387454755538377,0.40722723178581055
SCHW,2025-09-11,0.2232551263176974,0.13731098976139416,0.2218689785778115,0.40285821588557164
SCHW,2025-09-12,0.2232262027282406,0.13437707122817813,0.20113070945265166,0.38679976227719426
SCHW,2025-09-15,0.2079403816338114,0.13250773477120287,0.1976499061417875,0.38110461201875057
SCHW,2025-09-16,0.2153290110385073,0.13301787725911896,0.19800219063939498,0.38239061968240234
SCHW,2025-09-17,0.2862097709057218,0.13248958984690007,0.19783518245197534,0.3808967323556618
SCHW,2025-09-18,0.2790391042356906,0.1320740515031354,0.19646289282795948,0.378697167626248
SCHW,2025-09-19,0.2838271017756753,0.13247139460403465,0.2052217946694251,0.37997342984894533
SCHW,2025-09-22,0.2837394044524716,0.13162717838197502,0.2012187566324676,0.37597579293958683
SCHW,2025-09-23,0.2823291690485895,0.13026879812351413,0.19660114507349305,0.37094585930990287
SCHW,2025-09-24,0.2675067799008307,0.13081069010596097,0.20026384066616312,0.3740577639461766
SCHW,2025-09-25,0.231567158483077,0.13463120036220066,0.2101650705234852,0.38484927246773304
SCHW,2025-09-26,0.2494177546317922,0.1383391740512085,0.21579248473985563,0.3953082893830937
SCHW,2025-09-29,0.2529354087646654,0.1364434496737313,0.2151566546173907,0.3897165936846395
SCHW,2025-09-30,0.2451921565853634,0.13693717394162447,0.21660945028642584,0.3916099000210205
SCHW,2025-10-01,0.1730134359716857,0.14039381560365577,0.2225573442079415,0.400855418678847
SCHW,2025-10-02,0.1821792049949063,0.1462807278801233,0.22829541647317236,0.41622989188913395
SCHW,2025-10-03,0.1700993978882492,0.14250060543077286,0.22433559558188892,0.40784014410922714
SCHW,2025-10-06,0.17517639056494,0.14089520501982758,0.21981050505277336,0.4026967369560047
SCHW,2025-10-07,0.1751143054279631,0.1386745495918949,0.21602226771353272,0.3961770602001504
SCHW,2025-10-08,0.1808053527416375,0.13545817051244588,0.2010996163131095,0.3822151015035644
SCHW,2025-10-09,0.1810144693514545,0.13481877555889032,0.20180179830338046,0.3807038672665538
SCHW,2025-10-10,0.1314541109408756,0.13505632860655026,0.20322089086383374,0.3821773374640824
SCHW,2025-10-13,0.1076286851130852,0.13744191797406718,0.21094528822937825,0.392104092443356
SCHW,2025-10-14,0.1230565108877446,0.13738216487836657,0.21116017604027876,0.39216386017295557
SCHW,2025-10-15,0.1191589576056552,0.135521330913166,0.21274339237211326,0.38713316408914433
SCHW,2025-10-16,0.1064975051731622,0.13523519658860422,0.21215434793330243,0.38650963111932046
SCHW,2025-10-17,0.0997745022619024,0.13431660980078736,0.20692735832785283,0.3819359129383148
SCHW,2025-10-20,0.113526714993373,0.13326228842637167,0.2038876267640582,0.3779289079731989
SCHW,2025-10-21,0.1220161796753465,0.13295083673119673,0.2032845524657227,0.3771719974232951
SCHW,2025-10-22,0.1159071527253715,0.13245867439415776,0.20238804936181254,0.37607373730028804
SCHW,2025-10-23,0.1187602388885705,0.1323283000297542,0.20058116653485109,0.37556616664528175
SCHW,2025-10-24,0.1312209197585301,0.13165766083630645,0.2011670141170992,0.3736319455415892
SCHW,2025-10-27,0.1306260248487583,0.13007089655231407,0.19885069555692533,0.3698918371269474
SCHW,2025-10-28,0.1159249060033021,0.12990457347353196,0.19883848901515386,0.3706702509773878
SCHW,2025-10-29,0.1335771321904501,0.13090045087143926,0.2014424777348499,0.37515218144069307
SCHW,2025-10-30,0.1922028223541513,0.13077935450952624,0.20165712385088996,0.37482812511359653
SCHW,2025-10-31,0.196741668529163,0.12987384652672862,0.20060561682177874,0.37263290341628763
SCHW,2025-11-03,0.2286508511016212,0.12937592541132553,0.20038349355762625,0.3718447244080759
SCHW,2025-11-04,0.2257820630235213,0.13049654617401124,0.20223953625203278,0.37505030885526336
SCHW,2025-11-05,0.2273091977817573,0.12844459164260053,0.19821867435040674,0.36891374856931536
SCHW,2025-11-06,0.2500789996090988,0.12490551565542225,0.1933867458934584,0.36123764779123324
SCHW,2025-11-07,0.2378889035473647,0.12415642115603558,0.19349773627399447,0.3613820860144194
SCHW,2025-11-10,0.2351005432046865,0.12467453024893878,0.18948580114207714,0.36153950101080523
SCHW,2025-11-11,0.231503811275612,0.1237175885874571,0.18882683947565926,0.35860950415989057
SCHW,2025-11-12,0.2197725802244457,0.1241087155508306,0.1901693798002908,0.35919386943416787
SCHW,2025-11-13,0.2066715080176946,0.1305462924183099,0.20601227422516863,0.38038250780347566
SCHW,2025-11-14,0.2050203483743303,0.1355331734814475,0.2127199196019518,0.3945895215325558
SCHW,2025-11-17,0.1560821723793486,0.1333849610554655,0.20987191354785226,0.38741589625866457
SCHW,2025-11-18,0.1868195830049261,0.14085697579186973,0.2213662830286804,0.4089849260049191
SCHW,2025-11-19,0.1923408879587603,0.13355904304490157,0.20705948849651534,0.386496070671691
SCHW,2025-11-20,0.155929322804508,0.13151560509560206,0.20178598643914297,0.37879076570689385
SCHW,2025-11-21,0.1548426065387182,0.13769518656366736,0.21243056308061659,0.39709755907237587
SCHW,2025-11-24,0.1559879741119729,0.13196807366578028,0.2003837003548276,0.3791734984774958
SCHW,2025-11-25,0.1693877946885773,0.1294992387088274,0.19668744444023767,0.3719866348992372
SCHW,2025-11-26,0.170768947181076,0.1290858651005209,0.19866134817746312,0.3710939516846119
SCHW,2025-11-28,0.1750854552678594,0.1290464345056609,0.1928375517204391,0.36779022463943023
SCHW,2025-12-01,0.1975598730782124,0.12035968691708829,0.1789183547359981,0.35139901054524514
SCHW,2025-12-02,0.1912854442995433,0.1187191225194327,0.17991014153307894,0.3481961968148315
SCHW,2025-12-03,0.1690019405676893,0.12040602445262515,0.18515651113000475,0.35296080470946434
SCHW,2025-12-04,0.164215562781076,0.12530366038282492,0.1928205539216871,0.36742030088811184
SCHW,2025-12-05,0.1537986587971325,0.1236754182941147,0.19382982650206831,0.3642639939195819
SCHW,2025-12-08,0.1854534723062685,0.12337035242051207,0.19361303661182266,0.36346041457133094
SCHW,2025-12-09,0.1868051602559002,0.12047643723584843,0.1882911134393751,0.35542670043677393
SCHW,2025-12-10,0.1779853159923217,0.11933703821127052,0.18596786943565952,0.35106154084965047
SCHW,2025-12-11,0.1757435075495528,0.12246092480371489,0.19157081454550834,0.36029191824278406
SCHW,2025-12-12,0.1781682324627601,0.12135602551347485,0.18685632497585128,0.356764749080127
SCHW,2025-12-15,0.1603693089462741,0.11999639472349964,0.18655774755700266,0.35408787715998435
SCHW,2025-12-16,0.1700754147515012,0.12188864491429886,0.190111959271557,0.3602807461981643
SPX,2025-01-02,0.1626917946814717,0.06952556677660514,0.11525636996361427,0.17185073695504902
SPX,2025-01-03,0.1569499239158936,0.06942325436002886,0.12250199322155728,0.17376612895236285
SPX,2025-01-06,0.1573760528825853,0.06991401371153713,0.12295081896260934,0.17503918876580304
SPX,2025-01-07,0.1400229740555058,0.06973584335736996,0.12218539268613932,0.1743060690140253
SPX,2025-01-08,0.1434412144311344,0.06970173799143686,0.12219992637487079,0.1745587279521858
SPX,2025-01-10,0.1404127526284104,0.06979342938108178,0.12440511843839341,0.17588715311055786
SPX,2025-01-13,0.1432124011972696,0.0701133999573275,0.12274336020930926,0.17686810863869157
SPX,2025-01-14,0.1492133934728765,0.06863558309839622,0.12004584468144497,0.1728987842291169
SPX,2025-01-15,0.1254575836614749,0.0700255991230182,0.12540503409333173,0.17647465842302204
SPX,2025-01-16,0.1289944442751431,0.0722517287415426,0.1288067427137393,0.18288928106491764
SPX,2025-01-17,0.1278145466795566,0.07136857634871965,0.12423956169743319,0.17774330751140746
SPX,2025-01-21,0.1250764515459303,0.07176500652021162,0.12522394653382546,0.17933040955781585
SPX,2025-01-22,0.1224118492961674,0.07093513111970953,0.1236911928205463,0.1773242154846406
SPX,2025-01-23,0.1205112536354969,0.069874116344907,0.12080916983413531,0.1735818850671378
SPX,2025-01-24,0.1284053920140669,0.06908809078908515,0.11971605026845727,0.17207843180279414
SPX,2025-01-27,0.1091169877692731,0.06950231553102176,0.12415571066664544,0.17528021812143896
SPX,2025-01-28,0.0988812110240948,0.07055148922407961,0.12635221350865425,0.17876759613925886
SPX,2025-01-29,0.0967352959581535,0.0699602867696257,0.12480535526644382,0.17785374157947054
SPX,2025-01-30,0.1070601505122082,0.06754876649879993,0.12238126903755611,0.1730809786045267
SPX,2025-01-31,0.1023442189817536,0.06695049782572635,0.12125556782770583,0.17171894293268847
SPX,2025-02-03,0.0896395543876066,0.06597500888754085,0.11769811325543636,0.16837624260817233
SPX,2025-02-04,0.0853145968232572,0.06503726986513793,0.11626290797969396,0.16660153210383216
SPX,2025-02-05,0.0894201644614699,0.062087844005160334,0.1118693151681942,0.16108634947102968
SPX,2025-02-06,0.1256077547044309,0.060995184032637415,0.11036880830252907,0.15899561427553655
SPX,2025-02-07,0.1190706247562222,0.06049168543906304,0.11006824848587948,0.158610220521948
SPX,2025-02-10,0.1128023515247907,0.06033139562086395,0.11053053867789642,0.1589939510523788
SPX,2025-02-11,0.1126963289510689,0.059424986737818486,0.10931118682114752,0.15725938739863
SPX,2025-02-12,0.1333076788730905,0.058272203689050006,0.10765082125713335,0.1548934630385711
SPX,2025-02-13,0.1502170832198665,0.05780368786169886,0.10865681475741773,0.1552773844190804
SPX,2025-02-14,0.1669732575958873,0.056558230336932414,0.10485564759567481,0.15240429513079662
SPX,2025-02-18,0.1663970646255919,0.05535359261815885,0.1034931035495561,0.1499477058659505
SPX,2025-02-19,0.1834384640197906,0.05420168199949735,0.10217585394438036,0.14792941406325405
SPX,2025-02-20,0.1944474108084616,0.05328383946319208,0.10102882710451641,0.14658775648677802
SPX,2025-02-21,0.1924969139609665,0.05373680268742231,0.10232394146749887,0.14913224361835042
SPX,2025-02-24,0.2252345331253745,0.05516702323839322,0.10464032078926397,0.1545645560577698
SPX,2025-02-25,0.2251038373932498,0.05375211608341136,0.10195552979859121,0.15176222104366932
SPX,2025-02-26,0.2303013851112352,0.05211161942495249,0.09923251511796546,0.14876665579061038
SPX,2025-02-27,0.2281200023573777,0.05155892709061885,0.09821871153359929,0.14821009415371816
SPX,2025-02-28,0.2433279082000545,0.05393709294570566,0.10579861995404721,0.15706782033695232
SPX,2025-03-03,0.2392894494214756,0.05560504144926314,0.10914319111672169,0.16334908473234183
SPX,2025-03-04,0.2376817703712656,0.05679522004123036,0.1112657563142701,0.16853573151701196
SPX,2025-03-05,0.2371006045247929,0.056891404155506156,0.11317089577430925,0.1700930521971996
SPX,2025-03-06,0.2217447689456942,0.05697670035587625,0.11267533415458963,0.1704377394641739
SPX,2025-03-07,0.2189336743706139,0.057586207349440297,0.11178006968581716,0.1723234787534466
SPX,2025-03-10,0.1855861688770612,0.057430985070901275,0.11176321141907625,0.17230832735192286
SPX,2025-03-11,0.1768602113706607,0.062387265578701175,0.11939281234116225,0.18940589876217612
SPX,2025-03-12,0.1914766113358317,0.05826874031340405,0.11213530853032122,0.1795048828528392
SPX,2025-03-13,0.1731445466854465,0.054919030506019983,0.10653739017082306,0.17164259223194822
SPX,2025-03-14,0.176171875597504,0.056303283161257364,0.11377423539183992,0.17752571759291452
SPX,2025-03-17,0.1751934533866172,0.05795809865139249,0.11265233546606082,0.1815250549908356
SPX,2025-03-18,0.1679327098777834,0.05503104971382042,0.10869057577033481,0.1748325763323769
SPX,2025-03-19,0.1620454324400087,0.05059811020808148,0.10314704281261508,0.166347028109326
SPX,2025-03-20,0.2975358679005727,0.04818142047908484,0.09805200287498911,0.16029664336225616
SPX,2025-03-21,0.4086909131509523,0.04414809436243697,0.08878992423960862,0.14921959436284488
SPX,2025-03-24,0.3810928929118712,0.042961177988863467,0.09220508490523141,0.14719197073206752
SPX,2025-03-25,0.3723148713222717,0.04419564552356793,0.09202808730724119,0.15075320256014407
SPX,2025-03-26,0.6494378543973331,0.042497690279917205,0.09053396042362968,0.14750836003817674
SPX,2025-03-27,0.6672144855666039,0.04148747880174082,0.08993460921845434,0.14639919717285393
SPX,2025-03-28,0.6749052071719175,0.040293340501952296,0.09085839529784148,0.14591654512596636
SPX,2025-03-31,0.675953032142644,0.042051270536057325,0.09070786838009687,0.15136371704056395
SPX,2025-04-01,0.6748041910808448,0.03948524355622638,0.0881071717597428,0.14631536422433783
SPX,2025-04-02,0.6775069913448625,0.036426485563494676,0.08480308430703326,0.14040563161044026
SPX,2025-04-03,0.6352223153040132,0.04262177340344058,0.09963638118644644,0.1591543145843327
SPX,2025-04-04,0.5600628241400779,0.07405137762820321,0.15040593774467736,0.2483884757008383
SPX,2025-04-07,0.5711277356126737,0.1040665313921651,0.19710244932549745,0.3401752425330964
SPX,2025-04-08,0.5621337928531106,0.09282605780455029,0.17821274799050857,0.3109990157002682
SPX,2025-04-09,0.3346591492836495,0.10888287412283673,0.22490060650095195,0.35212938097980684
SPX,2025-04-10,0.2692327563528306,0.16854019721243158,0.3124982366881805,0.5257280200645923
SPX,2025-04-11,0.2593712974991498,0.1593360847949153,0.2911503306649415,0.49844507337905297
SPX,2025-04-14,0.2584696325208032,0.13935903685579118,0.2693933242883762,0.4998642028823691
SPX,2025-04-15,0.2573865300737309,0.12597688969155207,0.2479369132716058,0.4635019818841821
SPX,2025-04-16,0.2133712799668487,0.11105936790613961,0.20241726067619384,0.41224760840650554
SPX,2025-04-17,0.2155727121708601,0.10264759190370697,0.18596610245297085,0.3886431553782836
SPX,2025-04-21,0.1537547608278732,0.09113191547633115,0.1710785074490272,0.35852060595674795
SPX,2025-04-22,0.1473726722071205,0.08826693171841371,0.1732110349704813,0.3547345212562959
SPX,2025-04-23,0.1348482213449632,0.08491205849772217,0.1719347954859805,0.3488314491899837
SPX,2025-04-24,0.1048655852265815,0.07811469104430131,0.1707807301104206,0.3301334954160442
SPX,2025-04-25,0.1037720664233095,0.07360296783852568,0.1673553956000709,0.31942702605146733
SPX,2025-04-28,0.1802911406471108,0.06297570537601171,0.14337419382057048,0.2873670454293063
SPX,2025-04-29,0.1804881046963158,0.053296483967516274,0.12789236426007788,0.2612564039501224
SPX,2025-04-30,0.180799699017847,0.0449282030415826,0.11563140637898481,0.23979321883117713
SPX,2025-05-01,0.1809122978236017,0.036458969874783385,0.10114186100372094,0.21587416459129377
SPX,2025-05-02,0.1739810436864413,0.031497203070201985,0.09701075547798546,0.20551016231093916
SPX,2025-05-05,0.1645987313776835,0.03287374785376588,0.10379561568612752,0.21441116827454088
SPX,2025-05-06,0.1569904444336807,0.028733888745506656,0.09922585258301575,0.20514413574963347
SPX,2025-05-07,0.1923724373301199,0.02586124247740467,0.09604189595324847,0.1989898557388987
SPX,2025-05-08,0.1930401652526644,0.022949536525057705,0.09348544758754251,0.19693930348362532
SPX,2025-05-09,0.1986475050778953,0.020420536360417255,0.08698366019023455,0.19069813037315514
SPX,2025-05-12,0.1531626376694329,0.020648366183899945,0.09425947138025134,0.19435378342597293
SPX,2025-05-13,0.1528269147947525,0.039276266374503536,0.12107539303283463,0.24779815285798623
SPX,2025-05-14,0.1540938087958962,0.03618801492300127,0.11677789088683432,0.23904497163621863
SPX,2025-05-15,0.1526354078711421,0.032513864772464554,0.1115329374053522,0.22940277946712245
SPX,2025-05-16,0.1495480589162852,0.029789561117080282,0.10708019026549517,0.22057106116352143
SPX,2025-05-19,0.1526957360463853,0.026189366868106585,0.09336673175967408,0.20702595830924408
SPX,2025-05-20,0.1510755258311147,0.0248257395131914,0.09207960026542203,0.20278955619373357
SPX,2025-05-21,0.1246928318142089,0.02439297751199837,0.09352177131009026,0.20223651214683755
SPX,2025-05-22,0.1311200088949899,0.02759025412090515,0.09779125569543876,0.21124244233783407
SPX,2025-05-23,0.1209872268494524,0.025101698795583563,0.09156929253015728,0.2027444703326037
SPX,2025-05-27,0.0789053852655713,0.025585678111211804,0.10130234467820051,0.2059868276075773
SPX,2025-05-28,0.072312816626048,0.03073883586421939,0.10884522069997526,0.22103788115416448
SPX,2025-05-29,0.0721908600570919,0.02866787327684562,0.10322043417963886,0.21328435571283214
SPX,2025-05-30,0.0993733701401294,0.02687617600480765,0.10039514842116062,0.20780153316169458
SPX,2025-06-02,0.107016538808444,0.024661500881088816,0.09599511848443346,0.2007787228555073
SPX,2025-06-03,0.1149430645115494,0.023155108535602764,0.08905881559420767,0.19332563639758266
SPX,2025-06-04,0.114971542561685,0.02101753588697797,0.08385005925005015,0.18724144005052
SPX,2025-06-05,0.1118538442042158,0.020156614025008755,0.08483768970084596,0.1851351721806517
SPX,2025-06-06,0.1102636774812625,0.020594981654836676,0.08701271879899117,0.1859638098486862
SPX,2025-06-09,0.1226270966989,0.021965187305850294,0.08933708499564777,0.18928182415619454
SPX,2025-06-10,0.1206380622883599,0.02129681451676326,0.08993662574611791,0.18742463434636997
SPX,2025-06-11,0.1236014355612072,0.021958981720796748,0.091111541089793,0.1880389776717682
SPX,2025-06-12,0.1243824211897381,0.021803520166623794,0.08946278867120118,0.1855853439897178
SPX,2025-06-13,0.0995097074735633,0.022464317213813298,0.09012586851462326,0.18686624903313803
SPX,2025-06-16,0.0968380196612355,0.0265604326057898,0.0972847519930185,0.19646588163810866
SPX,2025-06-17,0.0746453553022569,0.030094052785031796,0.10140578515548812,0.20240876267407087
SPX,2025-06-18,0.0732039155086862,0.03254682387235995,0.10420561083854468,0.20576476084073997
SPX,2025-06-20,0.0918514118817408,0.03432597944193369,0.10551131143266337,0.2064349144187039
SPX,2025-06-23,0.0898327501538025,0.03476174330529935,0.10599828349709114,0.205272192221794
SPX,2025-06-24,0.0807211876271672,0.03825514926794435,0.11106252501352806,0.21192614288020778
SPX,2025-06-25,0.0792436202117728,0.040406072964743786,0.11186742576874362,0.21565110619785546
SPX,2025-06-26,0.0797879866442346,0.04105843847195798,0.11236640277617982,0.21458094699933777
SPX,2025-06-27,0.0776517451323429,0.043015784782382896,0.11347099692350199,0.21639892799713548
SPX,2025-06-30,0.0792323386713108,0.04491259417967286,0.11665106205677209,0.2179010972846506
SPX,2025-07-01,0.079529857672455,0.04947666779336142,0.11397459435883744,0.17531548268531857
SPX,2025-07-02,0.0803974364827242,0.04318649411993572,0.10332095810987244,0.16036644336959083
SPX,2025-07-03,0.0697189636851561,0.045592477282873814,0.1066780109580176,0.16304665977246485
SPX,2025-07-07,0.0527719548748189,0.048434426259018636,0.11170658136646866,0.16941019455224418
SPX,2025-07-08,0.0518200437887758,0.030918661166099322,0.08225793290365335,0.13498543913342093
SPX,2025-07-09,0.0567360018750805,0.027263773165425137,0.07659420526948844,0.1260884619832054
SPX,2025-07-10,0.0564255895729411,0.028309163964176813,0.07753151877761803,0.12671668666815528
SPX,2025-07-11,0.0513533437050844,0.029284533126589095,0.07733643644911647,0.12617850917707418
SPX,2025-07-14,0.0521417432093656,0.03019345262121016,0.07658996906143056,0.12513391755903253
SPX,2025-07-15,0.0491389100433597,0.029125823131076728,0.07454601863910326,0.12215083293906859
SPX,2025-07-16,0.0511808013890233,0.030109638712491272,0.07498529065112128,0.12248477062880402
SPX,2025-07-17,0.0525958417113439,0.028544427420077605,0.072619590712756,0.11864258977165208
SPX,2025-07-18,0.0996035962669486,0.02826565452039161,0.0713790905756582,0.11664947443425247
SPX,2025-07-21,0.1267420664480166,0.02847366484711708,0.07184523757338014,0.11532642944152978
SPX,2025-07-22,0.1294220452588027,0.027963342579250178,0.06926094524438076,0.11217502211391485
SPX,2025-07-23,0.1285416188976488,0.02928166272405542,0.07198783603067652,0.11388040794021899
SPX,2025-07-24,0.1284624444961941,0.031405661471590116,0.07474317994012042,0.11816232154616563
SPX,2025-07-25,0.1333794693541803,0.03174282921065223,0.07514598495472186,0.11743523499350307
SPX,2025-07-28,0.1339662627245929,0.032600856141944995,0.07625710972000091,0.11835969008902249
SPX,2025-07-29,0.1445699163225373,0.03333014561162348,0.07780131597518589,0.11925269915219097
SPX,2025-07-30,0.1442182642632082,0.03280153369022896,0.07510711921801902,0.1163789048407353
SPX,2025-07-31,0.1414582217842381,0.03288408757067368,0.0751324864371063,0.11576381805441595
SPX,2025-08-01,0.1048166170066985,0.03493081147993722,0.07847623666613565,0.1206558667948344
SPX,2025-08-04,0.0845029204776073,0.04344979086792698,0.09477212587116143,0.14445547704345021
SPX,2025-08-05,0.0868650419636644,0.04748605482297419,0.10029342946304767,0.15428022938116676
SPX,2025-08-06,0.0832614782197195,0.04769785692871742,0.10133934345226853,0.15297400255817384
SPX,2025-08-07,0.0864857274923942,0.04353576348380536,0.09409372247837697,0.14369028338869722
SPX,2025-08-08,0.1086598693236595,0.04292451744910832,0.08925902882728308,0.13808003326668156
SPX,2025-08-11,0.1106948815036827,0.04372808268245072,0.08825694317388204,0.13775245701329997
SPX,2025-08-12,0.0971333980570014,0.04442490974424962,0.08921336899463281,0.13724382749817846
SPX,2025-08-13,0.0965198310411753,0.046908698276138944,0.09261751012260569,0.14264508784164417
SPX,2025-08-14,0.0976340333101246,0.04692506364932027,0.09223526147470992,0.140908600505241
SPX,2025-08-15,0.102551809082688,0.04687412853346413,0.09346572693180649,0.13924750537010655
SPX,2025-08-18,0.1086211089394978,0.04562295976623909,0.09155532882560868,0.13526322151531
SPX,2025-08-19,0.107428502226936,0.045632222623192775,0.08909667715685043,0.1326625273241015
SPX,2025-08-20,0.1124309147339017,0.04612654022347458,0.08870935673959024,0.13277860995898
SPX,2025-08-21,0.1113178111859152,0.04412767126240282,0.08462359109480581,0.12776477521084298
SPX,2025-08-22,0.0833190658276797,0.04647135200799177,0.09353621458535544,0.13490035330729172
SPX,2025-08-25,0.0795395898049533,0.0512720849576218,0.10059638163912077,0.14769928672074517
SPX,2025-08-26,0.0785332212815201,0.05132853693628911,0.10071757304670031,0.14599288905640095
SPX,2025-08-27,0.0869420813717585,0.05149662874166773,0.10048756744576831,0.1447710573403695
SPX,2025-08-28,0.0870673809662569,0.05175641608966935,0.09973959417775938,0.14323299842966375
SPX,2025-08-29,0.0769056782675953,0.05220760422092437,0.09754827940627264,0.14181229593579206
SPX,2025-09-02,0.0613925254648237,0.05355861291427633,0.09925546901441429,0.1443503089329066
SPX,2025-09-03,0.0629635139706979,0.054357867316629505,0.1006283043975407,0.14558806978952066
SPX,2025-09-04,0.0556373959118594,0.055387791693184,0.10326975044867404,0.14738679710003322
SPX,2025-09-05,0.049062068622216,0.05676821158742188,0.10499370936603197,0.15003846151456401
SPX,2025-09-08,0.0495252170816118,0.056556092528450785,0.10505930609743075,0.14824525104070158
SPX,2025-09-09,0.0655615244390609,0.05607039156185693,0.1026521708619848,0.1450711586724027
SPX,2025-09-10,0.0699835772971979,0.05509730159198293,0.1009423302263241,0.14243366881675118
SPX,2025-09-11,0.0656500112336408,0.05526501298296102,0.10106452754435397,0.1417658985851942
SPX,2025-09-12,0.0711771409450635,0.056213710365596636,0.10143269941613689,0.14367753304123437
SPX,2025-09-15,0.0688090426787298,0.056045659293743,0.10166980554188473,0.14227842200284502
SPX,2025-09-16,0.0697563647532267,0.05671528634145759,0.10369866329636454,0.14343253022880553
SPX,2025-09-17,0.0693425135505344,0.05660218421004831,0.10344838606954382,0.14252934905200254
SPX,2025-09-18,0.0672268974153062,0.05603497389505309,0.10176423955227995,0.13977381538284772
SPX,2025-09-19,0.0642359383681465,0.05680165331063462,0.1033531448307155,0.14091599074342365
SPX,2025-09-22,0.0631362500285905,0.057433917514656645,0.10416761235972596,0.1419837779419507
SPX,2025-09-23,0.0588911332639497,0.05849023929445116,0.10588381069748332,0.14424266809367517
SPX,2025-09-24,0.0596455967140121,0.05948893732389997,0.10708699571159475,0.14593093826679404
SPX,2025-09-25,0.0532107179344148,0.060027475689579904,0.10776099424388641,0.14618921621828634
SPX,2025-09-26,0.1534617002862111,0.06092455361645173,0.10924308992727355,0.14775255596127057
SPX,2025-09-29,0.1749195511282821,0.06155401726098075,0.10984799656235586,0.14879815224841364
SPX,2025-09-30,0.1734319842409374,0.06128365134957245,0.10900629810247142,0.1473951010568838
SPX,2025-10-01,0.1738682043584597,0.06183501948983086,0.1093620427329994,0.1475551797488916
SPX,2025-10-02,0.1759782938266522,0.06163349526144204,0.10688007288453455,0.14525922122148238
SPX,2025-10-03,0.1790041625883434,0.06159627118180942,0.10658498145857082,0.14420479968709837
SPX,2025-10-06,0.1870642684895213,0.06160014758872312,0.10672879909043723,0.14340933185151833
SPX,2025-10-07,0.185902437394054,0.062313999706897966,0.10870767620091751,0.14494378571555627
SPX,2025-10-08,0.1850955564588257,0.06278710335699916,0.11010295061286382,0.14578275605006255
SPX,2025-10-09,0.1875484255405299,0.06390783962437399,0.11218272157351414,0.1484901070693543
SPX,2025-10-10,0.1102613598680308,0.06966168378345278,0.12396816125144022,0.16274971456828063
SPX,2025-10-13,0.1012551879743449,0.0867741472954708,0.1522348507412807,0.21094109989554508
SPX,2025-10-14,0.097907769748637,0.08866020251560715,0.15491431626905255,0.21555473457436503
SPX,2025-10-15,0.0995819549659389,0.08669929549056503,0.1516974746120348,0.20861383066989855
SPX,2025-10-16,0.1104422298102885,0.08514945432373562,0.14888252280519668,0.20351440968381762
SPX,2025-10-17,0.1096394346428583,0.0832959450301697,0.13907966670055588,0.19391830732744159
SPX,2025-10-20,0.100133043678193,0.08268671693157394,0.1367044624311247,0.1901766200165676
SPX,2025-10-21,0.121149776184775,0.08349379350681514,0.13764025267404367,0.19175931876607202
SPX,2025-10-22,0.1172639451962893,0.08236630788702001,0.1363993343072476,0.18841333326111992
SPX,2025-10-23,0.1300025834326315,0.08172864494601424,0.13456931767134156,0.18561297114898404
SPX,2025-10-24,0.1224268677793243,0.08158720454648667,0.13828393243264386,0.1846971504558198
SPX,2025-10-27,0.1322288187572161,0.08124731756771318,0.13889858988139753,0.18373759364119008
SPX,2025-10-28,0.1321023851541353,0.08235867788012036,0.140336141337925,0.18685206581073066
SPX,2025-10-29,0.1322312399733658,0.08123373016572084,0.1366346114196342,0.18188641692870472
SPX,2025-10-30,0.1488964463610878,0.08161291726650446,0.13941061341211078,0.18306948915926405
SPX,2025-10-31,0.1474456075353376,0.08303545766256788,0.14100044607135806,0.18571569268425686
SPX,2025-11-03,0.1507957214212977,0.08183691700430296,0.13708592556919239,0.18050781432103943
SPX,2025-11-04,0.1457713559748977,0.08232053178380064,0.13765894126406567,0.18095805903076168
SPX,2025-11-05,0.1458863755666954,0.0841864264319263,0.14123380017588372,0.18647255300663307
SPX,2025-11-06,0.1549531246532005,0.08425333910642219,0.1404950575290839,0.18556599538883392
SPX,2025-11-07,0.1665661563791574,0.08574109112067081,0.14287042243752585,0.19059694930955548
SPX,2025-11-10,0.1667545470609216,0.0865578852586496,0.14777207672929846,0.19274727549169998
SPX,2025-11-11,0.1748196626083712,0.09009132187391498,0.15130173761403434,0.2010414939165091
SPX,2025-11-12,0.179396817131174,0.0891376592072955,0.14961199485489068,0.19745725202229278
SPX,2025-11-13,0.1565550816443813,0.08981257026400313,0.15095136022830324,0.19816728797578184
SPX,2025-11-14,0.1602483913694359,0.09364458801031333,0.15673026317003372,0.20900348681234626
SPX,2025-11-17,0.1494606973860504,0.09106290382037388,0.14904021460624858,0.2004617909108149
SPX,2025-11-18,0.1372569130439854,0.09105666956671324,0.14807762916679632,0.19998219842594753
SPX,2025-11-19,0.137748480402437,0.09080474509353927,0.14872952581140467,0.19991291731548155
SPX,2025-11-20,0.0904073420364603,0.0903578786671876,0.14687733642853543,0.1979642105359932
SPX,2025-11-21,0.0949679645157187,0.09375524303953556,0.1546759215380656,0.20923753764860775
SPX,2025-11-24,0.0706937381044876,0.09455130615896039,0.1589901929544038,0.2121794035211592
SPX,2025-11-25,0.0650243611633061,0.09651089284379953,0.161349158985934,0.21745181493457327
SPX,2025-11-26,0.0586009219360502,0.09600729333539092,0.16073688297708555,0.21574559377586167
SPX,2025-11-28,0.0793152376010572,0.09353944760833427,0.15070982051587137,0.20507705773471138
SPX,2025-12-01,0.0747791756087329,0.09288367070379779,0.15268321544267563,0.20487703172399796
SPX,2025-12-02,0.0743814351427279,0.0914276819023525,0.14932088921320197,0.2000254752099514
SPX,2025-12-03,0.0902306014494254,0.09008505754898163,0.14714662357532488,0.19588924511663114
SPX,2025-12-04,0.102224151802056,0.08906881204973247,0.14494322121467484,0.19247595703253045
SPX,2025-12-05,0.1132922590389546,0.08791105312938276,0.14465151493320388,0.1889245050875022
SPX,2025-12-08,0.1168931855406172,0.08691086709125356,0.1420230470994535,0.1856255960749152
SPX,2025-12-09,0.1183051808578968,0.08607252649190279,0.14173532282218101,0.1837918929389201
SPX,2025-12-10,0.1148143610163335,0.08538030799471871,0.14242791618611284,0.1823491284563803
SPX,2025-12-11,0.1146115799319323,0.08526726375265063,0.14270341054908192,0.18231842293905595
SPX,2025-12-12,0.0997238934151081,0.08494422824875714,0.1434115780113416,0.18311418555082054
SPX,2025-12-15,0.0995598357882556,0.08601109516370684,0.14516373667030283,0.18686475030768762
SPX,2025-12-16,0.1074020772056451,0.08444304849785375,0.14287440216942326,0.18349418262767586
WMT,2025-01-02,0.1513056600296493,0.10672679119798197,0.15834580683651733,0.31507162676341427
WMT,2025-01-03,0.1567835733843143,0.10693191280888992,0.16152934604315744,0.31681374890097697
WMT,2025-01-06,0.1546511646644091,0.1067583250160941,0.16119791994907987,0.31636997071653694
WMT,2025-01-07,0.1476617037339845,0.1061624197061775,0.15865139219224253,0.31415649485933517
WMT,2025-01-08,0.1466040427492592,0.10636781440731193,0.16134369686557815,0.31521780873645755
WMT,2025-01-10,0.1864109606102535,0.10665132643290474,0.1638610427607724,0.315470741763609
WMT,2025-01-13,0.152419507209562,0.10775196356379235,0.16802698738759286,0.32020489418849674
WMT,2025-01-14,0.1330787893471061,0.10805163225762582,0.1684246910847444,0.32101567830512556
WMT,2025-01-15,0.1348236903738749,0.10787485080482377,0.16868847494152223,0.3204969485735827
WMT,2025-01-16,0.1441059021505863,0.10753190787377481,0.16696760842164557,0.3190341937456433
WMT,2025-01-17,0.1479571372216736,0.10695416329551526,0.164805815694468,0.3167188978445202
WMT,2025-01-21,0.1479224139121965,0.10467043507701514,0.15987086291880076,0.3096069348807381
WMT,2025-01-22,0.1491455120400353,0.10541755803477627,0.15839740605723812,0.31101163483854544
WMT,2025-01-23,0.1510814622039407,0.10523659730423401,0.15863058854933465,0.31064707196984476
WMT,2025-01-24,0.198837897143417,0.10491886788340342,0.15776124938554054,0.30986017449206776
WMT,2025-01-27,0.173883139932976,0.10636349058290683,0.16493128638450477,0.31457734979262153
WMT,2025-01-28,0.1780771539439453,0.10617985092809033,0.1671876309251415,0.31536734110403264
WMT,2025-01-29,0.1794405600651708,0.10600056606731048,0.1676316551544553,0.31521804034048784
WMT,2025-01-30,0.1815610191053959,0.10727510487136431,0.169909980794833,0.318921659051569
WMT,2025-01-31,0.1909712806044584,0.10669325295783816,0.16992491060993165,0.3178027906346549
WMT,2025-02-03,0.1891894765217658,0.1076221074343945,0.16739418875608814,0.31793909616252714
WMT,2025-02-04,0.1837935434012435,0.10622575873136429,0.1656967508684159,0.31395133051382357
WMT,2025-02-05,0.3856372258390058,0.10750880267871912,0.1687239859278545,0.31725435282628023
WMT,2025-02-06,0.394089902839275,0.1082474320734045,0.17008571111619025,0.31973612169981336
WMT,2025-02-07,0.3918976195122296,0.10979836159374644,0.1737388511430192,0.3247998022106652
WMT,2025-02-10,0.4511211975242975,0.11006704542233535,0.17655224666196606,0.3254553667667738
WMT,2025-02-11,0.4539163616667419,0.11050248895902622,0.1769585689843907,0.32722806781256863
WMT,2025-02-12,0.4492670273532412,0.10931823603927344,0.17455821276435973,0.32336220004902516
WMT,2025-02-13,0.4560688743794283,0.10909313905259167,0.1756105835746709,0.3234871382999801
WMT,2025-02-14,0.4562346781136889,0.1091865703699755,0.17252079546549537,0.3219916027059938
WMT,2025-02-18,0.4670599729011419,0.10895187388804108,0.17044464057331288,0.32044411920665805
WMT,2025-02-19,0.4745060999261481,0.10677859822417739,0.16665345541862014,0.3159611173240987
WMT,2025-02-20,0.3450691613132108,0.12322479444308222,0.2009424231119168,0.3563660556346029
WMT,2025-02-21,0.3572450609212135,0.12620325268407412,0.2007630425029171,0.36169518040357185
WMT,2025-02-24,0.409845487992272,0.12523539651441679,0.198565258791609,0.35957212173056696
WMT,2025-02-25,0.3103209236374937,0.1374243187756123,0.22786041694067802,0.39622321495315116
WMT,2025-02-26,0.3188417164054731,0.1394143336225669,0.22924962500256557,0.4017241749496747
WMT,2025-02-27,0.3036010696268074,0.13715756145027588,0.2147900785114139,0.3895207464973294
WMT,2025-02-28,0.2801757316911627,0.13702281081468543,0.212500228023356,0.3870673441142119
WMT,2025-03-03,0.3419562521861452,0.13792851459925248,0.21309429588402193,0.3892760258279344
WMT,2025-03-04,0.335598499559695,0.13891549059421565,0.20825263682331802,0.3881354011010567
WMT,2025-03-05,0.332279441406242,0.13834614621748237,0.20778263254076224,0.3866255747864862
WMT,2025-03-06,0.3323771422765502,0.13870007695809872,0.21362001492578436,0.3877693446608361
WMT,2025-03-07,0.3158099715910925,0.1400421362088723,0.21180836514710458,0.3883976351290741
WMT,2025-03-10,0.2570574463886161,0.1443697059144029,0.2181515986440044,0.39922506260023893
WMT,2025-03-11,0.3023854700529731,0.14713581150620747,0.22728207233599312,0.4081466908875615
WMT,2025-03-12,0.274950829967541,0.14714459869482988,0.22026655208054496,0.40418563574986666
WMT,2025-03-13,0.2714276026181425,0.14839945292796614,0.22357036012740744,0.408652895450655
WMT,2025-03-14,0.2692052711894302,0.14861492421142136,0.229445509306355,0.4111968890852128
WMT,2025-03-17,0.2859337354211908,0.14828373282168367,0.22603158162855663,0.4077673206426692
WMT,2025-03-18,0.2611956665773148,0.15021803859875038,0.23043593847376437,0.41372403459846563
WMT,2025-03-19,0.2622453704898849,0.15014087849149532,0.22769189188334132,0.4123249625777743
WMT,2025-03-20,0.3064267796581554,0.15000141401191025,0.2269852963864197,0.4137922688535771
WMT,2025-03-21,0.393919815150887,0.15001118655801565,0.22762963799527097,0.41405707860345853
WMT,2025-03-24,0.3824450800100745,0.1491880465292139,0.2277936225396822,0.41063155522459205
WMT,2025-03-25,0.3696903508443924,0.1501309994211525,0.22953510772985458,0.4156939843018268
WMT,2025-03-26,0.6043769322695921,0.15032590127887085,0.23098000953796025,0.4160323403675804
WMT,2025-03-27,0.6051707788300632,0.1501433255784851,0.2311701875144816,0.41575822251714456
WMT,2025-03-28,0.6078978983277517,0.14954468826735157,0.2300899796898464,0.41466985892568764
WMT,2025-03-31,0.5998465617580596,0.15147451196732253,0.2375179347508441,0.4193748104012873
WMT,2025-04-01,0.6042332394011884,0.1504882391126307,0.2293919031032021,0.4123992229459841
WMT,2025-04-02,0.6288654199263836,0.15043774977739838,0.22962727772128558,0.4121508965151609
WMT,2025-04-03,0.6125194552633312,0.1482834934211577,0.2313683242002328,0.40829685860022735
WMT,2025-04-04,0.5428809730048966,0.15468124602570782,0.24498632414795696,0.42703857952495294
WMT,2025-04-07,0.5480110246873058,0.15846565975171706,0.24712646064330374,0.4368796416744589
WMT,2025-04-08,0.5134742277863955,0.15769165495859616,0.2435717055086486,0.43289179024380453
WMT,2025-04-09,0.2878737406832012,0.1761268317144049,0.29445020099718244,0.48276209072759424
WMT,2025-04-10,0.2953839917362904,0.1992643850324881,0.32832707286091545,0.548955295120547
WMT,2025-04-11,0.2756801164473099,0.18003411058805519,0.2910522891170417,0.4877400668245444
WMT,2025-04-14,0.2598500908687018,0.1968690578110589,0.3175974275212657,0.5358503234800094
WMT,2025-04-15,0.2594735703104247,0.18026714804894112,0.28770350658495963,0.4859000332746257
WMT,2025-04-16,0.1823635345766749,0.17870655111981415,0.26922390436224075,0.47308204772002393
WMT,2025-04-17,0.1667384043694479,0.19261604103494168,0.2937057405712863,0.5133847076315154
WMT,2025-04-21,0.1460398608996041,0.19376146710146552,0.2964897614576993,0.5158549290699052
WMT,2025-04-22,0.1206276074372869,0.19462859387525816,0.300364549289062,0.5181254411617886
WMT,2025-04-23,0.1198803246600872,0.1945763425175016,0.3014130881769775,0.5194993247324269
WMT,2025-04-24,0.1462799379561297,0.19292804319453305,0.3013752540336085,0.5107783455079864
WMT,2025-04-25,0.1415790684523353,0.19231135038705843,0.2997591103578649,0.5088835844555506
WMT,2025-04-28,0.1417982291142546,0.18995585996256587,0.2957183849376919,0.5016545231735503
WMT,2025-04-29,0.1458574634451257,0.18797888629813936,0.2886424593122813,0.49357819888446475
WMT,2025-04-30,0.1399944514801006,0.18716007288060865,0.2892524172265119,0.4918648386014316
WMT,2025-05-01,0.1414952750697625,0.18488166072845907,0.2889538415293513,0.4854041911768957
WMT,2025-05-02,0.1598217006964036,0.18202121533698096,0.28417048098556413,0.476855834638064
WMT,2025-05-05,0.1561239862760881,0.16600255979078204,0.2600510893361853,0.4314283738985776
WMT,2025-05-06,0.1520789659332875,0.16574434931506182,0.26378026749630357,0.43258848993107046
WMT,2025-05-07,0.164849504502437,0.16484896124656123,0.26161494572793165,0.43058340156048946
WMT,2025-05-08,0.1520799086241684,0.1649650554291287,0.2629506241422326,0.4367841984852917
WMT,2025-05-09,0.1529794174365244,0.16967527247038494,0.2673395736813617,0.44931983024013444
WMT,2025-05-12,0.1667894088783432,0.1639343311652912,0.25733733265111985,0.4328091020185747
WMT,2025-05-13,0.1597623744678052,0.1625244815007133,0.25469138237919464,0.4290892098068879
WMT,2025-05-14,0.1529511361601988,0.1624103932039554,0.25739746301051164,0.42966033840322126
WMT,2025-05-15,0.1695188463936336,0.16166846339183955,0.25415256363498123,0.42773894872906204
WMT,2025-05-16,0.1492952959149982,0.15546634021158257,0.2481596189258218,0.4178764785356682
WMT,2025-05-19,0.1485003481552842,0.15641886093153262,0.2496303424054493,0.4218723843840172
WMT,2025-05-20,0.1522088279504714,0.15547698877012622,0.24691013053975044,0.4195052395486738
WMT,2025-05-21,0.1521582583727476,0.15158734465724066,0.2411038829145519,0.411157425460311
WMT,2025-05-22,0.151931645789115,0.15210685567856785,0.24203326453212895,0.4130508136354968
WMT,2025-05-23,0.1513863322687448,0.1505850583930567,0.23458629998156286,0.4061722430138849
WMT,2025-05-27,0.1368781135434009,0.15015354345486448,0.23696467868739057,0.4065494656973
WMT,2025-05-28,0.1572567471308102,0.15077512003289906,0.23791288681696,0.4085520980940822
WMT,2025-05-29,0.1631806032244075,0.14850971466235424,0.23180582904556343,0.40209500537626414
WMT,2025-05-30,0.1245147071298017,0.14843069030931577,0.23301996602344968,0.40187005145099164
WMT,2025-06-02,0.0948959239739343,0.15003387953950237,0.23688556316727208,0.4068767238940102
WMT,2025-06-03,0.0898282540547251,0.14830085714581248,0.23362117494969442,0.40340374045923444
WMT,2025-06-04,0.1163189278214825,0.14420469096246186,0.2270921445737303,0.3952639581233657
WMT,2025-06-05,0.1248705499028735,0.14471664735612866,0.2299079641834289,0.3974902912583542
WMT,2025-06-06,0.1579979487215573,0.143947515041425,0.2254240068046418,0.39538682384749757
WMT,2025-06-09,0.1580183131206058,0.14267777580114338,0.22056362593678464,0.3905239617928805
WMT,2025-06-10,0.1631446971124572,0.14178967428755596,0.21889580454025573,0.3876294183097887
WMT,2025-06-11,0.1558014006506469,0.1411418726531133,0.21769588562293862,0.38663471521024206
WMT,2025-06-12,0.1557754109906261,0.1416819584528316,0.21693504848719186,0.3886047684069761
WMT,2025-06-13,0.1515952533112824,0.1416678513955266,0.21838720223772928,0.3886257261556866
WMT,2025-06-16,0.1489757210531786,0.14097980185779113,0.21818016563011594,0.38718904982904667
WMT,2025-06-17,0.1569315939354199,0.1404367602493729,0.2176122889792918,0.38567655927225497
WMT,2025-06-18,0.1558796755445138,0.13967075071614093,0.21600829956735676,0.3838292852857341
WMT,2025-06-20,0.1549154050322898,0.13799523280060766,0.21305041739288133,0.3807896784844014
WMT,2025-06-23,0.1805239003275319,0.13920913067758,0.2157169218558434,0.38414028052951743
WMT,2025-06-24,0.1803730299194417,0.1412081993613853,0.21810996590606713,0.3896446424496274
WMT,2025-06-25,0.2029505985361816,0.14059480923279563,0.21861110650839527,0.3889552170540155
WMT,2025-06-26,0.1953915303669866,0.13952036564197937,0.21921259591219222,0.3881052437187018
WMT,2025-06-27,0.1988324594484002,0.14011710307050523,0.22110773716025234,0.3897554323968784
WMT,2025-06-30,0.1954156743732686,0.1399437963572847,0.2185630564689317,0.3883990745342759
WMT,2025-07-01,0.1913191626579138,0.137551047098721,0.21525152818949916,0.3833896893076021
WMT,2025-07-02,0.1907864557250757,0.13199124639601711,0.20537076462752493,0.3719888089396388
WMT,2025-07-03,0.1827528938202998,0.13115674452009285,0.20160130155848766,0.3680886520248039
WMT,2025-07-07,0.1762555342425705,0.12936118165623134,0.19852401827320681,0.3641802429416574
WMT,2025-07-08,0.140945308917888,0.1125299457930209,0.1754503591670888,0.3358178684257801
WMT,2025-07-09,0.1407014729672887,0.11592391924209831,0.1800547638658277,0.3457261744064121
WMT,2025-07-10,0.1011362770488319,0.1144283100814243,0.17779352017401123,0.34220633032966663
WMT,2025-07-11,0.0993733016245916,0.11525400705585065,0.17739990405022946,0.34523365019206875
WMT,2025-07-14,0.0768133555370946,0.11462587098991917,0.1784881163975831,0.34358946473621776
WMT,2025-07-15,0.073276182165004,0.11173609597490518,0.17121814607764685,0.3368334712742762
WMT,2025-07-16,0.0870313157513392,0.10908024526930492,0.1671193640542662,0.33063462721172876
WMT,2025-07-17,0.0854049000827072,0.10712939757646016,0.1601791243258307,0.32333140396000437
WMT,2025-07-18,0.0837530196140083,0.10387778572235622,0.15489001619092785,0.31608872524865694
WMT,2025-07-21,0.0911527628524773,0.10281801360132202,0.15077610729424357,0.31144472666941536
WMT,2025-07-22,0.0970876025974646,0.10221294287504824,0.15093255949894727,0.3101681187436463
WMT,2025-07-23,0.2022489068521335,0.1015206685809838,0.14963372879421455,0.30832794996966906
WMT,2025-07-24,0.207938562137239,0.10167952882733469,0.15344618652334077,0.3090887021324815
WMT,2025-07-25,0.2075027231329528,0.10216142786787953,0.1547747107660255,0.3106404674782034
WMT,2025-07-28,0.2071999291309693,0.10180459107091097,0.15535010060662688,0.3104403390245726
WMT,2025-07-29,0.212135949864321,0.101298940562372,0.1551142643711182,0.30877875169412183
WMT,2025-07-30,0.2575171440210332,0.10098397070963959,0.15561040217282418,0.3092913438253637
WMT,2025-07-31,0.2585992405062716,0.1003879194265201,0.15434161768502366,0.30737894497257096
WMT,2025-08-01,0.2619982363652223,0.09904630476779315,0.15196554465068673,0.3033501923161418
WMT,2025-08-04,0.2586689048716939,0.09860906726079478,0.15266268025963037,0.3021902038185059
WMT,2025-08-05,0.2584238343231611,0.09797333966453649,0.15142322761692817,0.30202786683111904
WMT,2025-08-06,0.1665709870888701,0.10404042619076219,0.16722485038980953,0.3167736349589909
WMT,2025-08-07,0.2831321257845042,0.117438549683048,0.18808811818814342,0.3567058928525557
WMT,2025-08-08,0.2780275229294259,0.11431182840386196,0.18350671788794798,0.3479764618838782
WMT,2025-08-11,0.2738847885632301,0.1121289439439075,0.1805388806336377,0.34217077114014205
WMT,2025-08-12,0.2755541963442777,0.11048301215472019,0.17762216955280258,0.33749696072382074
WMT,2025-08-13,0.2573806189436949,0.10953852127683145,0.1678326943257007,0.3300852260404721
WMT,2025-08-14,0.258142701173097,0.11297359015519808,0.17299797373374284,0.3400958302374264
WMT,2025-08-15,0.2666482856717759,0.11123172602393455,0.16857802191098664,0.3342447454897187
WMT,2025-08-18,0.2688814335014143,0.10970533083279548,0.1677450682901853,0.3309125982862873
WMT,2025-08-19,0.2827950666108728,0.10890054057065472,0.16779937199811726,0.3291110576122455
WMT,2025-08-20,0.286312612131944,0.10749395708347152,0.16489880255402523,0.3219242293952048
WMT,2025-08-21,0.1487535598079926,0.11633076646031075,0.18652150757561703,0.3468398399153828
WMT,2025-08-22,0.1426352450855483,0.13100641541426222,0.20874226919633995,0.38915362409634424
WMT,2025-08-25,0.1264203752933136,0.12904440125396727,0.20445709487916375,0.38272682054366136
WMT,2025-08-26,0.1764020270434564,0.12598366515331264,0.1988132224709624,0.3743004426807258
WMT,2025-08-27,0.1949693740492775,0.12288228458819712,0.19233208561786486,0.3644520403245215
WMT,2025-08-28,0.1918201706381192,0.11879046669569872,0.17371784863176637,0.3465365123612719
WMT,2025-08-29,0.1934391950276693,0.11729650725790718,0.17187928088208193,0.3421797111279699
WMT,2025-09-02,0.1983071030044242,0.11586936597230248,0.1689589385374164,0.33788553974439717
WMT,2025-09-03,0.1902898276247139,0.11599830431440235,0.1711162339183327,0.33826450135257236
WMT,2025-09-04,0.1886001888030847,0.11712500200045826,0.17305443196490916,0.3419271969868429
WMT,2025-09-05,0.2008736245408071,0.11773190332445872,0.1813084731678716,0.3444321594548223
WMT,2025-09-08,0.1824294326834445,0.116658882656736,0.18154468884785435,0.3414353499325562
WMT,2025-09-09,0.1832561809930796,0.11746665924916878,0.1845050423014022,0.344691383230895
WMT,2025-09-10,0.1503936485588965,0.11788589981851862,0.18631986992536528,0.3467306607893771
WMT,2025-09-11,0.1033322835070131,0.12062694640745523,0.19255301286804516,0.3544783615184928
WMT,2025-09-12,0.094146086945146,0.1227070166686231,0.19577972939734453,0.36014284456575324
WMT,2025-09-15,0.0933115664886761,0.12129589293456144,0.19233798821169645,0.35561653673759064
WMT,2025-09-16,0.0926347418671429,0.11972110125297832,0.1896792041035187,0.3513226780355542
WMT,2025-09-17,0.0925104583220271,0.11704936614314813,0.1811569266837667,0.3416598518796289
WMT,2025-09-18,0.0895721773724123,0.11618921991270013,0.17695357435941292,0.33779407794857674
WMT,2025-09-19,0.0712306021783088,0.11595949506814836,0.17660989494191565,0.3394821974416692
WMT,2025-09-22,0.0742245884473211,0.11586655614526568,0.17779728304565792,0.34011827153857344
WMT,2025-09-23,0.0768566711069227,0.11474823337535457,0.1758048305883966,0.33730336337478983
WMT,2025-09-24,0.0788913762299266,0.11370132681959215,0.17426136169865855,0.33361550792269973
WMT,2025-09-25,0.0945375714116639,0.11298965312046667,0.1753914932773131,0.3316122540487336
WMT,2025-09-26,0.0942961141286486,0.11168052735173566,0.17005684811447763,0.32611750033515396
WMT,2025-09-29,0.0964636803198888,0.11090208543293854,0.1683130908842062,0.3237448824496626
WMT,2025-09-30,0.2672672202059168,0.11000171112556491,0.166122911191715,0.32101683724317753
WMT,2025-10-01,0.2606158329187351,0.10887574059089734,0.16712550160789,0.32069797619650875
WMT,2025-10-02,0.3004122181309427,0.10948803820598087,0.16738944115111734,0.32241662773645474
WMT,2025-10-03,0.3024581029487929,0.10781248235941897,0.16617209109234837,0.3191314326408496
WMT,2025-10-06,0.308026682256139,0.10759320997694002,0.16705755012503776,0.31943709300130463
WMT,2025-10-07,0.3136207498458853,0.1071304767323855,0.16689240024448326,0.31874910730091943
WMT,2025-10-08,0.3127903776244584,0.10647133476489198,0.16319085708862768,0.31624895084583793
WMT,2025-10-09,0.3041570144310813,0.10687388977332722,0.16514125584775957,0.3189171815567002
WMT,2025-10-10,0.3090111211540823,0.10748390335170784,0.16585697935299826,0.320746165101189
WMT,2025-10-13,0.325541718813617,0.10681800380229041,0.16423738231748203,0.3184987105398914
WMT,2025-10-14,0.2035671291125177,0.11515116701739962,0.188276825801494,0.3410901054855026
WMT,2025-10-15,0.1677979484943487,0.13311569279017169,0.21626475808913925,0.39220952465358006
WMT,2025-10-16,0.136682865466877,0.13432767043668076,0.21851899654533297,0.39511937737055225
WMT,2025-10-17,0.1067614346592205,0.13541436537692259,0.2202882148301372,0.39809353463424335
WMT,2025-10-20,0.1186447798551175,0.133765107205014,0.21810999520671925,0.393678211444754
WMT,2025-10-21,0.1314495873405756,0.13020331478317462,0.20217619104515439,0.3782110331855747
WMT,2025-10-22,0.1125451704239505,0.12831589346866978,0.19786370889418806,0.3717230039949273
WMT,2025-10-23,0.1181491061160077,0.12608947489814926,0.18971508821407018,0.36297296381240374
WMT,2025-10-24,0.136476119083267,0.12444830486000463,0.18463382659387262,0.3570195881075161
WMT,2025-10-27,0.1166277019828668,0.1246100073327116,0.18544930366936385,0.3575484522777701
WMT,2025-10-28,0.1142012156280113,0.12556143308267184,0.1920971347547727,0.3602668007147485
WMT,2025-10-29,0.1071077014295793,0.12484930690855622,0.1883190183456689,0.356239374765423
WMT,2025-10-30,0.1170340815396366,0.12002387008623784,0.1819041049002426,0.3462787779401404
WMT,2025-10-31,0.1014469033210071,0.11934205187018031,0.18150586676332928,0.34389417505435393
WMT,2025-11-03,0.1018872209108746,0.11944020486488603,0.18249048997690862,0.34483274434128763
WMT,2025-11-04,0.1262886698625688,0.11903286785182932,0.18206686827424368,0.3437366984288521
WMT,2025-11-05,0.1260883892543398,0.11891289948610066,0.1824382184400087,0.34328414439256427
WMT,2025-11-06,0.3437218032769675,0.11710441186297257,0.17949894501192626,0.3399272282149559
WMT,2025-11-07,0.3598916593649966,0.11666697709886012,0.17746034686742623,0.3378970355302615
WMT,2025-11-10,0.367049983916724,0.11675030550591782,0.17849776394842012,0.3383241357517631
WMT,2025-11-11,0.3888593447189739,0.11656535160627877,0.1794305627731186,0.34033688155676467
WMT,2025-11-12,0.3962931803606943,0.11648596951423083,0.17759414011692515,0.3396714589107894
WMT,2025-11-13,0.3895962381049473,0.11619298419162895,0.1785556875595014,0.34077716347719833
WMT,2025-11-14,0.3870079704158799,0.10993016062189191,0.16798828986027667,0.32856626542107764
WMT,2025-11-17,0.3864351836126928,0.10901943109532282,0.16697650307378645,0.3264225607806699
WMT,2025-11-18,0.3637064396854497,0.10943587166570991,0.1667990150730435,0.32729226327731464
WMT,2025-11-19,0.3505350537296619,0.11104403537386338,0.16870033682572866,0.33181164693859266
WMT,2025-11-20,0.2185401256922917,0.1247396899731857,0.20558042229635504,0.3674131631625875
WMT,2025-11-21,0.2087898584473332,0.14854201173818699,0.24223927260960823,0.43641181103905735
WMT,2025-11-24,0.1788125398043126,0.14463150425494464,0.23623585009944859,0.4252717060669122
WMT,2025-11-25,0.1930882313093038,0.14239571486907887,0.23335965563338995,0.41678010635244966
WMT,2025-11-26,0.1952060216081276,0.14314982653017733,0.2337433290327743,0.41785290141640663
WMT,2025-11-28,0.194575713339834,0.13973228533503262,0.21785127880106336,0.40228897597118873
WMT,2025-12-01,0.1948826414638054,0.13670751911897885,0.20938755861583067,0.39140654107025336
WMT,2025-12-02,0.2106271271267599,0.1332348742891491,0.19830046469601864,0.37878349254941057
WMT,2025-12-03,0.1938508254468058,0.13140391052632583,0.1944565451837541,0.3712838041962379
WMT,2025-12-04,0.19771699481712,0.13052397629790202,0.19381452403417598,0.36989302582608613
WMT,2025-12-05,0.1983999408205306,0.12797968469175475,0.19622891181071495,0.36376939465340496
WMT,2025-12-08,0.2022174268118468,0.12800788344158526,0.20073256798333128,0.3654818630338508
WMT,2025-12-09,0.1981876032879442,0.12864243263817388,0.20426360631297463,0.3672915361323129
WMT,2025-12-10,0.1892338344690101,0.12955565139577174,0.20454361827048678,0.3690729726573484
WMT,2025-12-11,0.1476105308353527,0.13153306604767723,0.21185050110466,0.37554327868710546
WMT,2025-12-12,0.1342970893293553,0.13312907455605116,0.21551563404407853,0.3805036390093846
WMT,2025-12-15,0.1321884515889934,0.1316902033101789,0.21084837224631925,0.37564298490903203
WMT,2025-12-16,0.1254508248156903,0.1310565237582913,0.20954982844062453,0.37364009460507297
